,iteration,median_filter_window,category_count_score,f1_per_timestamp,f1_per_annotation,f1_per_prediction
0,0,3,0.2813386630584745,0.7791278371552197,0.7277845488389114,0.4663408164277888
1,0,5,0.3661107945539903,0.7849637812089283,0.7366607174959694,0.4959816441571584
2,0,7,0.43272111440231,0.7905326856168808,0.7359421592083287,0.5241329773135761
3,0,9,0.4825721690113712,0.7950261533835548,0.7325083521699521,0.5460686434856115
4,0,11,0.5274567447961805,0.7989070043896895,0.7311428813680241,0.5672656015686339
5,0,13,0.5769641332193512,0.802657655713327,0.730950276889871,0.5857807546183047
6,0,15,0.6162372168202188,0.8060753808789225,0.7276365736158413,0.5994970613712287
7,0,17,0.6441378787135458,0.8080564532215199,0.7273137244434162,0.6095331867125785
8,0,19,0.6700764147686237,0.8101103521286032,0.7237776630525625,0.6231609518981356
9,0,21,0.6909362806971345,0.8117936721753373,0.7199388326479248,0.6360327878408264
10,0,23,0.7013419083618266,0.8132737214228682,0.7132363321896192,0.6430723040658624
11,0,25,0.718886315108372,0.8150733317458537,0.7094673082392765,0.649731294762359
12,0,27,0.7281589091095702,0.8162989565084571,0.708390136312345,0.6564328380945804
13,0,29,0.7367847363146098,0.8172143740887885,0.7060200780242373,0.6702912482858199
14,0,31,0.7290107547556832,0.8193587202409038,0.7050796746179556,0.6778832798557329
15,0,33,0.7334284946762712,0.8203224153274195,0.7000592694176452,0.6834291324278262
16,0,35,0.7245738754728652,0.8214091192401108,0.6956863029077918,0.6897204748298782
17,0,37,0.7293320400037061,0.8223219354085354,0.694417078918861,0.6965376340588885
18,0,39,0.7252204065552534,0.8240086547975402,0.6938055762304585,0.7032123121568944
19,0,41,0.7210011677377495,0.824662568789896,0.6898498002832336,0.707850492957285
20,0,43,0.7201523800810464,0.8256690838934008,0.6867319547172739,0.7122322351190333
21,0,45,0.7259110683940397,0.8256710513549885,0.6821483894232395,0.717369810298765
22,0,47,0.7307763971136225,0.8264234165807584,0.6818824308703297,0.7211397444836563
23,0,49,0.732529024063711,0.8272177272064959,0.6806762000058586,0.7259589875981522
24,0,51,0.7350893693548388,0.8278427698018969,0.6777791538407766,0.7293242719846682
25,0,53,0.734303780519127,0.8286428183961577,0.6746434202951849,0.7338722926404064
26,0,55,0.7367213968115267,0.828662694114423,0.6712182896421353,0.7349797287511477
27,0,57,0.7353963608441977,0.8296723197716724,0.6677114763152598,0.746220980856164
28,0,59,0.7370469813435867,0.8300272912131542,0.6645206599243867,0.7457400265169959
29,0,61,0.7309032670274891,0.8304999297903715,0.6608515052408381,0.7533882440237599
30,0,63,0.7398685328303449,0.8305790281818394,0.6545335614811192,0.7526040301111738
31,0,65,0.7473183178895397,0.8310341389114339,0.6495094230752937,0.7591890360889184
32,0,67,0.7422260716022724,0.8311553821174366,0.647334950113075,0.7675449231714637
33,0,69,0.739320058729174,0.8310105781628256,0.6458626811532505,0.768739973717877
34,0,71,0.739615745789133,0.8306847081285229,0.6430636744108061,0.7698488238615029
35,0,73,0.7493133790618154,0.8304515396347509,0.6377853204192188,0.7697249922597218
36,0,75,0.7453556172807732,0.8307866237492298,0.6358293483334716,0.7722553570611097
37,0,77,0.7469635037680179,0.831492861795273,0.6337633446715063,0.7766101402632246
38,0,79,0.7367613794291772,0.8309994256737518,0.6291402698691126,0.7780324259821292
39,0,81,0.7364328117708954,0.8315231540036152,0.627360864146487,0.7798866041259822
40,0,83,0.7124774219973719,0.8306350303747219,0.624143641731018,0.7792181222973752
41,0,85,0.6991421013182031,0.8307628288933078,0.6216274765598812,0.7862119373112886
42,0,87,0.6869588108458328,0.8312673587691493,0.6195183341409203,0.7940695701686713
43,0,89,0.6824867575565695,0.8306292123921637,0.6176402243305605,0.789796820801771
44,1,3,0.2824504307902914,0.7806373684851018,0.7248933478274842,0.4668968164252014
45,1,5,0.3694656202263529,0.7865107280443964,0.7320033458407906,0.49691643258254525
46,1,7,0.43408687178040184,0.791646042788381,0.7324304270328161,0.5234459635182838
47,1,9,0.49355968104807635,0.7968784847418096,0.7329283820738023,0.5480065146468183
48,1,11,0.5458001841353322,0.801198020436857,0.7309521122902137,0.5699407637448181
49,1,13,0.5886708208429168,0.8046513827670283,0.7323716004624368,0.5921232262512158
50,1,15,0.6248330203392455,0.8073067817496464,0.7299234341975177,0.6056012728622115
51,1,17,0.6523260879532555,0.8094705445414629,0.7276577760614291,0.61576858078915
52,1,19,0.6723906343953465,0.8120792966746884,0.7258616422931983,0.6296079344092187
53,1,21,0.6901121866226136,0.8138722134394234,0.7217305741644698,0.6376885520881139
54,1,23,0.708711226679469,0.8167308308652718,0.7194300587515657,0.6519166683047561
55,1,25,0.7242970623510461,0.8189139490644722,0.7139296583827647,0.6646286217603887
56,1,27,0.7327875318516219,0.8212127113961183,0.713833183712218,0.6747088444912758
57,1,29,0.7349173027396955,0.8227329804496131,0.7134951709883359,0.6854895552903391
58,1,31,0.7314791342552995,0.8243927632046201,0.7121695568700093,0.6911577182370264
59,1,33,0.7331549261496586,0.8262407641952667,0.7083280296378298,0.7005580202916006
60,1,35,0.7356967903211883,0.8277195190765072,0.7062001755354598,0.7071978353971105
61,1,37,0.7350105223047122,0.8278153007718068,0.7021863128035304,0.7099944149512466
62,1,39,0.7311965280739656,0.8288214763081971,0.6978295462535623,0.7158880040408571
63,1,41,0.7303631819137828,0.8296356973450301,0.6958802105281074,0.723043299032136
64,1,43,0.7289866279509184,0.8299777710325954,0.6937382535599362,0.7254069137259831
65,1,45,0.7289686615005692,0.8307707823645641,0.6894051186700301,0.7313337845711313
66,1,47,0.7304364526295932,0.8308294534258525,0.6866345739068616,0.7331403790631708
67,1,49,0.736954507201545,0.831267886813062,0.684014746941509,0.7431166638528508
68,1,51,0.7360136745298633,0.831413076445405,0.6824397779593669,0.743438647901975
69,1,53,0.7383245862524671,0.8320682451727767,0.6774852211771255,0.7481912612525463
70,1,55,0.7452124943650895,0.8323038031998766,0.6704729686484505,0.7536538368810971
71,1,57,0.7553173363957374,0.8324812322414369,0.6687231856249094,0.7571029037656739
72,1,59,0.7561011738831602,0.8330471314373887,0.6625864518794216,0.7621897441195348
73,1,61,0.750773157464853,0.8335709279253911,0.6599799400889345,0.7695276235180278
74,1,63,0.7525933520423853,0.8339891377940898,0.6578601691736911,0.7731830631362107
75,1,65,0.745310123589278,0.833751779704593,0.6525982409050547,0.7763538185130547
76,1,67,0.740807720670248,0.833554489123929,0.6486525730946383,0.7838090403242578
77,1,69,0.7382450493550332,0.8336924361441244,0.6475152620016531,0.7834312293819221
78,1,71,0.7426422571659261,0.8345518559447458,0.6449724755565971,0.790336468003856
79,1,73,0.7427087388889404,0.834380369468326,0.6415323762312032,0.7876085474146367
80,1,75,0.7375170476177405,0.8340906825651935,0.636509650932311,0.7891495717550256
81,1,77,0.7352536205712902,0.8338270244766499,0.634100788362404,0.7874015421331371
82,1,79,0.7263500915428409,0.8334066715712838,0.6287800687226882,0.7847817358620722
83,1,81,0.7246994919885075,0.8329394099786713,0.6249682352158838,0.7802661262745865
84,1,83,0.7008076464033087,0.8332117788946529,0.6237971750319191,0.7888972232847489
85,1,85,0.6928067888235616,0.8333358941486835,0.6212810587675045,0.7891728178535076
86,1,87,0.6752276696939695,0.831957924888075,0.6160984204331444,0.7933335978030676
87,1,89,0.6656212168950819,0.831942173523051,0.6153571687857974,0.7940346304444091
88,2,3,0.2863471423763677,0.7840388726913157,0.7366257009956169,0.46807822977034685
89,2,5,0.3700808604893165,0.7897850907256161,0.740082976304306,0.501027035315262
90,2,7,0.4395499897600224,0.7949906081384509,0.7367302496272168,0.5276913401248939
91,2,9,0.4951500413518751,0.7996408312660511,0.7374426966278461,0.5504495926878225
92,2,11,0.5481590755391177,0.8039873095075979,0.7355808163161891,0.5717900262546064
93,2,13,0.5957731813776507,0.8077697085808389,0.733752546082006,0.5958440526263956
94,2,15,0.629304072024419,0.8100301768924887,0.7334478023338373,0.6064571377973559
95,2,17,0.6628819465565791,0.8128181147868082,0.7316971762808617,0.6194494916639102
96,2,19,0.6750779215728767,0.8150767999320888,0.7277386122672235,0.6310207866170465
97,2,21,0.6931389473368004,0.8173569636347916,0.7239764879137248,0.6427386396131836
98,2,23,0.7132520707674327,0.8190466703188093,0.7181514781975823,0.6569919243637525
99,2,25,0.7272450258949978,0.820553060762843,0.714156111153169,0.6665728862921999
100,2,27,0.7355891193716786,0.8225320302498444,0.7130764416056177,0.6756324546097972
101,2,29,0.738003410835144,0.8241223976266396,0.7119455862246369,0.6857228643217568
102,2,31,0.7316149175366868,0.8254956550136823,0.710351044620303,0.6932213999183293
103,2,33,0.7290167790299742,0.826473868868316,0.7067972102991947,0.6965092555745029
104,2,35,0.722682866984469,0.8281317259566526,0.7028627839167648,0.7062599036069419
105,2,37,0.7252068576835894,0.8292331001813463,0.7023181096276947,0.7133469812340905
106,2,39,0.7261143258369656,0.8297531067181735,0.69646722690343,0.7163814698837689
107,2,41,0.7353305000510643,0.8304307897637415,0.6936886239610125,0.721810788588811
108,2,43,0.7353742466643077,0.8306304337216975,0.6908138604805152,0.7254203024129817
109,2,45,0.73897368748909,0.8314169447768527,0.6907136369520525,0.730525257030282
110,2,47,0.7410351833965085,0.832307959729423,0.6863134200332667,0.7335912782938063
111,2,49,0.739627070600318,0.8319874924212313,0.680352363330954,0.735541138297627
112,2,51,0.7323745539333948,0.8331271379027942,0.6795586208216118,0.7358473268800848
113,2,53,0.7311131897894161,0.8337964430358213,0.6747161796016601,0.7417317554386115
114,2,55,0.7408770436939065,0.8346148976887334,0.66908022947738,0.7549866594064729
115,2,57,0.7489095709980771,0.8349222881174304,0.6669852560875181,0.7592727297984386
116,2,59,0.7509125974604554,0.8352426065296579,0.666045646082716,0.7664720254228334
117,2,61,0.7460891776675532,0.8352422612012814,0.661445819337283,0.7704176529325196
118,2,63,0.74604884760588,0.8351383510777453,0.655531880659162,0.7719619609623919
119,2,65,0.7426978703808895,0.8362569909327144,0.6555857379006449,0.7777187996834545
120,2,67,0.7413643100340722,0.83694652864347,0.6516428283673217,0.7811207031575979
121,2,69,0.7350329526599362,0.8367438204041264,0.6486298448563005,0.7772216496880028
122,2,71,0.7421655922371797,0.8369515453627836,0.6461924681907223,0.7806672526684473
123,2,73,0.743171415879542,0.8372075471304241,0.6438401650527896,0.7830059108699852
124,2,75,0.7522175764462387,0.8375251928017767,0.6403759553158465,0.7836359846786072
125,2,77,0.7407216077804092,0.8373219621752226,0.636919185582161,0.7814910343566481
126,2,79,0.7349260999723641,0.8372977423293315,0.6336318242456026,0.7924830888646075
127,2,81,0.7001191167254301,0.8372931102892116,0.6311773617178151,0.8053849776479199
128,2,83,0.6890940812762854,0.8369897063080041,0.6274080999363019,0.8053156480086467
129,2,85,0.671682785205422,0.8363665636955346,0.6235498061387498,0.8076243953548525
130,2,87,0.672192424736826,0.8364118478284216,0.622964413462209,0.8087125940890557
131,2,89,0.6586576932210059,0.8362185585538776,0.6198548105191588,0.8145066680323134
132,3,3,0.2794351699169857,0.7811308465333321,0.7285122893493385,0.4596610849214247
133,3,5,0.36406444632122903,0.7879093261515353,0.7320246227969965,0.4943057655307607
134,3,7,0.4299218966809071,0.7929425447052574,0.733379754922319,0.5185844971426827
135,3,9,0.4887857229623457,0.7977567312729816,0.7319461262149755,0.543518667995513
136,3,11,0.5378349203278151,0.8026824793702303,0.732332556166374,0.5650677843751527
137,3,13,0.5774424954531457,0.8056396020679237,0.7326467362035597,0.5813680729500816
138,3,15,0.6144581982921709,0.8081306288335637,0.7321364880943965,0.5978406465610046
139,3,17,0.6502695103665918,0.8114506533541224,0.7297009934625733,0.6139245272791394
140,3,19,0.6725627243436398,0.8133876972989336,0.7296955129247007,0.6252738651064802
141,3,21,0.6853150224701645,0.8150826400420985,0.7240956703349037,0.636171954294725
142,3,23,0.7038561592931983,0.8167941396632561,0.7195541940174282,0.6460419063336111
143,3,25,0.7193239533057197,0.8179065528621223,0.7141583571467455,0.6543591351524609
144,3,27,0.7216584785603848,0.8201678820525735,0.7134791307817079,0.6615354232364881
145,3,29,0.7208186494142984,0.8219284662032211,0.7101444849779618,0.6714789758949068
146,3,31,0.7202272132235474,0.8230576846108654,0.7068685941061494,0.6791675863011238
147,3,33,0.714199365985748,0.8247004963168367,0.7007540067774816,0.683174247026365
148,3,35,0.7174485616283675,0.8256375094412178,0.6983937084736166,0.6895914808373317
149,3,37,0.7175679522338017,0.8266617649844139,0.6945986217024387,0.6914264944793244
150,3,39,0.7193339179181556,0.8277348002501503,0.6923644785499158,0.6998815198070948
151,3,41,0.7180343700097707,0.8285200080915829,0.6878412892605101,0.7075086230366511
152,3,43,0.7276009098739384,0.8292738514896381,0.6835324742341342,0.7162402558995264
153,3,45,0.7342392922893121,0.8295845018142123,0.6791898728863869,0.7227477573812155
154,3,47,0.7310315006891108,0.8300986330338218,0.675239473966138,0.7265822353649314
155,3,49,0.7360859067711972,0.8314095801972694,0.6718509317242617,0.7330886753426731
156,3,51,0.7332198891840764,0.831981800387636,0.6695389026314711,0.7329538746568183
157,3,53,0.739379695965916,0.8319573415266686,0.6667828463499939,0.7385762118217607
158,3,55,0.7416060495616038,0.8327238268101941,0.6633440781326041,0.7361151746332231
159,3,57,0.7489823383000186,0.8342747164926658,0.6631030919230019,0.7400292829705528
160,3,59,0.7526281226124766,0.83464536041236,0.6595193834330885,0.7432372671275047
161,3,61,0.7562626418325517,0.8356362269093938,0.655684041831225,0.7525363959335413
162,3,63,0.7608052939916919,0.835421027568747,0.6505962643538843,0.7539390192054323
163,3,65,0.7637801927278577,0.8361930905784536,0.6472570218939119,0.7605509612295287
164,3,67,0.7636484582492651,0.8361124688501965,0.6441232855632515,0.7585648474441387
165,3,69,0.7619322557621968,0.836401979563728,0.6405391396091369,0.7613892983961481
166,3,71,0.7636972226108535,0.8363709041660273,0.6346957300568691,0.7659778309630527
167,3,73,0.7599084743890434,0.8360634214464366,0.6307101449889871,0.7716611529009427
168,3,75,0.7418049410362749,0.8355018287497975,0.6308080607959266,0.7790693555662371
169,3,77,0.7368439697953869,0.8363036466299615,0.6299577388448003,0.7815619404709822
170,3,79,0.7259300332288867,0.836853228334463,0.628511399277539,0.7795764030059656
171,3,81,0.7072744320423792,0.8367674559094122,0.6261138855973319,0.7857877583117818
172,3,83,0.7047348449141596,0.8364348913017969,0.623920860114137,0.7902230004096155
173,3,85,0.6847472763150233,0.8361558888615049,0.6205433110948482,0.7925715834075429
174,3,87,0.6803293167077767,0.8363888636371624,0.6192772782012504,0.7965512281994098
175,3,89,0.6641764207367045,0.8365697675027257,0.6162248821949519,0.8042709995934006
176,4,3,0.2861953762713104,0.7850686675432993,0.7381644432837382,0.46787545641114897
177,4,5,0.3720857354963064,0.7916633464738644,0.7424867876947292,0.5015618244438332
178,4,7,0.44059896228621726,0.7968298187585258,0.7443581333169803,0.5262320205621263
179,4,9,0.501269487336763,0.8015372487072885,0.7452639626837864,0.5542084716238376
180,4,11,0.551232699507485,0.805369542049447,0.7411447348004456,0.5773816245284519
181,4,13,0.5927728418487428,0.808931336219382,0.7397280786283452,0.5976231748722551
182,4,15,0.6298553049837557,0.8119363005731741,0.7385614563727685,0.6109736644798627
183,4,17,0.65709525164771,0.8147324271287455,0.7348455826145049,0.6218069909067432
184,4,19,0.6795511806205722,0.8174442121157628,0.7330610789795627,0.6380762828941737
185,4,21,0.6943432843019443,0.8199555042643094,0.7274187850879795,0.6484276551605811
186,4,23,0.7073668024266011,0.821529578579918,0.7251650217480928,0.6551149975826198
187,4,25,0.7266575925683498,0.8236839956598538,0.721500659648403,0.6671364950148333
188,4,27,0.7337252578059852,0.8255377095769351,0.7183739192049784,0.6718056401950753
189,4,29,0.7312200517323826,0.8269441175893207,0.7162519942384263,0.6820658179352241
190,4,31,0.7340628784727882,0.8284268768155902,0.7142284492447826,0.692182012368544
191,4,33,0.7395375784615509,0.8299067436203476,0.7109760603303812,0.7065932516008275
192,4,35,0.7313363249498348,0.8304437388108385,0.7071929342098844,0.7091360143191686
193,4,37,0.7311330819465252,0.8316261421625579,0.7051196520421248,0.7146004254415481
194,4,39,0.7355806732311025,0.8325125628465131,0.7028775838324143,0.7192736959831991
195,4,41,0.7365984213951076,0.8337042061989699,0.6989153147628571,0.72346866512878
196,4,43,0.7344306158619521,0.8342734600030992,0.6943733222451275,0.7314050032079554
197,4,45,0.7356685332597689,0.8349084957029518,0.6889373012510974,0.7354259501886601
198,4,47,0.7426842329171235,0.8357282746823009,0.6863028081404947,0.7411968114687497
199,4,49,0.7436712490160873,0.8368968091942007,0.6819985142122251,0.7459683855453374
200,4,51,0.7459532206282855,0.8367292635008721,0.6768240391611214,0.7517049820743876
201,4,53,0.7492257056115106,0.8373313283539593,0.674201159917828,0.74973712816095
202,4,55,0.76007538165685,0.8382865676547965,0.6708879911204092,0.759025655174299
203,4,57,0.7672129187552078,0.8382120181993289,0.6673853393935552,0.7660546834436452
204,4,59,0.7643102625577318,0.8386880401862388,0.6645463994698749,0.7772678913471616
205,4,61,0.7624129000984804,0.8385658123127981,0.6631596429207858,0.7755659391680924
206,4,63,0.7592229197240885,0.8384326124172212,0.6595496741291645,0.7761549127061461
207,4,65,0.7600604736359539,0.8383007759735525,0.6513315811582022,0.7764339671433441
208,4,67,0.7644354056399495,0.8381331432380222,0.651499816262977,0.7795736914274219
209,4,69,0.7560994169771642,0.838395745463795,0.6455026137303552,0.7864127862565153
210,4,71,0.7572469886079796,0.8376445992260722,0.6429296708357971,0.7824382920558675
211,4,73,0.7520167348548957,0.8373388505525412,0.6392664022230247,0.7826194464637721
212,4,75,0.7372472363376752,0.8375306291441846,0.6376300896977978,0.7887922771450184
213,4,77,0.7251895083645752,0.8379318974580328,0.6364187763307876,0.7915597488092767
214,4,79,0.720074896657041,0.8381225767944042,0.6318202516543642,0.7921561514263915
215,4,81,0.7026645343638669,0.8374678002945866,0.6295593587720346,0.7967544446115875
216,4,83,0.6921376194948372,0.8375441022047148,0.625950309281284,0.8013980314667943
217,4,85,0.6872483179608058,0.8370661657500603,0.6240243374408685,0.801174143365019
218,4,87,0.6742612394603426,0.8370042338906547,0.6221556956845699,0.8046130110304343
219,4,89,0.6648716902918824,0.8369197339915994,0.6200180674584763,0.8078641264165477
220,5,3,0.2856060422887513,0.7833456630260001,0.7286500014337245,0.4668555427531137
221,5,5,0.3718311679777536,0.7895785448428874,0.7324283406912223,0.5009181366197981
222,5,7,0.43714232947176646,0.7944818601594295,0.732117514057647,0.5268696944694324
223,5,9,0.49339254404821287,0.7989888013758106,0.7309479116912208,0.5510122026753328
224,5,11,0.5428521751304645,0.8027855374871913,0.7296324507594703,0.5704212460898427
225,5,13,0.591805842714636,0.8060469616842707,0.7322936190030995,0.5894182720744282
226,5,15,0.625156908601088,0.8093444006132032,0.7300332526782016,0.6055457157762566
227,5,17,0.660748660883586,0.8117054975306324,0.7274436315776193,0.6181633633382423
228,5,19,0.6751135960238595,0.8143685875760232,0.7269425996676174,0.6279728715041626
229,5,21,0.6923013453366905,0.8164259741927439,0.7211046455391574,0.638960902817487
230,5,23,0.713651811884987,0.8181035884282216,0.7163531456964046,0.6523836245484435
231,5,25,0.7269970276218259,0.8195785856091047,0.7118337049433958,0.6623836209793214
232,5,27,0.7355201617747547,0.8206876276237137,0.7107476810843346,0.6689042537280728
233,5,29,0.7301161000134524,0.821945657473151,0.7115042373561159,0.6727752339723563
234,5,31,0.729874996165035,0.823867736048987,0.7087444375052707,0.6830281605167678
235,5,33,0.7263653767213172,0.8249540221581672,0.7051281900524193,0.6928984494228926
236,5,35,0.7199688827751093,0.8259197006407462,0.7005519765276702,0.699500809409821
237,5,37,0.7208706248086656,0.8273436771337583,0.698681386319755,0.7018800913694059
238,5,39,0.7213200213266532,0.8287211394389804,0.6961321829270865,0.7103095331635745
239,5,41,0.7207964938343422,0.8302448557288705,0.6939734008557437,0.7198402649337805
240,5,43,0.7232425474716387,0.8319436555651594,0.6935441055372477,0.7286465615521168
241,5,45,0.7344209697831724,0.8326191366087043,0.6921397162341881,0.7347816512716432
242,5,47,0.7323298359444106,0.8325857071440989,0.6876131004596602,0.7307559801232668
243,5,49,0.7329952714994971,0.8338020373463592,0.6839351217465636,0.7388840327278794
244,5,51,0.7377502994618842,0.8343229705997139,0.6778463770341177,0.7448117814340143
245,5,53,0.7366438653755586,0.8344362885551451,0.6746453231304856,0.7472829175979285
246,5,55,0.7397793644333042,0.8348237281622289,0.6710681632139661,0.752898434140459
247,5,57,0.744738918744797,0.8346083069097934,0.6640513443555494,0.7501993931433502
248,5,59,0.7437233878316583,0.8348216683799241,0.6618425176339523,0.7534035106329237
249,5,61,0.7514655326318633,0.8347753645835634,0.6584245844646794,0.7619715692698572
250,5,63,0.7467539311904684,0.8349786652017693,0.6554562749819753,0.7697582620191866
251,5,65,0.750291346912512,0.834860651079907,0.6501489471733126,0.7742861665960279
252,5,67,0.7453679394556322,0.8355644690414779,0.650410357771619,0.7802712136075727
253,5,69,0.7469227024303041,0.8354132079677388,0.6467479148225606,0.7822319119298462
254,5,71,0.7603644015379617,0.8346738030615293,0.6428723718836322,0.7798077108782935
255,5,73,0.7556337528805761,0.8345903613314817,0.6374520479660633,0.7843323827346718
256,5,75,0.7511266307726971,0.8348816157185421,0.6332301867663006,0.7841936193090606
257,5,77,0.7446748588326063,0.8347253017147893,0.6298402277730354,0.7854018472385852
258,5,79,0.7327706035832758,0.8350835717470088,0.6289385073850224,0.7882827486707188
259,5,81,0.7176676951364552,0.8353573850870002,0.6278006742018554,0.7907134333350504
260,5,83,0.7127396140836586,0.8348610074219359,0.6258604370869307,0.7939439774843182
261,5,85,0.7043994027824273,0.8343419510524854,0.6212348985425835,0.7981588466508576
262,5,87,0.6961484672634951,0.8343341881641699,0.6183226268984091,0.7998903531315715
263,5,89,0.6949483203132902,0.8340241967782458,0.617230253016236,0.7988359700542136
264,6,3,0.2808527366776301,0.7828188389119686,0.7301744659099754,0.46577689111835413
265,6,5,0.36505743871612395,0.7881726752204832,0.7341410228828444,0.4941087304054993
266,6,7,0.43495408444357087,0.7938529073906485,0.734483536555923,0.5214752594332777
267,6,9,0.4918545148964016,0.7985135180370202,0.7327630353575653,0.5502691618307967
268,6,11,0.5413091461800605,0.8035197579276157,0.7315335326646258,0.5685049448955064
269,6,13,0.5867169552463205,0.8068891833778301,0.7323376967804126,0.5831591121994327
270,6,15,0.625141011419394,0.8099593980578518,0.7269893741815373,0.6017840647257212
271,6,17,0.6616558148956632,0.8121923554850077,0.7250001726645485,0.6157365915569749
272,6,19,0.6809345073069673,0.814644983515576,0.7237187199688484,0.6278841643936944
273,6,21,0.6954008613761876,0.816867934510092,0.7214788814289396,0.6361179250031908
274,6,23,0.7063719725113315,0.8187525254762957,0.7160042135485258,0.6455647094122854
275,6,25,0.7206828134457881,0.8209805631610358,0.71208657901518,0.6567610535744421
276,6,27,0.7316151062403641,0.8228968104593307,0.7119844829605466,0.6647035480930957
277,6,29,0.7350981612101691,0.8245287022400374,0.7094662360233783,0.6779918960256015
278,6,31,0.733626995733873,0.8260675849029295,0.7067520458226845,0.682640705733828
279,6,33,0.7343716206484582,0.827030055552502,0.703388950817707,0.692381517068785
280,6,35,0.7363444568547383,0.8285477440468262,0.7004861586455131,0.7003392464115198
281,6,37,0.7311876088226981,0.8290332145750671,0.6946325410448841,0.7031645280561033
282,6,39,0.7294308725625896,0.8297878354868569,0.6929092818634445,0.7105274369505814
283,6,41,0.729191980029247,0.8311959809287774,0.6925627565737291,0.7190504110373488
284,6,43,0.7357406126475284,0.8325075282116106,0.6882693360986021,0.7278828363377945
285,6,45,0.7351804513578314,0.8327945594323436,0.6846335975831317,0.7331813355805162
286,6,47,0.7421342308264669,0.8332109673401175,0.679008105610338,0.7391131829051005
287,6,49,0.7347120770669299,0.8332594230989845,0.6765256161046453,0.7413282904858757
288,6,51,0.7400495149620863,0.8337791984262212,0.6746722007946983,0.74842101708707
289,6,53,0.7390412983982966,0.8344509148620647,0.6729254057702252,0.7517520329993621
290,6,55,0.7406527679066374,0.8340408274221579,0.6665909080721129,0.7451113173558013
291,6,57,0.7451939755715522,0.8352949553277782,0.6637557623069271,0.7489434329516362
292,6,59,0.7528168756854552,0.8362624012770729,0.6607047805920979,0.7587862186773487
293,6,61,0.74165317964674,0.8360889936444991,0.65571316005259,0.764759575161738
294,6,63,0.7427168770212796,0.8360423515747826,0.6516920324174806,0.7677906654665464
295,6,65,0.7383956557212421,0.8364999274608953,0.6469433940403075,0.7659142126538792
296,6,67,0.7408690975151069,0.835720165566084,0.6430735587885807,0.7726861371379146
297,6,69,0.7365218392040452,0.8358816611637353,0.6433452496429484,0.7718903978973789
298,6,71,0.7330846940383098,0.8352327223608325,0.6377670009904154,0.7724033350115251
299,6,73,0.7307908326018562,0.8361917644413944,0.6358696408519671,0.7748852407436249
300,6,75,0.7375753484524342,0.8362476393653593,0.6325256221015739,0.7808041200705018
301,6,77,0.7343053464954596,0.8361202225041842,0.6292346124566089,0.7831725408434183
302,6,79,0.7306715003958821,0.8362559538591918,0.6268236698714513,0.7842073928594028
303,6,81,0.7333418609271697,0.8352953949059815,0.6245684181759882,0.7792268686902624
304,6,83,0.7068120962313542,0.8347269359042044,0.620596211860546,0.7872909236139641
305,6,85,0.6883818052183492,0.834819732311181,0.6186226072668388,0.7913176566740477
306,6,87,0.6735328832043428,0.8348698151170486,0.6167223495624681,0.7992312191659249
307,6,89,0.6571911615702188,0.8347319127158216,0.6137648833156253,0.8035127597701603
308,7,3,0.2811765741915785,0.7799995533755995,0.7320700829184019,0.4657858360386744
309,7,5,0.36923166637673516,0.786072218922451,0.7341484896990067,0.4993190784907975
310,7,7,0.4343798647343683,0.7917011806795846,0.7339738458967124,0.5267421549961149
311,7,9,0.4937584335342109,0.7962199466767982,0.7322107032531698,0.5530617078308875
312,7,11,0.5426895071926234,0.8008694252216187,0.7332558184837042,0.5745267519496219
313,7,13,0.5835449057906923,0.8043857828227022,0.7318748711549071,0.5920561995123099
314,7,15,0.6198061328626725,0.8068528392700782,0.7285032395193737,0.6032352303383333
315,7,17,0.656352915877161,0.8092198972975106,0.7277738451820891,0.6152934142230617
316,7,19,0.6828371987345312,0.8114054859432013,0.7240448415590446,0.6311080495289885
317,7,21,0.6954457178852171,0.8133490657638931,0.7177688083085229,0.6387061957991267
318,7,23,0.7111318270383387,0.815092974795829,0.7128689940624291,0.6481446565155189
319,7,25,0.7256481804793696,0.8169883777407736,0.7095311458593213,0.6535694697690306
320,7,27,0.7375541085464485,0.8182238872498545,0.707388888524182,0.6631486042891772
321,7,29,0.7333584940193981,0.819850364878725,0.7064380487390869,0.6730297285687438
322,7,31,0.7325857101650903,0.8217777809046434,0.7081064702905859,0.6789326097020172
323,7,33,0.7357115361338924,0.8234562899739604,0.7035111266360504,0.6901091043659752
324,7,35,0.7342432295391557,0.8249824329830261,0.6991412737138114,0.6956868194538908
325,7,37,0.7287914342557429,0.8258664625150192,0.6967553703276042,0.6982673851587244
326,7,39,0.7310878806547703,0.8266183593571935,0.6950802485872524,0.7055544251124632
327,7,41,0.7343211982650679,0.8276028961138011,0.691318272763564,0.7142660476280475
328,7,43,0.740634970489656,0.82860341242795,0.6892227158164621,0.719258424308855
329,7,45,0.7428453075046071,0.8296014990111855,0.6863743287853132,0.7296739254086948
330,7,47,0.7390140030413157,0.8299875868343661,0.6829381576426536,0.7352751517774181
331,7,49,0.7408912320503935,0.8305040022826612,0.6802893972803992,0.7395892089474261
332,7,51,0.7485735558887996,0.8307634987318782,0.6766549192628923,0.7476019004751128
333,7,53,0.7528202335247527,0.8308522761990755,0.6743507794951652,0.7493038627731528
334,7,55,0.7531772707142906,0.8318533753853223,0.6701511294002154,0.7502803210595838
335,7,57,0.7483579646305127,0.8323476805463775,0.6703599039402309,0.7516849624360374
336,7,59,0.7592460524086417,0.8328545389367473,0.6651228017523629,0.757763624614165
337,7,61,0.7524785817169671,0.8324485042162253,0.6603268160486878,0.7589781599060146
338,7,63,0.7532327318450391,0.8321869345009812,0.6566736670218755,0.760169692018841
339,7,65,0.7491562862853918,0.8311899057479758,0.6506915445752586,0.7603978028975782
340,7,67,0.7539040004473746,0.8318319220371162,0.6476741525248391,0.7662472061768077
341,7,69,0.750109260642122,0.8319698104929736,0.6442504005638194,0.7661962213654774
342,7,71,0.7480521348323429,0.8322956592622928,0.6429721722562749,0.7653956648073921
343,7,73,0.7495397867512348,0.8320446929273315,0.6388792781095662,0.7734855139831752
344,7,75,0.742959191619223,0.8322934138043293,0.6356071768454183,0.7754965185676392
345,7,77,0.7476838902816293,0.8322495243879443,0.6310804992687282,0.7782608654599403
346,7,79,0.729415026671926,0.8324088454699989,0.6294054928439903,0.7843089866998896
347,7,81,0.7287120364735442,0.8324228362988828,0.6276837573265,0.7861449560263526
348,7,83,0.6920998325742179,0.832270556920012,0.6229546864421417,0.7999300686218114
349,7,85,0.6920661794474371,0.8320155176799374,0.6199658142657418,0.7965893604747372
350,7,87,0.6844509278733255,0.8312750919152465,0.6166710763444493,0.7963701969454515
351,7,89,0.6621956700893773,0.8310567951142149,0.6148288380385479,0.8023715203170124
352,8,3,0.2815774034784166,0.7831649150018614,0.7323951334865411,0.47242138012116397
353,8,5,0.36805202208010857,0.7893196032000923,0.7323971732458125,0.500375233807224
354,8,7,0.4388183318075012,0.7945020674236921,0.7373870378172024,0.530105278285132
355,8,9,0.49471534152126995,0.7987784169305555,0.7339554973486323,0.5545730806488034
356,8,11,0.5450149935541602,0.8028074636136416,0.7343061326486842,0.5757354456877106
357,8,13,0.5850407171778567,0.8059868230386016,0.7366663499534678,0.5919361599458843
358,8,15,0.6300310432358529,0.8092988084730044,0.7340236636621407,0.6097428430995308
359,8,17,0.664582530175207,0.8116548831951875,0.731203188607173,0.6232822200492941
360,8,19,0.6783508602582842,0.8138230243806672,0.729074003750375,0.6340189816004491
361,8,21,0.6990381470274072,0.8157286578603055,0.7272728061859348,0.6430303071229317
362,8,23,0.7123857257949362,0.8175134585967245,0.723871205286955,0.6519870976347523
363,8,25,0.729792838835505,0.8187397557811973,0.7198145366331287,0.6673316366011756
364,8,27,0.734111729443411,0.8201884789717967,0.7136653301742613,0.6744939271965504
365,8,29,0.7270471653043279,0.8210786082108739,0.7080694415895198,0.6801137346274297
366,8,31,0.724919175575534,0.8227562917667609,0.7038134416955938,0.6846885054689269
367,8,33,0.7292382690416505,0.8239405252348255,0.6999077180104832,0.6982744051483192
368,8,35,0.7339975299320984,0.8250557915202421,0.6957502300807012,0.7068819828171026
369,8,37,0.7360196725342046,0.8262430453161135,0.6942163791684318,0.7125488080766369
370,8,39,0.7339024571823215,0.8269139625126181,0.6902677425281565,0.7179687814592339
371,8,41,0.7268236301281218,0.8276259711148318,0.6894639449410737,0.7234940748756628
372,8,43,0.7297984651844407,0.8291652651714452,0.6877782971453095,0.7321271062374175
373,8,45,0.7316942497753126,0.8292070788956203,0.6848618775490045,0.7350699891529717
374,8,47,0.7317891668552332,0.829163927025695,0.6808863197224517,0.7357581111118933
375,8,49,0.7331117038591942,0.8293930833129262,0.6798207284856986,0.7424102207108189
376,8,51,0.7308993254691531,0.8304897779277918,0.6764013005689107,0.7477545722336054
377,8,53,0.7302734804584112,0.8310305724162583,0.6749206997830817,0.7479685354975069
378,8,55,0.7294986371164839,0.8316217980831034,0.6693098725921702,0.7517475528750173
379,8,57,0.7232073698133905,0.8322236182714811,0.6642490571404757,0.7459590556324004
380,8,59,0.732959712458378,0.8324742131415361,0.6602882333109706,0.7499536213552812
381,8,61,0.7430770627351859,0.832161409651942,0.6531576005090342,0.7554998017073213
382,8,63,0.7380953789772231,0.8328014458330317,0.6506392704201448,0.7533821784825365
383,8,65,0.742748209813795,0.8331839882001617,0.6500265938668623,0.760547439060378
384,8,67,0.7430857333367903,0.8336155392557708,0.643775030035691,0.7626323483864741
385,8,69,0.7401964580761456,0.8335500558351492,0.63955991535666,0.7674518996007071
386,8,71,0.7375181467575604,0.8327625765326158,0.6351726018692608,0.7718476438475148
387,8,73,0.7310067406295453,0.8331101849078141,0.6329624375540832,0.7775685517108722
388,8,75,0.7392067779397671,0.8338772570401787,0.6302742845816286,0.7887611370193751
389,8,77,0.7400940561302228,0.8340406239776034,0.6297444271362691,0.7844676012083736
390,8,79,0.7214511054661731,0.8339012148993381,0.6266733870268526,0.7888434960566879
391,8,81,0.7244344384679475,0.8330919825952434,0.6232177233545708,0.7867376207825417
392,8,83,0.6969226452545875,0.8329171531561821,0.6218128685569424,0.7971236253563487
393,8,85,0.6906171105398232,0.8325532773789971,0.6178018987810868,0.7903602611411136
394,8,87,0.6692318486130859,0.8327004307256513,0.6185386165711522,0.7955330180345658
395,8,89,0.6550547264218718,0.8327001530832052,0.6130337409174402,0.7970858584520284
396,9,3,0.28077795930495036,0.7812501894614978,0.7337483738936096,0.46715565508410223
397,9,5,0.3678874144903854,0.7872134706480235,0.7331999010898176,0.4989632371668232
398,9,7,0.43253317960364346,0.7925453070627262,0.7370149240665237,0.5266922676144455
399,9,9,0.4885114547928351,0.7977623620935564,0.7359467464828713,0.5478044806349567
400,9,11,0.5415932876298661,0.8017906177048262,0.7368402664448358,0.570275108454148
401,9,13,0.5855841688848715,0.8053319225472717,0.7389721900472457,0.5908831208270562
402,9,15,0.6260741018251654,0.8084595500025943,0.7353775174494988,0.6079034357321461
403,9,17,0.6560272144419947,0.8114560303569751,0.7333250785442922,0.6204536941815115
404,9,19,0.6675076855297866,0.8137921437316671,0.7295981926792876,0.6259976190599662
405,9,21,0.6834191938037759,0.815793216959442,0.723053882444104,0.6370207887618929
406,9,23,0.6950065623582254,0.8170975193471843,0.7183342886890678,0.6436047031800205
407,9,25,0.7131443884387045,0.8190763704476896,0.7165973594476789,0.6521563104756616
408,9,27,0.7343849546625645,0.82105047845276,0.7128289224207774,0.6642367318857497
409,9,29,0.728714448496946,0.82258461740354,0.7114475296356662,0.6728479416971318
410,9,31,0.7249215111651248,0.8245699748952717,0.7138505077451746,0.6816492134372723
411,9,33,0.7282870047213625,0.8258642023775087,0.7089191935542856,0.690269731106943
412,9,35,0.7210406254041397,0.8270105208892238,0.705901773805493,0.6975793431619155
413,9,37,0.7236984436316609,0.8284244346842473,0.7043213444210933,0.7061070536987827
414,9,39,0.7209851984846554,0.8298242353357747,0.7035308380691596,0.7080247643238506
415,9,41,0.7217327267005887,0.8319406794373096,0.699400426345514,0.7151943435166732
416,9,43,0.7281499226575954,0.8328639092769622,0.6940638259933152,0.7230333135077643
417,9,45,0.7373397323926982,0.8335953329871447,0.6886048381227852,0.7328061554425289
418,9,47,0.7369721562808383,0.8339287996195998,0.6848315284160853,0.7395164213335619
419,9,49,0.7363281881368648,0.8345113536072226,0.6804573744654971,0.7411393819987765
420,9,51,0.7494758230515504,0.8350250661557737,0.6777198561325768,0.7504008980467853
421,9,53,0.7458007635948376,0.835518381783514,0.6757857056717547,0.7506170397866339
422,9,55,0.7450746259918125,0.8366770903398647,0.6716002460193994,0.7505764059738589
423,9,57,0.7462611710383397,0.8364258622794729,0.6699420255948954,0.7550628738915319
424,9,59,0.7552118701072497,0.8364101632541596,0.6645266825793195,0.7643495479420472
425,9,61,0.7707730265287533,0.836719670232618,0.6591540234822304,0.7670978549549035
426,9,63,0.7696623743372207,0.8370731752550122,0.6551351234443222,0.7703491626741897
427,9,65,0.7676922926644019,0.8369158792605984,0.6513453648375764,0.775572286282334
428,9,67,0.7669271470560659,0.8372375990566585,0.6500619969631851,0.77860288610389
429,9,69,0.7732105931491329,0.8380578171321094,0.6460895670028335,0.7852602166390626
430,9,71,0.765930332499052,0.8375820002102331,0.640793437991442,0.7857531449259321
431,9,73,0.7603530076383473,0.8373953980615654,0.6372052179441876,0.7845496951091788
432,9,75,0.7448611885977412,0.837909230143478,0.6349054856454277,0.7881835014699472
433,9,77,0.7344376989563675,0.8379038012901624,0.6345175556678055,0.7893376547916563
434,9,79,0.712339624596338,0.8383536863787093,0.6322258446210409,0.7986383210618657
435,9,81,0.696820712757585,0.8386844380964942,0.6295471079795026,0.803965848320797
436,9,83,0.6943356711749251,0.8385598009507218,0.6278474327922956,0.8047693597835502
437,9,85,0.6821280648004154,0.8385298777878286,0.6265644856970356,0.807487790161678
438,9,87,0.6843044973658833,0.8381198535972776,0.6224901245053838,0.8062598003063346
439,9,89,0.6797944305926672,0.83720118998454,0.6183399250469201,0.8070401075431937
440,10,3,0.2793804821554904,0.7810692492034572,0.7305429353000605,0.46317375991338117
441,10,5,0.36612628318973184,0.7873626968005788,0.7328884862503552,0.4960133776921323
442,10,7,0.4319741258302957,0.793200302681879,0.7350918916041569,0.5248995119201528
443,10,9,0.4865575705981244,0.7972010223147169,0.7345215779139982,0.5493983935892883
444,10,11,0.5378347973591651,0.8012287701227515,0.7337522915328445,0.5705007748875814
445,10,13,0.5808028815395393,0.8048933052819556,0.7336481937035608,0.5884514928232532
446,10,15,0.6265938262797193,0.8075122743029238,0.7291916093132327,0.6083865681730778
447,10,17,0.6570743059195795,0.8097565454285143,0.7269273056971124,0.6149152044821318
448,10,19,0.6756478609151603,0.8121227493818891,0.7261119417786617,0.6293840981944115
449,10,21,0.6948146197728293,0.8141872465300064,0.7225763763502909,0.6423777711920247
450,10,23,0.7126078976631618,0.8158564556585693,0.7167572687085008,0.6545309914969248
451,10,25,0.7234185564692931,0.8175272373785997,0.712931152967781,0.6615817561032721
452,10,27,0.740417857518582,0.8191852885958502,0.7104382192869101,0.6692230740387053
453,10,29,0.7330341800378571,0.8207024335886905,0.70838141615047,0.6772444344885376
454,10,31,0.7335220646209164,0.8217685673194381,0.7033797642743331,0.6854532519864083
455,10,33,0.7340455385862079,0.8227628663724782,0.7024986329534317,0.6899603188991934
456,10,35,0.7311985033871565,0.8243331659911295,0.6982223208635423,0.6957552885108773
457,10,37,0.7276551708799729,0.8250264668519607,0.6952327026133591,0.7001870030631995
458,10,39,0.7246732933693774,0.8265521719381036,0.6929463016030921,0.7074510451704351
459,10,41,0.7265858794467147,0.8273110648359583,0.6917127768252553,0.7117072133953366
460,10,43,0.7311836315482604,0.8279838866883118,0.6874350033454613,0.7182806363667887
461,10,45,0.732721587335164,0.8295057413842282,0.6855470901761801,0.7235877802172229
462,10,47,0.7401625046275158,0.8302215649412684,0.6824533534358491,0.7326567461689266
463,10,49,0.7259490420725166,0.8312510455064391,0.6794844414503923,0.7327671622246701
464,10,51,0.7300696478964852,0.8317786376993985,0.6750775580725717,0.7363802890138721
465,10,53,0.7384090593683627,0.8323814179997397,0.6691569541263512,0.744630331160808
466,10,55,0.7447929545229035,0.8327283978688818,0.6676719918985725,0.7524086673926883
467,10,57,0.7539247084108402,0.8329913178476537,0.6636569673555264,0.7599920711115307
468,10,59,0.7483597760413376,0.8336104956803463,0.6592189630948349,0.7616756066062436
469,10,61,0.750088225205457,0.8336096856537478,0.6550886180022171,0.7682943511012795
470,10,63,0.7531929222563849,0.8337856547868392,0.6483823534055921,0.7705606658862718
471,10,65,0.754413764730284,0.8342134553803758,0.6437496591599305,0.774311689149188
472,10,67,0.7510385562603883,0.8352203121246821,0.6425633325864206,0.7789392816926011
473,10,69,0.7467341803307528,0.8351084591138493,0.6399404251658719,0.781181438315559
474,10,71,0.7452310830377923,0.8352284773648173,0.6392596459068582,0.7900448089113188
475,10,73,0.7441026057944439,0.8345891925303661,0.6344721574907135,0.7847597039028503
476,10,75,0.7324789692028653,0.8350029767249264,0.6341659841718693,0.7894432871921362
477,10,77,0.7236798987544304,0.8350045646412101,0.6314941832273389,0.7895113970458527
478,10,79,0.696127260673447,0.834641408305854,0.6295551167282966,0.7921029639414461
479,10,81,0.6845938336418568,0.8345948228590637,0.6268707607409798,0.7948263680319527
480,10,83,0.6655098007450455,0.834088971565036,0.6229235206724417,0.8003470647153234
481,10,85,0.662362242103025,0.8340351809152049,0.62113014537339,0.8006172300061555
482,10,87,0.6545083182593505,0.8336256623800675,0.6197409323417225,0.7993356179636939
483,10,89,0.6412146084826175,0.833005347242019,0.6167602538544362,0.801636871503574
484,11,3,0.28624427392704793,0.7830543298580115,0.7298853030918029,0.46725347186169053
485,11,5,0.3730595950834404,0.7893919494657895,0.7347466584492444,0.5014926241263935
486,11,7,0.43903538441416967,0.7944616020063896,0.731934488726795,0.5279762856046871
487,11,9,0.49727230683800727,0.7993487594096089,0.7314312298694052,0.5550312667178817
488,11,11,0.544250220015825,0.8032059836462355,0.7289944199333777,0.575550045229291
489,11,13,0.5915357633063041,0.8063926568380042,0.7297936446020313,0.5968056984327946
490,11,15,0.627712934742944,0.8090860152900203,0.7275886795743222,0.607857271961995
491,11,17,0.6697322180081615,0.8116484460773838,0.7259648642847456,0.6260834503235281
492,11,19,0.6919426724168216,0.814067742336259,0.7227375097528572,0.6345113165123175
493,11,21,0.7048608663349146,0.8161317052836775,0.7204757729317772,0.6447596878647286
494,11,23,0.7220591594386905,0.8182096321141286,0.7173633028831392,0.6546599466476654
495,11,25,0.7400132495517421,0.8197076808411866,0.7132915993028364,0.6629952558950668
496,11,27,0.7455148001816561,0.8208240720914576,0.7101996367209777,0.6667388503478358
497,11,29,0.7466594284485479,0.8221443127891246,0.7082639059108062,0.6774124414268532
498,11,31,0.7432961738024009,0.8241846930007489,0.7050903747104532,0.6836064922343339
499,11,33,0.7399368030063971,0.8255081251873987,0.7043195191921132,0.6945818311312482
500,11,35,0.7353477701625893,0.8264161254494213,0.7017793314310096,0.695654538565776
501,11,37,0.726629620407147,0.8274198542419239,0.6981295477969188,0.7013123525194591
502,11,39,0.725430714208573,0.828410349411969,0.6936624134165137,0.7059018932145859
503,11,41,0.7255460467491099,0.8292161546250105,0.6908709101093812,0.7119253164724915
504,11,43,0.7233620375091725,0.8294881329749142,0.6901394342820791,0.713499118821189
505,11,45,0.7234557135144865,0.8308550860108401,0.6876106293059088,0.7193719199079442
506,11,47,0.7261684101472894,0.831278371447455,0.6820997707622121,0.7257881966201176
507,11,49,0.7310651216342747,0.8315421295636627,0.6788506079293657,0.7282120431407737
508,11,51,0.7434986900426046,0.832539221820271,0.6752286303273424,0.7407144422326069
509,11,53,0.7444585586581944,0.8326292273368265,0.6703532696051931,0.7435021099697734
510,11,55,0.7520347899690828,0.8338100729109056,0.6686610886584274,0.7559406631949059
511,11,57,0.7523019463604672,0.8337930969551108,0.6643118351727946,0.7563570549831399
512,11,59,0.7581916268240584,0.8340047226763498,0.6598163702141131,0.7606667882162945
513,11,61,0.7482000656737262,0.8351957593681011,0.657457669087216,0.7704645043390256
514,11,63,0.7446399926210832,0.8346235051466716,0.6522556457939064,0.7709220698215677
515,11,65,0.7460600526978816,0.8348782186443031,0.6508139953099006,0.7751649712290576
516,11,67,0.7480027793342544,0.8348927095024614,0.6473892640224022,0.7732407169061338
517,11,69,0.7466602144576265,0.8357997365873869,0.6466612919051731,0.7754864121619629
518,11,71,0.7362505479406389,0.8354413477754741,0.6425314355076164,0.7711650179666356
519,11,73,0.7471853110618687,0.8352731462024208,0.6381300928467125,0.770672636729635
520,11,75,0.750008836921759,0.8347679720210783,0.6350933368799153,0.7687719494216246
521,11,77,0.7236051166393601,0.8349114894043166,0.6341916686587906,0.7855495000113166
522,11,79,0.7146201651932105,0.8349287864618916,0.6308038545952054,0.7833794641570744
523,11,81,0.7003188961945609,0.8342535227031934,0.6276153600050999,0.7864662423832325
524,11,83,0.6884612287151353,0.8343127625630693,0.625461874576053,0.7894090390083983
525,11,85,0.6860157295899301,0.8343147052954616,0.6231197708384038,0.7919949150928649
526,11,87,0.681765224408933,0.8341859891529204,0.6211157051077734,0.797099934430592
527,11,89,0.6711591670676609,0.8335305106900428,0.6178870243130743,0.7931336756769514
528,12,3,0.28700971147120136,0.7845528593850991,0.7336064599995531,0.46491648780727496
529,12,5,0.3768544806428707,0.7907369342074346,0.7338021512154614,0.5025002941905166
530,12,7,0.4446427595755583,0.7964689605840727,0.7362143886710338,0.5316989777774974
531,12,9,0.4986884653103073,0.8010018407212733,0.7338815841088685,0.5534023003019108
532,12,11,0.5473690084558621,0.8050225569856168,0.7351525351246361,0.5747811078570119
533,12,13,0.5890633784275547,0.8082279797815761,0.7373266499863842,0.5912550890968848
534,12,15,0.6289610203155689,0.8110963510491148,0.7332421604467907,0.6077092704833464
535,12,17,0.6726718652532725,0.8130197022222014,0.7290921362531041,0.6247984862600688
536,12,19,0.6821211857092179,0.8151100443255774,0.7262668061274103,0.6338656687787431
537,12,21,0.7052327386615711,0.8167539077462203,0.7192629298626239,0.6483768266275796
538,12,23,0.7173939852484548,0.8183632264737893,0.7173946832225502,0.6570796735375681
539,12,25,0.7364633826420439,0.8199214119901983,0.7163370980409958,0.6669899583704199
540,12,27,0.738695203792892,0.8218781266615103,0.7159011578085096,0.6719762972023156
541,12,29,0.737091366862884,0.8237007464860531,0.713758492777515,0.6837891719500154
542,12,31,0.7337996440648836,0.8251927982052897,0.7109683528494046,0.6981698889879948
543,12,33,0.7352052664248182,0.8259443426684974,0.7071147532435429,0.7036258840305847
544,12,35,0.7343422794957031,0.8267528961626082,0.7061161270587499,0.7063148946210513
545,12,37,0.7422085136783059,0.8275323747168872,0.7033975098996226,0.7106805922566801
546,12,39,0.7323038765513584,0.828346250896643,0.6994981053858066,0.7120205652034468
547,12,41,0.7275234753063926,0.8285321841954223,0.6960175798489857,0.7153655406377428
548,12,43,0.7258525216178526,0.8282175224325214,0.6919249494758756,0.7183886366459721
549,12,45,0.7324097004606747,0.8281203642238703,0.6859298291459113,0.7214227090157455
550,12,47,0.7367432764841707,0.8291387681035768,0.6852857750137242,0.7274288107492943
551,12,49,0.7367142298335866,0.8297662029665546,0.681600444924964,0.7327552774732669
552,12,51,0.7311367606335961,0.8305065127710894,0.6766458110014372,0.7353868990906427
553,12,53,0.7309746707692936,0.8317954459721602,0.6750286037648561,0.7373421664660128
554,12,55,0.739707206306959,0.8326109718166248,0.6695809145203477,0.7420953409220299
555,12,57,0.7402979031088538,0.8330897416313514,0.6672996353766177,0.7449307628803269
556,12,59,0.7459046224656636,0.8328419970102832,0.6615306129172625,0.7507495498313849
557,12,61,0.7525545242819083,0.8327399054021848,0.6541813611594944,0.7581638792896381
558,12,63,0.7600561923209197,0.832962331828095,0.6489600592566116,0.7602736329240599
559,12,65,0.7539426891048532,0.8336094838527679,0.6448943049316059,0.759714408260655
560,12,67,0.7569539783844854,0.8350146173490333,0.6421612474841447,0.7669005737156828
561,12,69,0.7529357707427036,0.835124348649655,0.6393353542113713,0.7704087272133768
562,12,71,0.7659072960819007,0.8350976685016085,0.6352262305338998,0.7702274841912434
563,12,73,0.7522292025211369,0.8351799374755455,0.63366568594452,0.7764910155685478
564,12,75,0.7480428303135871,0.8357545976627905,0.6314869820986391,0.7822625023831545
565,12,77,0.7556556772958547,0.8367775288165767,0.6288630269508859,0.7852680542067627
566,12,79,0.7426654863871776,0.8368946830405285,0.6267375902766001,0.7895466650377121
567,12,81,0.7170357763529942,0.8359798786376091,0.6236956441225727,0.793334998933524
568,12,83,0.6970770517560461,0.8356869140387021,0.620661269195774,0.8004114951533066
569,12,85,0.6738211711402113,0.8353584101843143,0.6215783391253548,0.8045516061101164
570,12,87,0.6553220418040203,0.8356310245419853,0.6187860093792418,0.8083157993639952
571,12,89,0.6478719496478439,0.8356843700673438,0.6168533178697015,0.8117276535160866
572,13,3,0.28659772536843253,0.7835476725522946,0.7298116447883375,0.4688996184611598
573,13,5,0.3738678329838606,0.7892269927687132,0.7328979256071912,0.5050960789322787
574,13,7,0.4392300444277284,0.7945895433205127,0.7321050352813554,0.5306152912726576
575,13,9,0.49950505853111865,0.7990774296924534,0.734301325935752,0.5561843487853664
576,13,11,0.5489285448322748,0.803725006267388,0.7312636834975306,0.5775761580084134
577,13,13,0.5895349436786123,0.8068074515661776,0.7324892100871017,0.5992141530744741
578,13,15,0.627573660178744,0.809683789451419,0.732913603883892,0.6149295897448914
579,13,17,0.6678100923842157,0.8122313124879977,0.7302805533154775,0.6291206369002008
580,13,19,0.6815366652883839,0.8141440367645397,0.7267986755748348,0.6401332379017359
581,13,21,0.6977770734038367,0.8163749166208898,0.7243875540104152,0.6506321906502261
582,13,23,0.7150334772015217,0.8182355217855397,0.7180764428683093,0.6609883488526317
583,13,25,0.7320222346963118,0.8201753577030944,0.7146080374244528,0.6684623736938655
584,13,27,0.737188823157221,0.8215511838723922,0.7104645191994625,0.6753978375113885
585,13,29,0.7380651988758153,0.8225419676793021,0.7055453570949528,0.685058834214346
586,13,31,0.7341557295657835,0.8238610799792522,0.7045957691307693,0.6971758692346947
587,13,33,0.7376547938659574,0.8251205309110351,0.7029069429213566,0.7041345061292319
588,13,35,0.7441975771933842,0.8261304769298817,0.699283891903417,0.7123240767016641
589,13,37,0.7368766231956919,0.8265493140938937,0.6997127581187679,0.714716958503681
590,13,39,0.736664204306642,0.8272421364695026,0.6948633338745365,0.7216541314662359
591,13,41,0.7345135013027491,0.8282450590592546,0.6903483587936652,0.7243006301735386
592,13,43,0.7414396382687962,0.828893401353734,0.6889075962022209,0.7343230636221422
593,13,45,0.7353174341960882,0.8286752707006383,0.683539048712773,0.7346876905907627
594,13,47,0.7395884375470209,0.8295346307596727,0.6786388759614008,0.7485354335851057
595,13,49,0.7376544292059842,0.8304425461796556,0.6764790469190168,0.7500631699389688
596,13,51,0.7389682943998823,0.8308471046185618,0.6743913428072236,0.7543711735292501
597,13,53,0.7420216051382498,0.8304671128462072,0.6682728719863283,0.7547040789389243
598,13,55,0.7544780820301802,0.8301835966484632,0.6622204285127662,0.7620725341697188
599,13,57,0.7574347951983497,0.8304621751442788,0.6582668485742126,0.7634734371776669
600,13,59,0.7528409468102646,0.8307636573489092,0.654531622319459,0.7705605349205094
601,13,61,0.7535064803201644,0.8305861892904609,0.6518017017310778,0.7704264405665238
602,13,63,0.7538583220645031,0.8307721532911456,0.6497818164721241,0.7710360865375356
603,13,65,0.7482222114641419,0.8311567891171925,0.6471460017563198,0.7667127194090813
604,13,67,0.7485403168202589,0.8316377941477975,0.6454809048644266,0.7691415879827092
605,13,69,0.7557173652764981,0.8321792356421105,0.6427802647093933,0.7750653157247607
606,13,71,0.7431497639925193,0.8324326443271718,0.6415781429708981,0.7778340410807266
607,13,73,0.7477783682580598,0.8329820287131346,0.6393764598938808,0.7793240288357033
608,13,75,0.737888214417357,0.8333736689481774,0.6370200683804227,0.7887489438358918
609,13,77,0.7146953159407599,0.8335065037192355,0.6334436286654705,0.791530786310844
610,13,79,0.7060992506513364,0.8336646263985455,0.6331139473653951,0.7936076905506861
611,13,81,0.7017535258961558,0.8336483263797236,0.6289467516569871,0.7969264762549862
612,13,83,0.6853340774816247,0.8334386552789778,0.6271849026889761,0.8009800965794918
613,13,85,0.669833394420857,0.8330229354689063,0.6244998324024542,0.8014976008995696
614,13,87,0.656399457638625,0.8328069611811622,0.6228312496864042,0.8045066394344318
615,13,89,0.6557346486670728,0.8325752319298041,0.6193647883639288,0.8063000438805284
616,14,3,0.2827835264446525,0.7804849093146442,0.7325090332484265,0.46545979785847214
617,14,5,0.3690153499987021,0.7866623094400089,0.7357425203145964,0.4967073532777163
618,14,7,0.4389024151858708,0.7916960944830315,0.7342099209242121,0.5253881256262055
619,14,9,0.49517825586270614,0.7963992156207248,0.7327982083368391,0.5541365122047986
620,14,11,0.53970656132634,0.8011387832542166,0.7335573857369002,0.5717954700548933
621,14,13,0.5822972930453001,0.8040357716710576,0.7306573688206219,0.5891760541411134
622,14,15,0.6221071585622251,0.8071955508886217,0.7283619297033098,0.6036997982760431
623,14,17,0.6548841287811836,0.810381058288181,0.7285193313118254,0.6164414499721461
624,14,19,0.6750669847090167,0.8126989020352394,0.723892757210568,0.6302528844142113
625,14,21,0.6917906961390183,0.8143970559854821,0.720524381655655,0.6406691505478225
626,14,23,0.7056477079229239,0.8164062590234267,0.7165968828113962,0.6468486913422593
627,14,25,0.7248555549703217,0.8183683456852776,0.7120655994640649,0.6618994574148459
628,14,27,0.7350229703511544,0.8200790932173747,0.7110159333419728,0.667209444884437
629,14,29,0.7339056656870212,0.8219643404118697,0.7111104976799016,0.6763388797250034
630,14,31,0.7294496438182143,0.8233753309726691,0.7078464998816147,0.6878069882787444
631,14,33,0.727577525886484,0.8252511086099431,0.7049659868164896,0.7008426512695624
632,14,35,0.7222016831061043,0.8266437315639978,0.7020387055703111,0.7048021223233549
633,14,37,0.721590994589564,0.8274812184843502,0.6999570392831244,0.7117339974332055
634,14,39,0.7172200513335731,0.8277846484822202,0.6957963329422898,0.7143881659328124
635,14,41,0.7144777119622082,0.8289473958948168,0.6949484518017038,0.7171334840203081
636,14,43,0.7163522902026668,0.8297621380090789,0.690951304111911,0.7230618439001283
637,14,45,0.7342486035043548,0.8295803380376923,0.6863178505552492,0.7298460017046382
638,14,47,0.7406095587660892,0.8304033624282934,0.6845614895368871,0.7343297894954226
639,14,49,0.7348514864693676,0.8309956908501668,0.6811366363518807,0.7409397324069484
640,14,51,0.741576772696804,0.8312331808369822,0.6752739194936379,0.7476337804321951
641,14,53,0.7464971719548671,0.831996278214376,0.6744798523837802,0.7512882386028237
642,14,55,0.7557508262630572,0.8326827972341302,0.6727043147003944,0.7559427461227792
643,14,57,0.7590677987863425,0.8326147746008914,0.6676506471586832,0.7623802091219406
644,14,59,0.7562158699718878,0.833036413163243,0.6639904219941666,0.7658388400212451
645,14,61,0.7583806174486181,0.8334547493689914,0.6593430749612486,0.770512406238153
646,14,63,0.7653772983345655,0.8344605576063227,0.6589900292515803,0.7658478462239314
647,14,65,0.7721334897981116,0.8353948177385769,0.6578488079313007,0.7762318406087588
648,14,67,0.7736708324276171,0.8350001988423478,0.6529220912457246,0.7853122282521514
649,14,69,0.7647036879200605,0.8351232059194882,0.6492636723884835,0.7904200926657019
650,14,71,0.7494117860673113,0.8352828871518918,0.643796523419113,0.7923176162781698
651,14,73,0.7355256999645721,0.8353007616140871,0.6390701176450574,0.7988213956214754
652,14,75,0.7226172820222051,0.8344474938593547,0.6351953418108307,0.7990443268947344
653,14,77,0.7023989958330382,0.8341738274598421,0.6339205182074801,0.8004843773774127
654,14,79,0.7003741715320845,0.8340948721958512,0.6314657691292571,0.8012305694379812
655,14,81,0.6924526241674566,0.833462671037491,0.6278282967300031,0.8001424972316542
656,14,83,0.6808741928006732,0.8330865555364726,0.6250631309685892,0.7998756860697847
657,14,85,0.6584969154747272,0.8329387674338536,0.6222850824766727,0.8075407894628385
658,14,87,0.6470024357047788,0.8329721324438911,0.6213226718725328,0.8083987119229719
659,14,89,0.6479849461364696,0.8325617568771572,0.618271751832748,0.8083903108841916
660,15,3,0.2874488395517121,0.7843141122451812,0.7308642437757331,0.4695924515312142
661,15,5,0.3760528564401714,0.7905440433164773,0.7314994431751215,0.5016422236126987
662,15,7,0.44482696292074986,0.7968537098648281,0.7327088972662898,0.5338089913990738
663,15,9,0.4991576264189231,0.8012564275758706,0.7330202350139028,0.5579714738902244
664,15,11,0.5475386770196943,0.8051622506523534,0.7340169717821599,0.5759718968800711
665,15,13,0.5887649610066916,0.8086153729634828,0.7305821953196819,0.5935832292580835
666,15,15,0.627278173305546,0.8114227325687605,0.7294687140002012,0.6050726829150599
667,15,17,0.6690283813274834,0.813483859679786,0.7263744561719675,0.6198038376222792
668,15,19,0.6829659160781887,0.8159561703276934,0.7247593701780488,0.6341443447404597
669,15,21,0.6977183260554604,0.8179298891693718,0.7234609549024342,0.6467314921989665
670,15,23,0.710181494783018,0.819794440393078,0.7203585289511004,0.654335261592901
671,15,25,0.7289703262464095,0.8214907256687437,0.7132255465250388,0.665373983465644
672,15,27,0.7346036078192282,0.8231764682693845,0.7114660788308675,0.6756540091576293
673,15,29,0.7378588052904396,0.8247365675441743,0.7089956620325555,0.688404092374141
674,15,31,0.7353374389807105,0.8265340987897076,0.7078564206905411,0.696077314196472
675,15,33,0.7345385189057664,0.8279307974517218,0.7058988164444275,0.6997861142903964
676,15,35,0.7337210069673903,0.828631015230523,0.7008215395203968,0.7055067052534095
677,15,37,0.7301413550329341,0.8293083585627715,0.6986553799071562,0.7111030565539171
678,15,39,0.7283566913138291,0.829634786881771,0.6964513936058441,0.7151781604672054
679,15,41,0.7327600660480929,0.8306278117720503,0.6912309751585535,0.7248871094649985
680,15,43,0.7370106476938388,0.8316985620113312,0.6890349168330909,0.7373568667680817
681,15,45,0.7341382284510096,0.8325842488163432,0.6855525118260268,0.7396490976757576
682,15,47,0.7373084460644943,0.8332500331715004,0.6823669942339006,0.7384353765249992
683,15,49,0.7398499998324297,0.8329986525091241,0.6803026666134002,0.7391620798201509
684,15,51,0.7395521761139967,0.8336081426936933,0.6774383975637649,0.7421487522456592
685,15,53,0.738973495030513,0.8347086982667802,0.6707270686390039,0.7489166842404777
686,15,55,0.7390471006124406,0.8352431899887531,0.6689903597227158,0.7492886826737862
687,15,57,0.7501688641402033,0.8363905901027804,0.666419552033205,0.7596425204120152
688,15,59,0.7463900626212819,0.8362114949658342,0.6640601451405231,0.7626056381202784
689,15,61,0.7499681045866218,0.8365607642026586,0.6584837135488643,0.7647946456356892
690,15,63,0.7533089584987644,0.8366840686205953,0.6535505582328172,0.7663663948596477
691,15,65,0.7555856362575452,0.8368933473435396,0.6500823979361394,0.7674102681322547
692,15,67,0.7460163272678425,0.8366827562436377,0.6471828299721853,0.7695794639750143
693,15,69,0.7466631468911162,0.8364682730072599,0.6438284333779963,0.7668516460151307
694,15,71,0.7462586126443358,0.8364256605775656,0.6412389764493774,0.768709538772595
695,15,73,0.7585768906717503,0.8371296537153138,0.6396735014338764,0.7778324939708692
696,15,75,0.7474891752879036,0.8372885246880755,0.6384727914857294,0.7800835086773592
697,15,77,0.7237905157229287,0.8371673273530031,0.6347677703112709,0.7888125174240495
698,15,79,0.7193148681113056,0.8372018181969154,0.6322877919114025,0.7846274424930773
699,15,81,0.6937500046756153,0.8371760308050438,0.630921650818304,0.7967149365381703
700,15,83,0.6952502770611187,0.8372816849460463,0.6282968341829601,0.8012067199834199
701,15,85,0.6849905642925708,0.8371154292298749,0.6258817253756285,0.8018576554702419
702,15,87,0.6742993906365693,0.8363086386829717,0.6228403163915405,0.8007150737265032
703,15,89,0.6587499380792492,0.8360430658928484,0.6207169009997768,0.8059566686258117
704,16,3,0.2799452780143791,0.7809575278955279,0.7258333591711861,0.46600832386359414
705,16,5,0.3668630392084705,0.7867140428573194,0.7307894027833737,0.49933093250693095
706,16,7,0.4312709963973408,0.7922268673533746,0.7325674849323415,0.5257018366865696
707,16,9,0.48841986300342083,0.7971512019136522,0.7310440739386901,0.5497542719763325
708,16,11,0.5347004742245792,0.8011629058548937,0.7308712265567322,0.5699666849096114
709,16,13,0.5764932640825087,0.8042053775840808,0.732337127364921,0.5842093501678498
710,16,15,0.616601806520002,0.8070356180820626,0.7291173346783852,0.6002085137033876
711,16,17,0.6527287698493485,0.8093545438287315,0.7292186670046517,0.6125441258533175
712,16,19,0.6773334679623495,0.8117535521250415,0.7261862239223406,0.624845051528426
713,16,21,0.6884724171616176,0.8141680113432888,0.7244214523635865,0.6350816144164488
714,16,23,0.7057733465439453,0.8163910498437564,0.7205085522054993,0.6436690310081221
715,16,25,0.716501753938354,0.8182733275949597,0.7155944963098185,0.653277225586941
716,16,27,0.7346969737739483,0.8200782366753068,0.7154288996797407,0.6650855806553946
717,16,29,0.73608817622571,0.8217218664673488,0.7138862360424495,0.6703768780605173
718,16,31,0.7296370128067602,0.8235911745297764,0.7129215743926238,0.6784408884132609
719,16,33,0.730995394134856,0.8248936937821976,0.7082550401445578,0.6866247137018411
720,16,35,0.7310140593894596,0.8267906829218156,0.7057255993563943,0.6925525213337231
721,16,37,0.7343817100357839,0.8287324743335317,0.7047587797338756,0.703127004766229
722,16,39,0.7365029692939445,0.8291412561540998,0.7010886415674141,0.7104781552751531
723,16,41,0.7307256508308517,0.8292090179699448,0.6965033275758563,0.7164479631657409
724,16,43,0.7359767378530803,0.8301592939785964,0.692534454924166,0.7242300446566274
725,16,45,0.7420391628546947,0.8310344977836992,0.6899936511352806,0.7304603968995798
726,16,47,0.7387274881869991,0.8311671599610326,0.6855616803812575,0.7349623717473869
727,16,49,0.7442569337830746,0.8317209085589947,0.6817822719300095,0.7371821595598498
728,16,51,0.7357444307257814,0.8321655463396573,0.6770585688679037,0.7376787131192342
729,16,53,0.7451401423389064,0.8325881277549159,0.6747300230377783,0.741999441736067
730,16,55,0.7527162222202761,0.8327545992886124,0.6712195447704284,0.7463807036108818
731,16,57,0.752275654616132,0.8335853141656366,0.6679044078941572,0.7447645339192005
732,16,59,0.7499950138680171,0.8337709509807247,0.663477849497554,0.7440763277592582
733,16,61,0.7495019782805602,0.8349185900579303,0.6624495932309442,0.7505409127447524
734,16,63,0.7607441938627961,0.8353116938711499,0.6585255964695597,0.7587744599177115
735,16,65,0.7615765125729266,0.8363097865881939,0.6563692102835834,0.769130818815458
736,16,67,0.7549851451709965,0.8355653737118387,0.6518366507820851,0.7719612320181857
737,16,69,0.7572638512604064,0.8349774460970601,0.6483283272523739,0.7759597363578656
738,16,71,0.7526519305373938,0.8350348442110216,0.6436484800053139,0.7777400195991085
739,16,73,0.7483023888096834,0.8351601120229148,0.6417450384024728,0.7818026988606487
740,16,75,0.7502236752033287,0.8355232570159401,0.6398953612135818,0.7888709764452435
741,16,77,0.7411071041843577,0.8361057402741363,0.6399315254352298,0.7867076033384472
742,16,79,0.7216173419940672,0.8362202881686231,0.6389129623594164,0.7900599821247253
743,16,81,0.7164385878062727,0.8364508762757987,0.6363472044211479,0.7888173192672238
744,16,83,0.7088893976328869,0.8368891662377991,0.6338532284108057,0.7928557501662256
745,16,85,0.6880337307825206,0.8369209830745161,0.6286598880200602,0.8001809450053308
746,16,87,0.6791195152655383,0.8364993552413527,0.6256395447249091,0.8014136236063768
747,16,89,0.6708500398934744,0.8360256722993124,0.6249068731954154,0.8018174238537923
748,17,3,0.28685468386347857,0.782736032092058,0.7281732776255897,0.46754370726115424
749,17,5,0.3734228350928503,0.7883960220613528,0.7325090856167755,0.5011656564749023
750,17,7,0.4381408025503215,0.7940277711387468,0.7358386886647009,0.526672173515456
751,17,9,0.4949920070854714,0.7985631774091714,0.7350618599452712,0.5504153171722161
752,17,11,0.5409380248623115,0.8030000610752123,0.7342006860911122,0.5738212958054328
753,17,13,0.5818528014167181,0.8067287016890244,0.734252831154102,0.5920619666875278
754,17,15,0.6279733808535959,0.8099298133648659,0.7304548921962744,0.6107810253947739
755,17,17,0.6662781954765452,0.8120697804205643,0.7232143076422746,0.6213166073377825
756,17,19,0.6866146190487316,0.8143730164767361,0.7205214241872486,0.6320608954421936
757,17,21,0.6952923308868327,0.8156590838642247,0.716111396650925,0.6408173281965596
758,17,23,0.7223364446424224,0.8175488504075697,0.7144346877381236,0.6522826025701542
759,17,25,0.735450281403061,0.8190522290324245,0.7122756417577163,0.6617535148032383
760,17,27,0.7423712090478611,0.8205895866961839,0.7091226548530392,0.669812604564172
761,17,29,0.7422603006932548,0.8223439931423036,0.7044547686343854,0.681502708862854
762,17,31,0.7361567797893389,0.8235369092593513,0.7009287909877305,0.689836513022139
763,17,33,0.7343463660312568,0.8247502540752358,0.7004761965521498,0.6929265135240644
764,17,35,0.7320465258537967,0.8257104831969748,0.6991746343865195,0.7013366141592297
765,17,37,0.7305231542902085,0.826735667178933,0.6941503370179661,0.7093127732807281
766,17,39,0.7320469647672334,0.8271302293143514,0.6916974324590852,0.7170180161064788
767,17,41,0.736181219237098,0.8277750478732145,0.6873216468961982,0.7208873843370179
768,17,43,0.738604433321191,0.8286427393460897,0.6825484439382173,0.7263210027578235
769,17,45,0.7427933684406377,0.8292757734867042,0.681961504953666,0.7318561631426652
770,17,47,0.7386803289904657,0.8300053127526801,0.6774077052905229,0.7293833312931484
771,17,49,0.7362509159384545,0.8300653167532034,0.6749481662202856,0.7328736189740046
772,17,51,0.7407452120998352,0.8301036562603051,0.6724568132502955,0.741104356739476
773,17,53,0.7450955434574826,0.8312677939279309,0.6710408751692793,0.7454426698389465
774,17,55,0.7484558113303309,0.8323987304679237,0.6680257172542651,0.7484681572898317
775,17,57,0.7533894075077884,0.8337313362004843,0.6658325922812026,0.7552249018534591
776,17,59,0.7528135493976124,0.8344493322646542,0.661550962613281,0.7580830290259658
777,17,61,0.7529797021980413,0.834276319053385,0.6553146795922016,0.7590170298775233
778,17,63,0.7556188344691022,0.833481408730028,0.6496508034105213,0.7593501973743896
779,17,65,0.7632741142124092,0.8336820625219474,0.646843507304626,0.7632385132548685
780,17,67,0.7707304513614966,0.8343027043299063,0.6434933883809077,0.766651095079667
781,17,69,0.7600460175827946,0.8343561925914772,0.6405498975798647,0.7739734171555912
782,17,71,0.760215864924023,0.8337417300896256,0.637921547489492,0.7743694205420834
783,17,73,0.7597637248198996,0.8330865478950739,0.6347516999249179,0.7772864834311454
784,17,75,0.7362006453423038,0.8325396172337356,0.631849612812802,0.785593590950399
785,17,77,0.7175201631084471,0.8324486016201651,0.6290959950816924,0.7853804173537074
786,17,79,0.7171012181473002,0.8324790482436397,0.6243757417050835,0.7864098529810909
787,17,81,0.708532300143686,0.8325761460343486,0.6226193846055171,0.7846994843840787
788,17,83,0.6946418536837745,0.8328270137290458,0.6194345423268697,0.7893145535615287
789,17,85,0.6735096143615594,0.8326502358139853,0.6160820308780699,0.7960220479289293
790,17,87,0.6602654370200683,0.8318087925415694,0.6111104739438541,0.7978678449375202
791,17,89,0.646100797608435,0.8312834732657232,0.6070541720340313,0.8019882946769296
792,18,3,0.28356208986784737,0.7848389521223231,0.7364584439714034,0.46964781126868604
793,18,5,0.3663873955900332,0.7905094527192105,0.7389408955865118,0.4983473065750128
794,18,7,0.4422010443202808,0.795677329721424,0.7365289428977735,0.5280365692275322
795,18,9,0.49332853702515045,0.8001916330647586,0.737364763903873,0.5488616961857141
796,18,11,0.5444445862777465,0.804350676524418,0.7344555023861037,0.5691949102581649
797,18,13,0.5877879062467013,0.8073844971130294,0.7345635057920045,0.5887721752173662
798,18,15,0.6272213530191798,0.8101359772945422,0.7333329366383177,0.6060691397253568
799,18,17,0.6698794662910563,0.8131088740455445,0.7293235800304196,0.6272840858021991
800,18,19,0.6929994567247488,0.8155724944824596,0.7259740707733853,0.6402556332419553
801,18,21,0.7071839660540629,0.8179106824582648,0.7248557684287329,0.6502565333770065
802,18,23,0.7248162417598413,0.8193455089999471,0.7197918682354428,0.6572829351522244
803,18,25,0.7412842095267586,0.8210068470463083,0.717097042488241,0.668563386920489
804,18,27,0.7483073795698546,0.8224007062725458,0.7147721655832434,0.673152822489336
805,18,29,0.7393940105953212,0.8236900461702035,0.7094851328349168,0.6846760059524851
806,18,31,0.739893622066616,0.8261385216290739,0.7084538171003069,0.6903009665502812
807,18,33,0.739306457531941,0.8279666670411611,0.7063656647347665,0.693153063734905
808,18,35,0.744564711740072,0.8291598807847893,0.7023458567502219,0.7023398538118506
809,18,37,0.7389722566176863,0.8306583765100484,0.698274727412517,0.7040763028251655
810,18,39,0.7364195589100337,0.8321336564066126,0.6938893278054972,0.7149367449151075
811,18,41,0.7393013285893882,0.8322197225187125,0.6899006109002169,0.7191744965052668
812,18,43,0.7448285580837601,0.8325391029890463,0.6880041589386683,0.7247181474472882
813,18,45,0.7480325674188568,0.8330095327781764,0.6857421841349391,0.7288163009731916
814,18,47,0.7539107473085895,0.8342913586574845,0.6819084929997743,0.7382787621491431
815,18,49,0.7456888590210402,0.8350507238283211,0.6806838929592913,0.7418080505623781
816,18,51,0.7496464580850573,0.835719038365327,0.6782336143647808,0.7516301971885176
817,18,53,0.7506786602539404,0.836063028675884,0.676274523358434,0.7561387408043576
818,18,55,0.7468579164929606,0.8367450614330111,0.6745952501346127,0.7563646975325191
819,18,57,0.7492078593459202,0.8370692729455461,0.6670207300622235,0.7646684625168437
820,18,59,0.7548723673012602,0.8380835715871504,0.6647244250165317,0.7666796194147238
821,18,61,0.7516657941890755,0.8372951015971006,0.6594676858895742,0.7694233165456179
822,18,63,0.7474366405991106,0.8372947652902206,0.6547336518122961,0.7651523600062105
823,18,65,0.7477154496092827,0.8369457183386827,0.6494173003899215,0.7629800728791746
824,18,67,0.743799018878556,0.8363706632037959,0.644765375907031,0.7720933278732076
825,18,69,0.7448833203924871,0.8364356974868841,0.642039617173408,0.7721279847046312
826,18,71,0.744261151592518,0.8367227775867675,0.6401508854821435,0.7805788636668232
827,18,73,0.7462600261635628,0.8375166236665665,0.6379962455508318,0.780035931610473
828,18,75,0.7361557542887778,0.837788341658619,0.6366803369374019,0.7900033457396005
829,18,77,0.7365751842601933,0.8380343221078204,0.6339234641062033,0.7895149349953882
830,18,79,0.7292391356519985,0.8383541352882121,0.6338447888871332,0.7911968948317154
831,18,81,0.7155487828324869,0.8385451693343244,0.6296781115101546,0.7965978568093389
832,18,83,0.6958406180888699,0.8395274995243783,0.62983578948269,0.8036794508723221
833,18,85,0.6807750734689795,0.8390020070544686,0.6270115565926895,0.8049739142882001
834,18,87,0.6681268667758544,0.8384645553537866,0.6278636416170613,0.8058519367185205
835,18,89,0.6681999521745459,0.8380197869946273,0.6252902251471381,0.8080909046409138
836,19,3,0.2813903149226076,0.7832394345047138,0.7316984431475675,0.47135648610442044
837,19,5,0.3678290915194956,0.7894583995100092,0.7326022155323155,0.5020019978041569
838,19,7,0.4336336402617443,0.7945382805997381,0.7325765837395005,0.5274103878536701
839,19,9,0.49748288439196064,0.7995605803085628,0.7342002127356024,0.5549778139211204
840,19,11,0.539246603887869,0.804187247231922,0.7348759168955534,0.573319238714135
841,19,13,0.5906328831714523,0.8076898766077892,0.7332581973516509,0.5954260167866695
842,19,15,0.6296637483758724,0.8104016085144475,0.7294671969203823,0.6118333773526724
843,19,17,0.6708179858593578,0.8130999351553174,0.7256396161253018,0.627896547417617
844,19,19,0.6842507325492947,0.8149632857856436,0.7219585056749263,0.6353501203155936
845,19,21,0.7066819692649512,0.8167798524087623,0.7203318460290667,0.6487885325124508
846,19,23,0.7209403980552921,0.8188501631548698,0.7174563170963839,0.6552971527088822
847,19,25,0.7310169052189764,0.8201395655271291,0.7123974969746696,0.6605935821489981
848,19,27,0.7312551358429206,0.8216710911761632,0.7098093615258255,0.668751005301653
849,19,29,0.7300954493764747,0.8229450618180504,0.7093608329384096,0.6752981335229019
850,19,31,0.7228016779890407,0.8247655087045841,0.7081494599348734,0.6858650156860804
851,19,33,0.7244697459210643,0.8254032824048912,0.7039908567287959,0.6928098600920671
852,19,35,0.7234013231359978,0.8265906895449269,0.7014376341944372,0.6960375129872555
853,19,37,0.7243559371693034,0.8281059765028974,0.6993040688525209,0.7069128660498396
854,19,39,0.7267264236568733,0.8299130972042434,0.6986151147323305,0.7116339297721697
855,19,41,0.7327283144689112,0.8304355777439074,0.6936369604552695,0.72037691443146
856,19,43,0.731921016567897,0.8314248221952226,0.691509211371044,0.7239610615758699
857,19,45,0.7337149904921985,0.8318828264390642,0.6876959418554974,0.7268361454077494
858,19,47,0.7343755845188011,0.8327119624250912,0.6839134361108422,0.7334378078858752
859,19,49,0.7353677619992018,0.8333504381292812,0.6821266301205838,0.739564965166649
860,19,51,0.7346392753397166,0.8335408869875125,0.6793655012463472,0.7481778084089667
861,19,53,0.7374328190783281,0.8336596105132876,0.673574829299149,0.7478005328823922
862,19,55,0.7516360249896331,0.8340087969364117,0.6690399166685612,0.7534463189891545
863,19,57,0.74910463355559,0.8350437421494566,0.6666320245538044,0.7586296314107523
864,19,59,0.7450185413505734,0.8349239977742773,0.6628966480534576,0.7570448653871622
865,19,61,0.7519625518061561,0.8341838293736564,0.6588979110770851,0.7607459333144704
866,19,63,0.7492375352361901,0.8343450222595532,0.6548236615151077,0.7638938476060774
867,19,65,0.7514992822144367,0.8346979657065091,0.6494105504765115,0.7614124678768512
868,19,67,0.7477285571037273,0.8344696542496732,0.6444508605461419,0.7634793144689355
869,19,69,0.7429431674680564,0.8344918627378448,0.6422848495750166,0.7726389006760074
870,19,71,0.7337556927770414,0.83427117680414,0.6392551223955205,0.7739392830981301
871,19,73,0.7324492713967548,0.8350199417777621,0.6383634448797675,0.7810128206784495
872,19,75,0.737635860272924,0.8359843228208805,0.6393055974866239,0.7823870776034813
873,19,77,0.7381616830798918,0.8354116759706065,0.632535694293249,0.7817477327995099
874,19,79,0.7344978828586606,0.8352857206430332,0.6290252490744902,0.7831081271730466
875,19,81,0.7337254711080132,0.8352049019299003,0.6255769783868261,0.786093707411176
876,19,83,0.70299078569935,0.8348630263408017,0.6217249196494784,0.7970495444320823
877,19,85,0.6877573047390642,0.8347502615236577,0.6193817518969974,0.7979973730542282
878,19,87,0.6835055516091086,0.8346946797551413,0.6186041771889561,0.7995841559899355
879,19,89,0.6815643978804462,0.8345441024186921,0.6167610317681385,0.7959219006668605
