,iteration,median_filter_window_quiver,category_count_score,f1_per_timestamp,f1_per_annotation,f1_per_prediction
0,0,1,0.12479738570559762,0.3771114380404237,0.5525081178868406,0.2506467169882641
1,0,3,0.1298972699908394,0.3771826263938591,0.5537407310610608,0.2514532185111014
2,0,5,0.13200745154371346,0.3773021270209026,0.5533064133244705,0.2502180700293693
3,0,7,0.13349881620235812,0.3774679541472831,0.5542890553186041,0.24969130373941492
4,0,9,0.13416830454395545,0.3775050872515605,0.5540651550697183,0.24982948869775387
5,0,11,0.13491206180768323,0.3776639466078814,0.5540651550697183,0.24963103628189223
6,0,13,0.1352606889188943,0.37776293444662323,0.5540651550697183,0.24992860237201012
7,0,15,0.13549997686362483,0.3778940137082075,0.5542892481171473,0.24960954111936878
8,0,17,0.1356833674643075,0.3779992673324945,0.5540288162088265,0.24918914418363808
9,0,19,0.1356393898773181,0.3780493974701222,0.5544202309135958,0.2489126244662385
10,0,21,0.1356247258172545,0.37808917387017,0.5544202309135958,0.24823039602062358
11,0,23,0.1359608825385523,0.3781764189863667,0.5543465094029177,0.24816529139342602
12,0,25,0.13618592523798656,0.37824701926974674,0.553335148286859,0.24909114188144352
13,0,27,0.13658800782361977,0.37832464124612475,0.5523520190169525,0.2494995862591816
14,0,29,0.13673204162419222,0.3784376140226656,0.5526663100323258,0.2494804373926265
15,0,31,0.13686614664766159,0.37844128170376895,0.5528163014296289,0.24927215067407446
16,0,33,0.13676738248034903,0.37836548991691543,0.5532087470137347,0.24996043881498622
17,0,35,0.1366899844351758,0.3784261633995297,0.5542990376949739,0.24998930939746375
18,0,37,0.13652632042212595,0.378472801957752,0.5542990376949739,0.24993175531362957
19,0,39,0.1368066380540082,0.3785963984840209,0.5545663227315945,0.2497749004963403
20,0,41,0.13675231650717237,0.37866971446078346,0.5545663227315945,0.25031669034738463
21,0,43,0.13674363580966226,0.3787910202533939,0.5545663227315945,0.2500508029168402
22,0,45,0.13689467531655936,0.378930588621015,0.5545663227315945,0.2497796126722481
23,0,47,0.13685091411884706,0.3790480021292691,0.5549088226122454,0.2501217437912742
24,0,49,0.13718962662022943,0.3792839452022737,0.5549088226122454,0.24966704996504285
25,0,51,0.1373458720311181,0.37941948170499523,0.5557332765278161,0.24969374992357288
26,0,53,0.13734394069662198,0.3796015697934655,0.5547929456212284,0.25020304397510473
27,0,55,0.13748413792797637,0.37974883140589044,0.5544602248442881,0.2503000061562866
28,0,57,0.13760056370921644,0.379807346665176,0.5544602248442881,0.2504774561968225
29,0,59,0.13793635155291836,0.3798949441069032,0.5544602248442881,0.25027340696221767
30,0,61,0.13819397829485158,0.38003411834751066,0.5544602248442881,0.2502705327861482
31,0,63,0.13825576517484106,0.38008852564077944,0.5545312645448338,0.2507476637988764
32,0,65,0.13839757093308871,0.3802931069159802,0.5547530811554108,0.25086635467757534
33,0,67,0.1384890110797481,0.3804171598973798,0.5540220329168162,0.2513050004571992
34,0,69,0.13851043517255404,0.38053388699226415,0.5540220329168162,0.2517897854169304
35,0,71,0.13838585758566488,0.38053752593433987,0.5540938969249088,0.2520902170782713
36,0,73,0.1384330598523061,0.38062442549107506,0.5540938969249088,0.2522510273732021
37,0,75,0.1385211918497816,0.38076055856727065,0.5530178916561909,0.2527362293613128
38,0,77,0.13876061700583125,0.38077079016290455,0.5530178916561909,0.2525831747999125
39,0,79,0.13902330000130383,0.3809058500309178,0.5530178916561909,0.2531433267364242
40,0,81,0.1392540704549275,0.3809314370553233,0.5519322889882166,0.25341598951061617
41,0,83,0.13961555967666797,0.38104181688018113,0.552310148223911,0.25308437551643903
42,0,85,0.13963967228224347,0.38110362023486577,0.554307639622569,0.25269335279933985
43,0,87,0.1397748338934455,0.3811565601640788,0.5541368780210906,0.25347936783276565
44,0,89,0.14005986574314572,0.3811922598468022,0.5529765018718761,0.2536279397563024
45,1,1,0.127884102780224,0.38669585360588005,0.5743840012685325,0.25670521981171207
46,1,3,0.1327807942636703,0.38689229020833515,0.576304549987432,0.2579993169130283
47,1,5,0.13450910120034068,0.3870335149509502,0.5760244156635096,0.25877222070783606
48,1,7,0.13520642713494246,0.387039066149158,0.5771317971695922,0.2585709927547743
49,1,9,0.13600760390670416,0.3871546849156838,0.577445639734017,0.2576498358517138
50,1,11,0.13671469580889717,0.3871911342456366,0.5771924681277285,0.2581339160374882
51,1,13,0.1372394058265227,0.38727166691378534,0.5768891868734133,0.2583727058972941
52,1,15,0.13754809044118835,0.38749886909603887,0.5768891868734133,0.2578298619381931
53,1,17,0.13788685748463522,0.38767411692953685,0.5768891868734133,0.25797277001615765
54,1,19,0.13816684389236236,0.3878064360246429,0.5780434157820677,0.2583870639160005
55,1,21,0.13818166476851496,0.3878911012402795,0.5780434157820677,0.2584847011451122
56,1,23,0.13789544093199732,0.38803458630729565,0.5784800568625169,0.25826258649814515
57,1,25,0.13819564703435885,0.3881622551826283,0.5797900387730834,0.25863397076793715
58,1,27,0.13825643112295688,0.388305607825357,0.5800506711423401,0.2586181426772644
59,1,29,0.13847030159669532,0.38844337432059095,0.5802752599963232,0.25826768873174405
60,1,31,0.1387044871945838,0.38872949869557166,0.5800506711423401,0.2584818639179741
61,1,33,0.13860409651183297,0.38894412303574943,0.579851071006195,0.25913507615017434
62,1,35,0.13847880824209205,0.38901932794519284,0.5787029622474613,0.2595868460160608
63,1,37,0.13879684730669214,0.3892048082300631,0.5787029622474613,0.25903664200538373
64,1,39,0.13900534808493764,0.38933092221476345,0.578980265914307,0.2588006530223144
65,1,41,0.13924905683773345,0.38939800982116973,0.578980265914307,0.2585725770599011
66,1,43,0.13951531220750937,0.3895237505262595,0.5783183610946029,0.2590756990322112
67,1,45,0.1394791525893114,0.3895693142942998,0.5783183610946029,0.2596162523736353
68,1,47,0.1393813755436663,0.3897155090181024,0.5783183610946029,0.2598889811910247
69,1,49,0.1397060771410313,0.3898116683218161,0.5783183610946029,0.260126380772242
70,1,51,0.13987487317381486,0.389783604575038,0.5783183610946029,0.26060868943969445
71,1,53,0.13987141966123412,0.3898819378823629,0.5783183610946029,0.2607280166725276
72,1,55,0.14015564147377588,0.3899294984042446,0.5783183610946029,0.26127793519444326
73,1,57,0.140464115739414,0.3899549840202749,0.578574203751142,0.261690584153285
74,1,59,0.14036973161570723,0.38989842539807196,0.5795733920161643,0.2619314659659416
75,1,61,0.14037802362860913,0.3898453817703285,0.5782282221927336,0.26218936846069324
76,1,63,0.14018704526205825,0.3898449030223305,0.5785382514913033,0.2622898967590709
77,1,65,0.1403440573527329,0.38984513721456227,0.5785382514913033,0.2612650065607254
78,1,67,0.1408216937835831,0.3898589009966264,0.5785382514913033,0.26057031763591676
79,1,69,0.1412521031538517,0.3899374073380718,0.5785382514913033,0.26078437291697126
80,1,71,0.1412827319610389,0.3898318423745542,0.5789801132444705,0.2611017797969089
81,1,73,0.14149873119692213,0.38975450757097985,0.5789801132444705,0.2609408352250949
82,1,75,0.1416934098301957,0.3897141227131424,0.5788710588496634,0.2604731434390335
83,1,77,0.14189576584396538,0.3896805476712584,0.5788710588496634,0.26011082377600275
84,1,79,0.1416828960943995,0.3896468528605304,0.5788710588496634,0.2606263363305606
85,1,81,0.1417271214362641,0.38958780992795833,0.5777140487249252,0.26070524495766817
86,1,83,0.14162778527021203,0.389574447473587,0.5777140487249252,0.25978744430820144
87,1,85,0.14186913404118165,0.3895590561569063,0.5788076615799441,0.25998365543380303
88,1,87,0.14242282488694633,0.389574597009947,0.5780796756923843,0.25923649004409116
89,1,89,0.1427952516995946,0.389628460742293,0.5780796756923843,0.25875948814084976
90,2,1,0.12749435496457615,0.38523297393772954,0.5644794507579282,0.27164641952839175
91,2,3,0.13233679857809502,0.38522812558648173,0.5655337501285695,0.27012201654250717
92,2,5,0.13386722525679984,0.38532017243263755,0.566585517694121,0.2707550553993022
93,2,7,0.13461108768491759,0.3853619454381239,0.566585517694121,0.27054305514960464
94,2,9,0.13500733132060355,0.38539704958278886,0.5674914630645562,0.27003969993635957
95,2,11,0.13531463913043953,0.3853638454585642,0.5675512564015334,0.2703510950085993
96,2,13,0.135750960455923,0.3854138288205665,0.5675512564015334,0.27030422757353484
97,2,15,0.13593992599110774,0.38555022522345916,0.5665591268804342,0.26983190257477485
98,2,17,0.13630630329020024,0.38565729307386604,0.5657013387337889,0.27018299257551615
99,2,19,0.1367294300234743,0.38570647933510366,0.5657013387337889,0.27042911583822843
100,2,21,0.13689227131077428,0.3856852595705597,0.5666922406995858,0.27033719842990905
101,2,23,0.1370830773153078,0.3856678332271155,0.5666324297328709,0.27050932642572695
102,2,25,0.13741286511926173,0.385655337180301,0.5657107349708194,0.2703152218907273
103,2,27,0.13777795094370052,0.3857499242035063,0.5657107349708194,0.27014012935668014
104,2,29,0.13799487039272176,0.38583549064565287,0.5657107349708194,0.2700955931262321
105,2,31,0.13796863206469104,0.38591088365997417,0.5657107349708194,0.2705184397045058
106,2,33,0.138062573374915,0.38597223137635733,0.5660167015353603,0.2697325094748572
107,2,35,0.13785387098427707,0.3859406968104594,0.5660167015353603,0.2687104840306481
108,2,37,0.1379575730110626,0.3860163593111766,0.5659513595342075,0.26898557535049067
109,2,39,0.13817794342162903,0.3860525091788262,0.5659513595342075,0.26951106143443065
110,2,41,0.1385753460451685,0.38610899005753396,0.5659513595342075,0.2692841841754846
111,2,43,0.13885667037880478,0.38610055156075085,0.5659513595342075,0.2696544748443826
112,2,45,0.13902915019244352,0.3861488667616268,0.5663915651119545,0.269125765018609
113,2,47,0.13945906859117704,0.3861593276701295,0.5667030004303237,0.26976814135636507
114,2,49,0.13963865469588888,0.3861387603750082,0.565550287447324,0.26975470966552273
115,2,51,0.14004013700646376,0.3861643188528734,0.5643863518794671,0.2696482542887054
116,2,53,0.14036226322252726,0.386234825040805,0.5629831670424447,0.26982199452667704
117,2,55,0.1405646500515672,0.3863045119730101,0.5629831670424447,0.26984237529153854
118,2,57,0.1408424522039157,0.3863529103758155,0.5629831670424447,0.26999906151073183
119,2,59,0.1407768755287039,0.38640913034403696,0.5629831670424447,0.2706033582190096
120,2,61,0.14067138715451888,0.3862815839933044,0.5629831670424447,0.27098110111359663
121,2,63,0.14077467902885865,0.3862757096185648,0.5629831670424447,0.2722171175962609
122,2,65,0.14055767076722753,0.38624098896358794,0.5629831670424447,0.2719442041594346
123,2,67,0.14040138166181387,0.38633465566319497,0.5605378088814056,0.27187312479360265
124,2,69,0.14064753034486008,0.3862245123380685,0.5592675658140263,0.2724772197686101
125,2,71,0.14087136340003964,0.38629287663706935,0.5602320041945774,0.27262739466514735
126,2,73,0.14168697790648213,0.3863346420330488,0.5597403407553994,0.27297138650247976
127,2,75,0.14184531312758636,0.3863112599670404,0.5597403407553994,0.27207360824566484
128,2,77,0.14219775854355296,0.38624048060868893,0.5597403407553994,0.27230115391729226
129,2,79,0.1425173922436675,0.3861911426606392,0.5594729132832874,0.27220052831221897
130,2,81,0.14271909044323275,0.386227010723661,0.5580588112855661,0.27271591937402573
131,2,83,0.14322063281230019,0.38613359502293665,0.5567961248839851,0.2726290662164563
132,2,85,0.1430922134068149,0.38612373172073283,0.5552926718073354,0.2721884309482901
133,2,87,0.14334666621172198,0.3860706458519498,0.5552926718073354,0.2724505027622575
134,2,89,0.1441290797382459,0.3860388941473144,0.5537776439275586,0.27281764333867015
135,3,1,0.12795409528129784,0.3892474730530943,0.5806199731733045,0.25966406340017795
136,3,3,0.13348963658614368,0.38936384264329166,0.5809729293420042,0.26058467810522973
137,3,5,0.13507373661722596,0.3894666131195578,0.582079065029099,0.26215139623590383
138,3,7,0.13580406512543103,0.38955896587398214,0.5828085634783432,0.26139357959817267
139,3,9,0.136403943322944,0.3896105895186815,0.5839787115446692,0.2615615246078928
140,3,11,0.1369783160622163,0.3896970078255525,0.5840823576468831,0.2621139347152496
141,3,13,0.1371893833968453,0.3896561120659195,0.5819557054157435,0.26190460743804167
142,3,15,0.13764518214694751,0.3896823535529848,0.5830239055562293,0.26231405592768564
143,3,17,0.13800022553909147,0.38981311588191675,0.5840823576468831,0.26189371196331307
144,3,19,0.1386039714846973,0.3899012247289881,0.5840823576468831,0.26166821020145975
145,3,21,0.138752617192268,0.3898678772109045,0.5840823576468831,0.26172839885869453
146,3,23,0.1388017145605477,0.38994700420724177,0.5840823576468831,0.2615476377135629
147,3,25,0.13923544081309908,0.3899779370290503,0.5838022941824912,0.26165524817850516
148,3,27,0.13895898109320534,0.3900540583599011,0.5840823576468831,0.26142834946793425
149,3,29,0.1395893319129766,0.390146930347508,0.5830694178340083,0.26219616150465636
150,3,31,0.13952430629371193,0.39014305501715435,0.5830694178340083,0.2620479137198983
151,3,33,0.13984709917901403,0.3902004336950871,0.5830694178340083,0.2620063084616335
152,3,35,0.13990186057962464,0.39021375214161463,0.5843983214884935,0.2613146037569948
153,3,37,0.13986084045593936,0.3902568528900719,0.5833494902614696,0.261421296610543
154,3,39,0.13981312410120197,0.39027266003114075,0.5833494902614696,0.2614553214225549
155,3,41,0.13993863213827756,0.39030250291281204,0.5810578726120098,0.2618782029907158
156,3,43,0.14022713864367087,0.3903952862703757,0.5799797856914896,0.2619326308162813
157,3,45,0.14037909011384406,0.39043093598302425,0.5802522148360378,0.26161215442628655
158,3,47,0.14024681690383,0.39043644299135444,0.5802522148360378,0.2612824117362508
159,3,49,0.1404649958004819,0.3904331219442468,0.5800411318669695,0.26128340482522605
160,3,51,0.1405908698889385,0.3904972909941241,0.5800411318669695,0.2609909257835534
161,3,53,0.1406750958637911,0.3905206061403859,0.5791604373130458,0.2614380040897285
162,3,55,0.1408933629499538,0.39051001576640937,0.5791604373130458,0.26138360067113825
163,3,57,0.14123536310280774,0.39060644666849786,0.5791604373130458,0.26169830623159646
164,3,59,0.14127064178351378,0.39062624436553356,0.5801648523227286,0.2612051933621103
165,3,61,0.1411961574425084,0.39067213189871947,0.5804393022421405,0.26166951907340785
166,3,63,0.1407896060412657,0.39068133202598254,0.5804393022421405,0.26186984493427284
167,3,65,0.1409811159296222,0.39074498155288595,0.5794320296781125,0.26095850203189336
168,3,67,0.14095998211100627,0.39076553451150836,0.5783262262809722,0.26149627295209776
169,3,69,0.14104928081918228,0.39074268613198015,0.5774767165047077,0.2615865318492202
170,3,71,0.1414487188658594,0.3907599096796601,0.5774767165047077,0.26205694858479694
171,3,73,0.14169057716642083,0.3907834671118913,0.5779260140212983,0.2613522676143554
172,3,75,0.14164597640413215,0.39083022554286895,0.5785268166709292,0.2617991384595096
173,3,77,0.1419097676779166,0.3909074474454316,0.5785268166709292,0.26193850033066396
174,3,79,0.14195030490160132,0.3908889166583779,0.5761683133373704,0.2620306577947714
175,3,81,0.14197240535093603,0.3908312515886376,0.57500278012195,0.26188582166215335
176,3,83,0.14199722447619972,0.3907248800704423,0.5738257262997916,0.2624234169472127
177,3,85,0.14221462412661026,0.3907349441356981,0.5726369762896867,0.2623461324771773
178,3,87,0.14256459108991063,0.39070412444879593,0.5726369762896867,0.26223881652494896
179,3,89,0.1428537140062717,0.39080387342261586,0.5728940768747625,0.26247660715039484
180,4,1,0.1282747712429982,0.39001501396561833,0.5968102372713219,0.2657448132032167
181,4,3,0.13368420751071064,0.3900595251187977,0.5979624455012812,0.26666389530939083
182,4,5,0.13541175284941903,0.3899475471225461,0.5959682657098566,0.26655530181434745
183,4,7,0.136349822821471,0.39000960841007737,0.5962465360042545,0.26720883877831436
184,4,9,0.13716508534445107,0.3901922558092403,0.5954655320854055,0.26746392035215666
185,4,11,0.13791349440447065,0.39026882989817696,0.5951554843098369,0.26759642529245503
186,4,13,0.13810124520332082,0.39048946817643065,0.5951554843098369,0.2677270353288728
187,4,15,0.13823310703004368,0.39066877558143354,0.5950413533666417,0.26864495736800503
188,4,17,0.1391853705448452,0.3908222440891855,0.5950413533666417,0.26885506047509483
189,4,19,0.13943211967212873,0.3909623244363618,0.5960677145138613,0.2686220490494212
190,4,21,0.13966347615654143,0.3909960673161844,0.5952946084329531,0.2683710388415402
191,4,23,0.13986970456056091,0.391104692126037,0.5952946084329531,0.2679980547211507
192,4,25,0.1398433897770804,0.3911382007145745,0.5965607332284897,0.2668148811648218
193,4,27,0.14024209865135387,0.39121244059812277,0.5965933097316546,0.26758582736459985
194,4,29,0.14026709841138982,0.3913716799355732,0.5965933097316546,0.26751590315255364
195,4,31,0.14024126869692727,0.39160277470873966,0.596311908884024,0.2681568028380968
196,4,33,0.14033557723942688,0.3917045562889106,0.596311908884024,0.26804117152489587
197,4,35,0.14056554994914616,0.39179143191786664,0.5955728787273512,0.2682827127687964
198,4,37,0.14084385782582706,0.3919176186917134,0.5955728787273512,0.26869242222642503
199,4,39,0.14093063594287022,0.39202905734008303,0.5962188436609751,0.26831889674550513
200,4,41,0.14079278767311607,0.3921463961145757,0.5964676769396347,0.2679443765092518
201,4,43,0.14068259939654193,0.392148613298252,0.5964676769396347,0.2691547936278113
202,4,45,0.14095172909638443,0.3922198894731058,0.5964676769396347,0.2697932205575995
203,4,47,0.1414772918859832,0.3922025245113088,0.5964676769396347,0.2701412773459791
204,4,49,0.1415322211253565,0.39213128193864727,0.5965906054440246,0.26981386660191
205,4,51,0.14164825711504198,0.39207575311519427,0.5965906054440246,0.2699070286617995
206,4,53,0.14161922165249746,0.3921858043980378,0.596877324417914,0.269230727843325
207,4,55,0.14163128221327875,0.39210110262346803,0.5971669441955302,0.2695681512175679
208,4,57,0.14188291842495251,0.392070892193305,0.5971669441955302,0.26970147853368
209,4,59,0.14213492449911733,0.392062371974787,0.5971669441955302,0.26992484742424405
210,4,61,0.14207256230328533,0.3921651595801195,0.5971669441955302,0.26961753368139957
211,4,63,0.14220261863847003,0.39215707646411546,0.5971669441955302,0.26952995195929974
212,4,65,0.14226355859046683,0.39223486991727535,0.5961243918276488,0.26906347298716293
213,4,67,0.1423233122786993,0.39228291347757394,0.5948622851149923,0.2693735394588518
214,4,69,0.1426634473744518,0.3923575682460319,0.5948622851149923,0.26875152807218705
215,4,71,0.1430628158246008,0.3923958965308955,0.5946799958719738,0.2691625198710965
216,4,73,0.1431823286097537,0.3923992991112755,0.5936147523849941,0.26963452604099186
217,4,75,0.1437000176724841,0.39241568708175295,0.5936147523849941,0.269883657159448
218,4,77,0.14353774080597997,0.39239174019249345,0.5936147523849941,0.2699294287731567
219,4,79,0.14338599486276335,0.3923209974364033,0.592539602363607,0.26990694760317946
220,4,81,0.14325050287733204,0.39231564636193567,0.592539602363607,0.2704351361549258
221,4,83,0.14351935777328578,0.39231904728595507,0.592539602363607,0.2707789002983992
222,4,85,0.14380877342289544,0.3924252173762552,0.5930037200040374,0.27145376323537984
223,4,87,0.14379893109672,0.39229899795701106,0.5894609798413679,0.2709374263461853
224,4,89,0.14436903594213973,0.3922841349371716,0.5894609798413679,0.27178725250089814
225,5,1,0.1282767965655172,0.3922435719888024,0.5759259077580732,0.26410466117672204
226,5,3,0.13303250668672034,0.39226275240832126,0.5752226879417749,0.26582953444690594
227,5,5,0.13485562034051143,0.39248468768130795,0.5754329277246303,0.2659842942154529
228,5,7,0.13570792449738817,0.39253410705640956,0.5751876078465193,0.26629548589294016
229,5,9,0.13627323310241754,0.39272266393225275,0.5782799955886144,0.26625122014789876
230,5,11,0.13674739803650746,0.3928912024544128,0.5779744765586129,0.26522182591149573
231,5,13,0.1369276297418313,0.39307803317599926,0.5777949357728106,0.2666900081804677
232,5,15,0.13724533168374337,0.39332377904166477,0.5783617449869963,0.2667423294073503
233,5,17,0.13757928995394655,0.3933949837368769,0.5772933589990098,0.2683829723448264
234,5,19,0.13773495311061104,0.39350286662185224,0.5774868233558822,0.2682689066590984
235,5,21,0.13789422270093366,0.3935431839575442,0.5763932962070047,0.26870942532437186
236,5,23,0.13798879460190583,0.39362226458208877,0.5752896423914774,0.2684540094426187
237,5,25,0.13842807601379933,0.39370898330554827,0.5763932962070047,0.2685379365421576
238,5,27,0.13873442452468385,0.39394420581044814,0.5774868233558822,0.2695626088623117
239,5,29,0.13907637272678494,0.39406642334847053,0.5774868233558822,0.2700203612217105
240,5,31,0.1391520104524589,0.3941985633410564,0.5763932962070047,0.27012305370613865
241,5,33,0.13940852795519212,0.3943583061722708,0.5763932962070047,0.2696831116597937
242,5,35,0.1396977152801145,0.3943564177343058,0.5763865661263636,0.2701718674725824
243,5,37,0.13995975833421276,0.39450715795759633,0.5763865661263636,0.2699539245541391
244,5,39,0.1400468144196933,0.39461786183975966,0.5764446906097814,0.2699430666068679
245,5,41,0.1406524129072682,0.3946856551068799,0.5764514206904224,0.2689777173342783
246,5,43,0.1408337844229501,0.394755459511685,0.5754695565288452,0.26892273802087285
247,5,45,0.14115066967161596,0.39474155289708585,0.576754733081256,0.26868325139659255
248,5,47,0.14133358347307634,0.3947276722588912,0.576754733081256,0.26847577625090807
249,5,49,0.14152531946636823,0.39476023302250096,0.5777952495538715,0.2682345055086876
250,5,51,0.14169308594655597,0.3948454541674356,0.5777952495538715,0.2684481674825588
251,5,53,0.14150577306305642,0.39489227971418084,0.57755441566052,0.2670543505488762
252,5,55,0.1414940926474273,0.3948717128131549,0.5758284055044546,0.26721315053721717
253,5,57,0.1417457443724494,0.3949864368211469,0.5746837732807762,0.2665493564036802
254,5,59,0.14176242779909287,0.3949853580519956,0.5746837732807762,0.26628367222571503
255,5,61,0.14217948534834296,0.395019070524745,0.5737084925350506,0.2666555428984196
256,5,63,0.14218813350980983,0.3950213757871838,0.5740043851931411,0.2667714973152631
257,5,65,0.14204491947537695,0.3950544404580829,0.5740043851931411,0.2673892115869212
258,5,67,0.1423849642253933,0.3951674489468913,0.5741951942801234,0.26710374067283615
259,5,69,0.14266927279853864,0.39529485055002167,0.5744470095002896,0.26731595041156464
260,5,71,0.1427116516893758,0.3952868328124857,0.5745388005260889,0.2670665015122314
261,5,73,0.1429526406339341,0.39540043791217727,0.5745388005260889,0.2662727856214691
262,5,75,0.1429570733310661,0.39551960093995975,0.5745388005260889,0.26621039964028276
263,5,77,0.14347125804404479,0.3956333680534239,0.5761926230450735,0.2665539233098424
264,5,79,0.1436088983018366,0.39577663785342126,0.5761926230450735,0.2664091116790504
265,5,81,0.14393018964565255,0.39583018280095644,0.5761926230450735,0.26691919876363657
266,5,83,0.14430784884183692,0.39590073321569097,0.5750355345378129,0.2668717306551371
267,5,85,0.14464105538774752,0.3959089755043023,0.5750355345378129,0.26735630909072333
268,5,87,0.14460202871104513,0.39585336715349845,0.5750355345378129,0.2664916382801256
269,5,89,0.14481321484465595,0.3958453487406572,0.5750355345378129,0.2658887976036361
270,6,1,0.12713370670184582,0.385981019503736,0.5802945655703889,0.2562758378478362
271,6,3,0.13221940235957874,0.385986112832997,0.5813510090054322,0.25802846808017665
272,6,5,0.13397292201937208,0.38609728383911407,0.5826464988691268,0.2592704958731878
273,6,7,0.1348809021649114,0.386243628138317,0.5815930091495616,0.2585694819519509
274,6,9,0.13545035818763254,0.38637050664699757,0.5812890649352314,0.25886115942245436
275,6,11,0.13580681522206797,0.38649019943342433,0.5812890649352314,0.2589547082424601
276,6,13,0.13596179255043297,0.38658005344299656,0.5815328670758202,0.25868817447052117
277,6,15,0.13628817404189034,0.3867413548642891,0.5812890649352314,0.2586127653651569
278,6,17,0.13635906273664034,0.3868370169373368,0.5815930091495616,0.25915356166782205
279,6,19,0.13635530044918676,0.3869442728613593,0.5813510090054322,0.25874745363253393
280,6,21,0.13672557942426852,0.38706005343011657,0.5813510090054322,0.2587418038631685
281,6,23,0.1369688113096497,0.38706343024288675,0.5813510090054322,0.2582701340390437
282,6,25,0.13731836071768533,0.3871001644072752,0.5813510090054322,0.25846114538897086
283,6,27,0.13746986754758686,0.3872085276258333,0.5813510090054322,0.2588703496518124
284,6,29,0.13727462405035742,0.38735526239123563,0.5816574806908844,0.2589357270522234
285,6,31,0.13746497703980887,0.387379497857054,0.5815930091495616,0.25889645928376953
286,6,33,0.13753586621460498,0.3874856973269649,0.58215573951055,0.25858039908110725
287,6,35,0.1380738826526867,0.3876315687101934,0.58215573951055,0.2591024859376873
288,6,37,0.13799393730161438,0.38771632133690875,0.5808436954904624,0.2602110728181329
289,6,39,0.13797493918727238,0.38778034752377016,0.5797568089856272,0.2603969524156324
290,6,41,0.13831135230678185,0.3878927989149739,0.5811384761277788,0.25991800932785525
291,6,43,0.13828704030038455,0.38797877100312467,0.5811384761277788,0.2599065592813495
292,6,45,0.1384469750729427,0.38803553274949587,0.5811384761277788,0.26022234662625565
293,6,47,0.13866400535701787,0.38809310947767534,0.5811295610650163,0.26020334970709874
294,6,49,0.13880565647433757,0.3881059599285454,0.5808857614212147,0.2603508282728815
295,6,51,0.13917192792180372,0.3882619212371315,0.5808857614212147,0.2606238807266708
296,6,53,0.1393222083430244,0.3883281962686484,0.5808857614212147,0.2601626094905439
297,6,55,0.13909380156713538,0.38833724051092666,0.5808857614212147,0.25976514656340405
298,6,57,0.1387504081067987,0.3883457627880587,0.5808857614212147,0.25959417628167897
299,6,59,0.13891914477573433,0.3883961883392974,0.5808857614212147,0.2595309193164825
300,6,61,0.13933403937038527,0.3885019553630146,0.5808857614212147,0.26013726102321233
301,6,63,0.1393772583940953,0.388623432810601,0.5798166573750302,0.26086225174604366
302,6,65,0.13944362964710347,0.3886904084793085,0.5800586736933402,0.26113512954337786
303,6,67,0.13932822689513116,0.38877387493607873,0.5800586736933402,0.2609799080329861
304,6,69,0.13943117771599206,0.3888086053644813,0.5800586736933402,0.2606235191790377
305,6,71,0.13931516141547234,0.3888708009933683,0.5788190494657386,0.2610103954688356
306,6,73,0.13944252638166352,0.3889215047567876,0.5775701709151168,0.261606654883438
307,6,75,0.13970809417198918,0.3888853135001221,0.5775701709151168,0.26213047019961094
308,6,77,0.13993590835067518,0.3887942798309057,0.5775701709151168,0.2617927687339623
309,6,79,0.13965395739067166,0.38870211766509366,0.576460216706506,0.2622673781228696
310,6,81,0.13944309089805332,0.38861491576692286,0.576460216706506,0.2621743047123183
311,6,83,0.13981674706786046,0.38858871095276293,0.5753341737595724,0.261769347635933
312,6,85,0.13975288834326358,0.38857958826143035,0.5753341737595724,0.2618934481064263
313,6,87,0.13955094124915243,0.3886076615126625,0.572813501406425,0.26171888453011743
314,6,89,0.13957307109409797,0.38865304590433286,0.572813501406425,0.2620543841954634
315,7,1,0.1264783752684485,0.38713309406121965,0.576076986174993,0.25749738369614905
316,7,3,0.13131443189354167,0.38724226737762857,0.575302875651082,0.2582457951165766
317,7,5,0.1327858109022594,0.3874066385504225,0.5738988914422478,0.25917743603535354
318,7,7,0.13406865262502507,0.3874395471210015,0.5728694834132301,0.25949919687592116
319,7,9,0.1346098625840273,0.3875677529660026,0.5732933740745972,0.2598724384350472
320,7,11,0.1352834506138988,0.38765426972253636,0.573110345926982,0.2593810461107221
321,7,13,0.1359113259020488,0.38772466114960663,0.573110345926982,0.2603475847534152
322,7,15,0.13595877136380624,0.387757702979866,0.571891759543681,0.2602043819857679
323,7,17,0.1361670522600026,0.38781390381198916,0.571891759543681,0.2600803346530828
324,7,19,0.13598870180102066,0.38792856700196143,0.571891759543681,0.2597770348098943
325,7,21,0.13569637462539055,0.38793268759063704,0.5714748123126342,0.2606450752957618
326,7,23,0.13564624820835708,0.3879797535671128,0.5723237395232491,0.26052038127451843
327,7,25,0.1355555274875405,0.3880630750617265,0.5727807317996614,0.25982406751587556
328,7,27,0.13570063308221395,0.388160486341045,0.5719456461625559,0.259519909735379
329,7,29,0.13602386281838721,0.3882674653705866,0.5719456461625559,0.2591507743781952
330,7,31,0.1359541756709994,0.3882771421420355,0.5718849096031761,0.258984863551098
331,7,33,0.13591186008295805,0.38848308952385757,0.5731106536708398,0.26020646933297115
332,7,35,0.13622711795481585,0.38854334306670335,0.5731106536708398,0.2600817161041721
333,7,37,0.13637737749489584,0.38865763767594,0.5731106536708398,0.2598054676602917
334,7,39,0.1364193996074276,0.38885568866453013,0.5731106536708398,0.2599064015761437
335,7,41,0.1364721729150502,0.38904153318722584,0.5731106536708398,0.2600921575202779
336,7,43,0.1363858448137072,0.38913052918094115,0.574136736743619,0.25966462188568157
337,7,45,0.13634295518006687,0.38922174607007154,0.5731416105619298,0.25938451007361096
338,7,47,0.13649556863348714,0.38938087564618595,0.5723843728139498,0.2593831281544047
339,7,49,0.13660676509368483,0.3895689756349305,0.5726331726351305,0.25899398501295273
340,7,51,0.1366897928895398,0.3897257658205306,0.5726331726351305,0.25991889104547033
341,7,53,0.136728457875108,0.38981233234458035,0.5726331726351305,0.26007349454984807
342,7,55,0.1368009287404131,0.38993284558610164,0.5716145658019542,0.26029183581452786
343,7,57,0.1368601953699506,0.3900693030572135,0.5716145658019542,0.2608567115665556
344,7,59,0.1370160893750543,0.3902522948183634,0.5710143659459481,0.2607448337146503
345,7,61,0.13728889954435133,0.3902775828520165,0.5710143659459481,0.26050827582960695
346,7,63,0.1372484033598021,0.39026797055341433,0.5699745486906703,0.26150991880521157
347,7,65,0.13702322073444864,0.39031495206856565,0.5699745486906703,0.2613197570756708
348,7,67,0.13729737775682183,0.3903482933983947,0.5699745486906703,0.26178086096373215
349,7,69,0.13765093702848147,0.3905070799089633,0.5708222968161071,0.261687204361801
350,7,71,0.1379266779758466,0.39052129465659846,0.5697684671070492,0.26205237081792626
351,7,73,0.13816729617299575,0.390447256055385,0.5697684671070492,0.26328885635496724
352,7,75,0.13813881885723758,0.3904342831659844,0.5684711447754772,0.2630137823991386
353,7,77,0.13840127646840403,0.390462301594071,0.567403381139248,0.2631191464871189
354,7,79,0.13871926955292513,0.39050011820876496,0.5660888842879831,0.2631573775706284
355,7,81,0.13931858814751044,0.3906311676700146,0.5660888842879831,0.2641915549330828
356,7,83,0.13940139623702086,0.3907046329245949,0.5660888842879831,0.26351095807661057
357,7,85,0.14003110284620568,0.39066723815444043,0.566083162165783,0.26278995537014754
358,7,87,0.14010942752744612,0.3906488149880586,0.566083162165783,0.26177010455055755
359,7,89,0.1402562353688015,0.39064442659482906,0.5663151289406545,0.2617644522099342
360,8,1,0.12681360450506882,0.38864831993252796,0.5756508423543326,0.25396143891021616
361,8,3,0.1322577576845866,0.3887862052964052,0.5756702737290993,0.2547024295086722
362,8,5,0.13376094662359314,0.38888207435538524,0.5744167015523928,0.25478136735378226
363,8,7,0.13467250979268655,0.3889943041543315,0.5774399459106975,0.25480423889605486
364,8,9,0.13516095784901835,0.3891542259561458,0.5773921734836966,0.25420604495642174
365,8,11,0.13553280432000256,0.3892309285687392,0.5773921734836966,0.2547127313104299
366,8,13,0.13576953817996487,0.3893690066989796,0.5784184877206223,0.25538687639619556
367,8,15,0.13624125666317172,0.38946529760976906,0.5784184877206223,0.2544289557951704
368,8,17,0.13656285239007376,0.38948921166235495,0.5779110947536216,0.2545906109863457
369,8,19,0.13691189007010057,0.38955180946670626,0.5779110947536216,0.2549147206868945
370,8,21,0.13698420392784597,0.3895731193305836,0.5779110947536216,0.254780580475101
371,8,23,0.1373769318694221,0.389670122508805,0.5768208730648007,0.2543162486095988
372,8,25,0.13747720220454127,0.38976841445983806,0.5754940162747257,0.2537708538740179
373,8,27,0.13768135734214065,0.3899132446811537,0.5768106719692617,0.25318741326422406
374,8,29,0.13728532891634765,0.3900505558211434,0.5768106719692617,0.2533724139530316
375,8,31,0.13735151927034295,0.3901285650098391,0.5747170313785769,0.2545091684928565
376,8,33,0.13718057308802928,0.3903131429892263,0.5747170313785769,0.2543297636128909
377,8,35,0.1377590664327475,0.39046261203430876,0.5748983328949552,0.2546332264096721
378,8,37,0.13784045431193268,0.39059647623272625,0.5748983328949552,0.2549218744866518
379,8,39,0.1380779630008616,0.3906845514728614,0.5748983328949552,0.25506856473386186
380,8,41,0.13845803783429747,0.390713290669816,0.5738371800629173,0.25529466106987925
381,8,43,0.13858339340489395,0.3907863536271666,0.5727662986347275,0.2555432874372118
382,8,45,0.13909581879740898,0.39079744817345335,0.5728073926885509,0.25466175047524575
383,8,47,0.1392563543924963,0.39085414244773603,0.5717230164292785,0.25535769387157337
384,8,49,0.13959812263585777,0.39089311569463575,0.5717230164292785,0.25550677384287734
385,8,51,0.1398040817787875,0.39101044001581375,0.5730324219166111,0.25528669120118525
386,8,53,0.13986030271451724,0.3910279035921254,0.5730324219166111,0.2556804405678742
387,8,55,0.14024078949163804,0.39107674147064636,0.5730783903309177,0.256209631680637
388,8,57,0.14026367936905912,0.391100984433158,0.5733529193830219,0.2567298732615163
389,8,59,0.14038610955644668,0.39112720856633915,0.5733529193830219,0.25741469524987465
390,8,61,0.14072471194939387,0.3911666486269887,0.5733529193830219,0.2579920833196618
391,8,63,0.1406609567164942,0.39117734620931355,0.5733529193830219,0.2577244292902908
392,8,65,0.14042083687604937,0.39126287752262007,0.5733529193830219,0.2573163599160456
393,8,67,0.14042472722774735,0.3914102820502673,0.5733529193830219,0.25731023451905727
394,8,69,0.14051374549114776,0.39147255368366124,0.5741861805951448,0.25643248537389324
395,8,71,0.14049928164400083,0.39163781649735724,0.5741861805951448,0.2561469046837404
396,8,73,0.14056736159918215,0.3916003835916846,0.571872820536434,0.2567555672650964
397,8,75,0.14064460296983133,0.39167605862060473,0.571872820536434,0.2569629003971989
398,8,77,0.1406334426484392,0.3917335245592702,0.5720985493882079,0.25700933555899236
399,8,79,0.14037455918006167,0.3918748662931773,0.5720985493882079,0.25671612173475544
400,8,81,0.14056177711104348,0.3919366287921474,0.5720985493882079,0.2567033969486993
401,8,83,0.14064621962558507,0.39192003084345145,0.5720985493882079,0.2569375936154799
402,8,85,0.14083577765599892,0.39204714908951527,0.572557940654484,0.2565144480515231
403,8,87,0.14088071127540763,0.3920758583602518,0.572557940654484,0.2566389299673006
404,8,89,0.14101602036733135,0.39201899099734644,0.5714109332524687,0.25658964190875333
405,9,1,0.12914458311222005,0.38670154728677847,0.5689258024275494,0.25792531948142466
406,9,3,0.13446496941554803,0.3867739832720603,0.5692829852508222,0.2586404915232892
407,9,5,0.1358055750589138,0.3867947712861728,0.5689912863877397,0.25882237777770795
408,9,7,0.13666815903038723,0.38681484249154735,0.5689912863877397,0.2585526644217299
409,9,9,0.13721243175120662,0.3868819829315662,0.5702600304445021,0.25868607363727764
410,9,11,0.13763899691860224,0.3869551927252078,0.5696455062225826,0.25795768939524677
411,9,13,0.1381345632716758,0.3870992115226681,0.5687914767501058,0.25796811076090753
412,9,15,0.13829436395649616,0.38722840273594666,0.567518911970932,0.2578365615894723
413,9,17,0.1385283240566519,0.38729172980146653,0.568619435717888,0.25767114604633634
414,9,19,0.13904028351768372,0.3874245342577323,0.5696455062225826,0.25781753124680223
415,9,21,0.139717165743821,0.38756429109551327,0.5698263078334428,0.25817638678457283
416,9,23,0.1398853329446212,0.387625493219781,0.5698263078334428,0.2584360066400661
417,9,25,0.1399446839472087,0.3877389296399875,0.5686403722237408,0.25876894038305776
418,9,27,0.1394643199060318,0.38779561067312246,0.5684067966821845,0.26016844038085907
419,9,29,0.13939935071796045,0.3877888397088117,0.5684067966821845,0.26089531542859506
420,9,31,0.1396915343138087,0.38786809994229693,0.5684067966821845,0.2613110570005573
421,9,33,0.13983510138912694,0.3879097101020751,0.5688240592874034,0.26122697744335166
422,9,35,0.14014845451892935,0.3880610528912113,0.5688240592874034,0.26155770016453556
423,9,37,0.14018015889061208,0.38805790364609277,0.5688240592874034,0.261867783274568
424,9,39,0.14026077119727787,0.3881471561732193,0.5689126010361536,0.2619462482063348
425,9,41,0.1399774844768799,0.38826186543289826,0.568525315929133,0.26187142126953505
426,9,43,0.1400914002650304,0.38841352906697635,0.568525315929133,0.26264841713496667
427,9,45,0.1405347066973073,0.38844547576087507,0.5698115248606064,0.2627474507524435
428,9,47,0.1401058662384847,0.3885797456321069,0.5691201420567423,0.26331455899370654
429,9,49,0.14019878433734856,0.3886925456081181,0.5691201420567423,0.26342213547033555
430,9,51,0.14039780638510826,0.388834887649158,0.5691201420567423,0.2634904261465159
431,9,53,0.14054452064679918,0.38893667217725,0.5683489445719393,0.26386245701974104
432,9,55,0.14065477340418445,0.3889578092108778,0.5684433566586605,0.2641806262351693
433,9,57,0.14086653754326836,0.3890300153038006,0.567507738381587,0.26459006584398936
434,9,59,0.1406545901334447,0.38907946167566865,0.567507738381587,0.26548535592840894
435,9,61,0.14072368420087972,0.38909431698012337,0.5664116619814554,0.265478664206884
436,9,63,0.1409450336661076,0.38916608948871445,0.5653054827253373,0.2652260844048127
437,9,65,0.14151705022081623,0.38915372683472643,0.5639554381182015,0.264498175843906
438,9,67,0.14160944088872768,0.38916224005363,0.5639554381182015,0.26423578754509913
439,9,69,0.1420367746113227,0.38918169512610745,0.5640618267803831,0.2638339291334371
440,9,71,0.14195222062261031,0.3892575381603592,0.5641233868664695,0.2637822391678773
441,9,73,0.1414095482877376,0.38922279622169453,0.5641233868664695,0.26395352583210013
442,9,75,0.14155864748257183,0.38925331898087245,0.5641233868664695,0.26409189390071564
443,9,77,0.14133345620643578,0.3894387544252242,0.5640060311962568,0.2646187737577937
444,9,79,0.14153499675835512,0.38940246599531003,0.5642406495392059,0.2649384001185488
445,9,81,0.14162554228897054,0.3894368130235743,0.5644777894215828,0.2645503254178832
446,9,83,0.14185194694346828,0.38952506930130754,0.5644777894215828,0.2644866244288006
447,9,85,0.1420934477624719,0.38958049191872185,0.5642214568432325,0.2639042566548789
448,9,87,0.1421892048266787,0.3896444040215276,0.5642214568432325,0.2638014006075536
449,9,89,0.14225370832646184,0.3897096634163811,0.5644022910890886,0.2638631287919228
450,10,1,0.12546545789964397,0.38528394604996014,0.5623340436079872,0.25575470555923346
451,10,3,0.13092050788899962,0.3854630765342324,0.5633067335383959,0.25655046404040927
452,10,5,0.13247641389389125,0.3855654905794029,0.5610201299709795,0.2564449322328176
453,10,7,0.13335103866364204,0.3856440096991611,0.5621023341667944,0.2564820357295355
454,10,9,0.13416168705585652,0.3857629720964506,0.5610854599935649,0.25685172019444635
455,10,11,0.13468828439770944,0.3857988644660228,0.5611954984263993,0.2566442100459854
456,10,13,0.13457973869650855,0.385881680507269,0.5611954984263993,0.2571257287676194
457,10,15,0.13457062420325613,0.38589085530493,0.5599273845219073,0.25680998087312723
458,10,17,0.13488633071284045,0.38597523303430503,0.5609618251713034,0.2575752142200415
459,10,19,0.13527981169630648,0.3860788532818961,0.5619787090866838,0.25738002571161084
460,10,21,0.13529144925291958,0.386244685921943,0.5613566182751127,0.257527426490276
461,10,23,0.13519888719162027,0.38630234974890065,0.5603134230852934,0.25788400588942423
462,10,25,0.13526890918640372,0.38638133754681314,0.561540191319635,0.25733126797651673
463,10,27,0.1355445014908653,0.38649814359108065,0.561540191319635,0.2579692125422052
464,10,29,0.13568088619567412,0.3866721326893986,0.5617687516905062,0.25795757381237766
465,10,31,0.13624405479501217,0.386865761542432,0.5617687516905062,0.2575278255401601
466,10,33,0.13586278740528618,0.3869901636842702,0.5619421211217793,0.25781074217669714
467,10,35,0.1362096585346882,0.38711470410624,0.5620496064848087,0.2574704283016949
468,10,37,0.136512327106622,0.3872691811723901,0.5622826464359013,0.2581482607889735
469,10,39,0.13654686041066438,0.38730775651491367,0.5622826464359013,0.25808082014867756
470,10,41,0.13673171707866158,0.38737411647329745,0.5633308827059216,0.25897143549448975
471,10,43,0.13683814915464174,0.3873417531908646,0.5623042711851858,0.2595992273025303
472,10,45,0.13711275802085268,0.38740993839477406,0.5623042711851858,0.2597339745702393
473,10,47,0.13753568294720578,0.38738766823144344,0.5623837856754189,0.25902587292213114
474,10,49,0.13776776867570537,0.3874881152331359,0.5623837856754189,0.25865874303574105
475,10,51,0.13798818956742256,0.3874849858163115,0.5623837856754189,0.2591851810068825
476,10,53,0.13789176612048068,0.38746188499283807,0.5623837856754189,0.2581704702300557
477,10,55,0.1378614606058259,0.3875677675195707,0.5613449110164873,0.2592154717519778
478,10,57,0.13763813826939825,0.38761585366729845,0.5613449110164873,0.25973700203367156
479,10,59,0.1374646912205683,0.3876459014054431,0.5592397630174633,0.26038892875514064
480,10,61,0.13741037131481454,0.3876987731433557,0.5592397630174633,0.2601137014026473
481,10,63,0.13732910400565698,0.38779329540647073,0.5592397630174633,0.2603371890917536
482,10,65,0.13717504424594182,0.3876963728175538,0.5592397630174633,0.2603840617902371
483,10,67,0.1372116608373496,0.3877893142634314,0.5594660662962356,0.2605055983359773
484,10,69,0.13761163976968116,0.38790790189320706,0.5596946549358861,0.2601132715139201
485,10,71,0.13753841460568417,0.3879633336677416,0.5596946549358861,0.259874754822233
486,10,73,0.13770225351233994,0.38811777770166034,0.5596946549358861,0.2597908311943245
487,10,75,0.137568712396852,0.3882475982080775,0.5586209286744426,0.25997869686690145
488,10,77,0.137570427010499,0.38838266923922016,0.5598848847625314,0.25981132440641885
489,10,79,0.137518470957392,0.38851632586456547,0.559879264973535,0.2594369433367255
490,10,81,0.13751486050216077,0.38856683916826934,0.559879264973535,0.2591291822008978
491,10,83,0.13751623808970048,0.3885183631074311,0.5597238882764692,0.25990207066724974
492,10,85,0.13769133901494474,0.38853505568992597,0.5597238882764692,0.26045915434920175
493,10,87,0.13782681122013343,0.3885542038270762,0.5597238882764692,0.2605866800934755
494,10,89,0.13797723382982421,0.3886015493891787,0.5590418833413165,0.2596560498174599
495,11,1,0.12536230815223112,0.38936621842703906,0.5699082930947388,0.2581394318760004
496,11,3,0.1306018620209623,0.38945690468479705,0.5711489493948653,0.2583514670271139
497,11,5,0.13168973138652554,0.389619400016272,0.5722450878027855,0.259157934754863
498,11,7,0.1328932634134034,0.38979657854193084,0.5709099743181393,0.2594552046727926
499,11,9,0.13369383031452436,0.3899038581227355,0.5698075677717934,0.25963361345726155
500,11,11,0.13412005926390158,0.3899255577550143,0.5709099743181393,0.2591423746719648
501,11,13,0.13473242983255046,0.3899569791829638,0.5709099743181393,0.25913675403145386
502,11,15,0.13478172848044323,0.3901204417458746,0.5722367741477372,0.25949432298707004
503,11,17,0.1349888651588566,0.3902260801547595,0.5710855994279147,0.25930632706655726
504,11,19,0.13518490771794292,0.3903686493228683,0.572420712912561,0.25924546872338355
505,11,21,0.13510196037767003,0.39046173125445865,0.572420712912561,0.25943817215943
506,11,23,0.13541589957387712,0.39048708593507647,0.5707982858600379,0.2593274527422575
507,11,25,0.13528087225123211,0.3905224207153094,0.5707982858600379,0.2592357700217472
508,11,27,0.13563185366769245,0.39056387241029294,0.5707982858600379,0.25946841370014934
509,11,29,0.1360777062749634,0.39064863157948715,0.5707982858600379,0.2597535738751607
510,11,31,0.1362163318900515,0.3906396285289479,0.5696372207074453,0.2598899405254115
511,11,33,0.13638458689132488,0.39068204003678614,0.5694573873870147,0.25991864807390763
512,11,35,0.1365858892773431,0.390793003316734,0.5694573873870147,0.2603138851142652
513,11,37,0.13643813628000376,0.3907882911504498,0.5694573873870147,0.2600553743822593
514,11,39,0.1366279280723463,0.39072777461383223,0.5694573873870147,0.26060609588346273
515,11,41,0.13676113674502405,0.39088730232293517,0.5697454092578008,0.2605439982650893
516,11,43,0.1369958440779135,0.391021078806701,0.5697454092578008,0.2607920228398707
517,11,45,0.13672195018882832,0.39105084509903376,0.5683962351185387,0.2608804699859655
518,11,47,0.1370430040332336,0.3910544483744402,0.568682751333552,0.26059576550815017
519,11,49,0.13727301131333505,0.3911104480749231,0.568682751333552,0.260556541224208
520,11,51,0.13730017468762648,0.3911895505942196,0.568682751333552,0.2605874873645596
521,11,53,0.1375161408652503,0.3912283222272167,0.568682751333552,0.260728579610457
522,11,55,0.13792937748582998,0.3913536234395859,0.568682751333552,0.26076973772216905
523,11,57,0.13811659501056392,0.3913802439737518,0.5675518100256282,0.26153163603151114
524,11,59,0.13813038094497693,0.3914258520502238,0.5678367144145317,0.26087023620812344
525,11,61,0.1380732499060657,0.39128738524827494,0.5678367144145317,0.26126932345115594
526,11,63,0.13823603266305518,0.3913113124537676,0.5666903735576653,0.2614393203597231
527,11,65,0.13835779705060186,0.3913950733628104,0.5655294794452678,0.26159637970927
528,11,67,0.1383642067986128,0.3914591766359166,0.5655294794452678,0.26147312502708947
529,11,69,0.138606818163245,0.3914433848100532,0.5661687773514779,0.2604716566665535
530,11,71,0.1389085275372699,0.39153181666689224,0.5661687773514779,0.2607092762426511
531,11,73,0.13877590662204395,0.39155071920454176,0.5661687773514779,0.2605362522981459
532,11,75,0.1391757945082441,0.3914009551155178,0.5635149735547683,0.2615430212634316
533,11,77,0.13940704663644696,0.39131640266317974,0.5634549445710967,0.2611784147339094
534,11,79,0.1395331665064227,0.39121258437197953,0.5624801711990194,0.2611980272485994
535,11,81,0.13959572380212643,0.39109506728895144,0.5624801711990194,0.26143215885201637
536,11,83,0.13952830306706537,0.3908898421066671,0.5624801711990194,0.26137211698237345
537,11,85,0.13975162802060123,0.3908118811456687,0.5624801711990194,0.26143476359503504
538,11,87,0.13966233491321028,0.39072607789254166,0.5612642827729293,0.26087389218942575
539,11,89,0.1398828176224837,0.39063652257963494,0.5612642827729293,0.2602695573125214
540,12,1,0.12491096663237199,0.3912327896081034,0.5845698317970424,0.25507101075099187
541,12,3,0.12978242018470365,0.3915215785716749,0.5849634956597457,0.2554513640242343
542,12,5,0.1315743834446115,0.39161760964455233,0.5844256637955291,0.2560442880786905
543,12,7,0.13295142659617692,0.39187181368577795,0.5859080256185146,0.2555598529290057
544,12,9,0.13340440536438886,0.3920068603185495,0.5857207023126515,0.2548719718507533
545,12,11,0.13429516777127634,0.3921872183279138,0.5866591169538093,0.2554234848021989
546,12,13,0.13480573317398256,0.392408483385522,0.5866591169538093,0.25682720114081503
547,12,15,0.1350835081864847,0.39252771756168786,0.5866591169538093,0.25725031911942875
548,12,17,0.13519676909291964,0.3924791422761683,0.5866591169538093,0.25723179296041004
549,12,19,0.135556277672563,0.3925052538281129,0.585962659667998,0.25695073727404316
550,12,21,0.13581617144389807,0.3926544763487104,0.5860965675133382,0.2569299315988674
551,12,23,0.1355888400895975,0.3927627923950143,0.5857952968461788,0.2568411918467627
552,12,25,0.1354323478073122,0.392819965733423,0.585962659667998,0.25808738378228163
553,12,27,0.13580125867019083,0.39291279781860966,0.586263939278819,0.25802000003087266
554,12,29,0.13578285754094122,0.3929462574454268,0.586263939278819,0.25885134513320546
555,12,31,0.13571417872100303,0.39301086402160623,0.586263939278819,0.25933044929843996
556,12,33,0.13584775275061395,0.3930953560073431,0.5862064872493553,0.25931943046586403
557,12,35,0.13586218844725223,0.3931453678024853,0.585016278642512,0.259665072873884
558,12,37,0.13619644996268868,0.3932774966823792,0.585016278642512,0.2594848455617334
559,12,39,0.13590559283882472,0.3933601628487357,0.585016278642512,0.25957404929585537
560,12,41,0.13589585088289396,0.39350976219276357,0.583038873653635,0.25972737339814256
561,12,43,0.136357060471326,0.39353823239360264,0.5833321423905058,0.2597629267699529
562,12,45,0.1365233443760813,0.3937509880454541,0.5843783122074504,0.25924473456517616
563,12,47,0.13759052707500427,0.39386634716415964,0.5846772711835048,0.2588596292802973
564,12,49,0.1377761339633339,0.3940574704208059,0.585482621816826,0.2587562874623726
565,12,51,0.13783698580062806,0.39411244369400406,0.585482621816826,0.2583772785654745
566,12,53,0.13832836174139687,0.3942008262022522,0.585482621816826,0.2587494128479382
567,12,55,0.1383880466269473,0.3942600392431212,0.585482621816826,0.2583816102446806
568,12,57,0.13858888143719109,0.39441732129590873,0.5842581024563297,0.2582651651500242
569,12,59,0.1389485753357524,0.3944756813734925,0.5852956659599581,0.25843631598624944
570,12,61,0.13955821617936692,0.39458727183643566,0.5852956659599581,0.2590332764967372
571,12,63,0.13959741929759542,0.3946808149459728,0.5852956659599581,0.25913712280767803
572,12,65,0.13960509230613397,0.39476899820759126,0.5852956659599581,0.25873237900986157
573,12,67,0.1398680343159545,0.39468574977610105,0.5845435299172788,0.25900328757750557
574,12,69,0.13990470434493954,0.39472097485016994,0.5845435299172788,0.25957356874060644
575,12,71,0.14027915828862694,0.3947981159656517,0.5835409039031985,0.2599784570505993
576,12,73,0.14040768278723587,0.39473209301239026,0.5839745011995002,0.26017274577240274
577,12,75,0.1405205826602132,0.3948346484813046,0.5836965898802482,0.2603893794418616
578,12,77,0.14040708315573044,0.394917464326329,0.5839444716930162,0.260589848694855
579,12,79,0.14053552293192118,0.3949352760510395,0.5839444716930162,0.2604548690563004
580,12,81,0.14056967213849555,0.3951548089952413,0.5829079905746288,0.2602342250684255
581,12,83,0.14071923103712342,0.39522966529138837,0.5829079905746288,0.26022875504642673
582,12,85,0.14073590338410083,0.39534481193689297,0.5786047090543364,0.26063526242846946
583,12,87,0.14104633271249592,0.39544129202309436,0.5772721175426075,0.2608860370418603
584,12,89,0.14114958880476883,0.39556315781922186,0.5758029571561997,0.26123106917165606
585,13,1,0.12896250016238256,0.3848010977485408,0.5663278834891512,0.25950657950114986
586,13,3,0.1338276589456934,0.3849736814878085,0.5647379466388145,0.2601383398603893
587,13,5,0.1355805260068472,0.3851139914809264,0.5647690009589413,0.2605594942458243
588,13,7,0.13662707098085713,0.3850700094617741,0.5636963892290132,0.2609341635000152
589,13,9,0.13672051768055096,0.3851768377486287,0.5636963892290132,0.26149396869192687
590,13,11,0.13719176013853004,0.3853317055100464,0.5647690009589413,0.26120641702755243
591,13,13,0.13732049581078204,0.38542800611694794,0.5647690009589413,0.26167309575317416
592,13,15,0.137702071689471,0.3855774253373311,0.5645280853336877,0.26123020426695
593,13,17,0.1378705303752852,0.38568277574888965,0.5642804801687391,0.2615003899518037
594,13,19,0.13803304594637808,0.3856772148544958,0.5639824951345631,0.261701579496435
595,13,21,0.1384769575148964,0.38584418674473514,0.5639824951345631,0.2614842269745425
596,13,23,0.1388476106295403,0.38603660096708037,0.5639824951345631,0.2623833554228709
597,13,25,0.1391834965442537,0.38610363984398394,0.5645213868494537,0.26284533937046034
598,13,27,0.1391871157633046,0.3863231543359767,0.5645213868494537,0.2632415104346965
599,13,29,0.13936221700547105,0.38643839447203543,0.5648218425135398,0.2632975179835784
600,13,31,0.1401732025618264,0.3864921286039327,0.5648218425135398,0.26183032475061385
601,13,33,0.1402184256211882,0.3865602950908782,0.5648218425135398,0.2609717703423616
602,13,35,0.14101974453185476,0.38661129985423454,0.5648218425135398,0.26127251373774457
603,13,37,0.14118438682795428,0.3865726606790454,0.5633243475941133,0.2607161587491412
604,13,39,0.1414110409858366,0.3866141115855521,0.5624848491468418,0.2604260644355288
605,13,41,0.14122730950761347,0.38664440626626784,0.5624848491468418,0.2609661702497068
606,13,43,0.14175537259957163,0.38674308018996895,0.5611497892928189,0.2616102251192593
607,13,45,0.14196915185435016,0.3867809916885638,0.5615753198855092,0.2615629476814399
608,13,47,0.1421768944094581,0.3868080849780609,0.5604107136991192,0.2615878320867016
609,13,49,0.14231060316412764,0.3869190906411126,0.5592864140712273,0.26146748637840983
610,13,51,0.14257471031062793,0.3869803458744456,0.5592864140712273,0.2617365440592093
611,13,53,0.1427777430569944,0.3868865714608348,0.5592864140712273,0.26083166136925684
612,13,55,0.14300386128353235,0.3869599305175747,0.5592864140712273,0.2606224168962031
613,13,57,0.1428259515773049,0.3869976324661466,0.558231924054412,0.2616276717121699
614,13,59,0.14304207407939748,0.3870341172297596,0.558231924054412,0.26172129566691377
615,13,61,0.14368943921825558,0.38707468280252844,0.5571398220604782,0.2622542064400704
616,13,63,0.14367251290295482,0.38711865855315336,0.5559790783507225,0.2623310583351779
617,13,65,0.1434790145926059,0.38707829902495755,0.5559790783507225,0.2623014697432188
618,13,67,0.14360375309887227,0.3871737089608496,0.5559900965790089,0.2624098391738006
619,13,69,0.14357825644015212,0.3872265190014149,0.5559900965790089,0.261053951984655
620,13,71,0.14405851133863265,0.3872799691647333,0.5562690780703933,0.2609903986805967
621,13,73,0.14395760686798864,0.38732267093762485,0.5562690780703933,0.26049643213837925
622,13,75,0.14402504498129431,0.3874018250586223,0.556497759190375,0.2597721711395161
623,13,77,0.1443257449025118,0.3873425118373124,0.556497759190375,0.2595540810969611
624,13,79,0.14476017497570637,0.3873511448721248,0.556497759190375,0.25996754271001904
625,13,81,0.144837403722023,0.38741586878371365,0.5550842261236922,0.25951035342688367
626,13,83,0.14525144781766322,0.3875166151031236,0.5550842261236922,0.25952527866091174
627,13,85,0.14535361735547267,0.38775276159388083,0.5560815891381778,0.25968460235222385
628,13,87,0.1453465575774425,0.3877471418061363,0.5560815891381778,0.2601222315206525
629,13,89,0.14578460449737315,0.38765636269860304,0.5560238945867343,0.2605024786004956
630,14,1,0.12849633487349474,0.3798074501198638,0.5580819226095581,0.257360618594016
631,14,3,0.13349719293880133,0.3798969450609035,0.5572086084812229,0.25890393647362714
632,14,5,0.1348725427755744,0.3800171520482172,0.5584484787210366,0.25941937048331587
633,14,7,0.1355391119504504,0.3800521618145609,0.5580147374050629,0.2589165740493831
634,14,9,0.136568302827552,0.3801006712565889,0.5572429965317436,0.25948402919381264
635,14,11,0.13707387214386615,0.38021101230161464,0.5572429965317436,0.2586643296924278
636,14,13,0.1373022393081595,0.3802993816950338,0.5572429965317436,0.25914812072977184
637,14,15,0.13732107838971527,0.38035053728482443,0.5572429965317436,0.25911425353254036
638,14,17,0.13763150965829876,0.3804244404632073,0.5572429965317436,0.2584515635818268
639,14,19,0.1381219167251195,0.3805780047244299,0.5576297209735436,0.25852019345882754
640,14,21,0.13823572068748693,0.3805567155672663,0.5573980457782719,0.25839555540422177
641,14,23,0.13840409355583927,0.38063863627851907,0.5586820047618561,0.25782252123022537
642,14,25,0.13880589365402896,0.3808113962700536,0.5586185302825252,0.2582759863369159
643,14,27,0.13882595934460115,0.38086978488107687,0.5575961759782608,0.2591778545246483
644,14,29,0.1385160275627674,0.38090110253297155,0.5573368137376102,0.25892216296082443
645,14,31,0.13866641275190042,0.3810890198433202,0.5573368137376102,0.2589885695448809
646,14,33,0.13858128853343837,0.38113657583756305,0.5573368137376102,0.2594191557581138
647,14,35,0.13867038078633148,0.3812466150009799,0.5573368137376102,0.2602336685667355
648,14,37,0.13860070146274692,0.38134874140330915,0.5573368137376102,0.26040001521631273
649,14,39,0.1388393128009268,0.3814934872409205,0.5573368137376102,0.2601903264918097
650,14,41,0.13893569581622808,0.3815262144249162,0.5562237988805927,0.260216031787235
651,14,43,0.13926465462549315,0.38154315354654883,0.5562237988805927,0.2596552051075502
652,14,45,0.1391378774728816,0.38153539007665577,0.5562237988805927,0.2596156386650339
653,14,47,0.13929096287579532,0.3816443789567823,0.5564357291504489,0.2594009697299589
654,14,49,0.13944986137145088,0.38171287781267954,0.5564357291504489,0.25942790397280774
655,14,51,0.13949358130099335,0.38173844842083887,0.5564952095136668,0.2593095333245743
656,14,53,0.13964140920757098,0.38172943093566836,0.5564952095136668,0.25929545272639226
657,14,55,0.13981916526607374,0.3817296565488348,0.5564952095136668,0.2591053777460398
658,14,57,0.13986829449709692,0.3818428785514926,0.5575161098962329,0.25943639170154936
659,14,59,0.14008104037817168,0.38188226690795685,0.5577347908249445,0.26008501737202583
660,14,61,0.14006631401986377,0.38193653971388325,0.559072491545861,0.2597615061605362
661,14,63,0.14005776903039208,0.3820027929683832,0.5593354568576521,0.26005916745151186
662,14,65,0.14022204204731856,0.38218821504362394,0.5593354568576521,0.26047440794343707
663,14,67,0.14021798020408352,0.38222607080380827,0.5586107657652731,0.25992798006283124
664,14,69,0.14026880537173672,0.38229192216162977,0.5580576303412866,0.25951892891675665
665,14,71,0.14047753501128682,0.3824062351140242,0.5580576303412866,0.2594547753201825
666,14,73,0.1406034980135049,0.3824342889289367,0.5569031554364374,0.26023915332295433
667,14,75,0.14086874945849773,0.38250258232799056,0.5569641616260269,0.2602068347630645
668,14,77,0.14108903729573755,0.38263418099542085,0.5560102101925091,0.2606433322995288
669,14,79,0.14156522883568712,0.3827368742681331,0.5562274035130155,0.26033945064997505
670,14,81,0.1420687368236731,0.3828474032359813,0.5562274035130155,0.25993758750044954
671,14,83,0.1421425616088736,0.3829900661422473,0.5571813549465333,0.2597924448035695
672,14,85,0.14233286217508165,0.38314157457340103,0.5571813549465333,0.2604709538204914
673,14,87,0.14209451960153535,0.38315893568324044,0.5560071821638968,0.26065324146603824
674,14,89,0.14218280730704186,0.38326977244128146,0.5560071821638968,0.26118231340474646
675,15,1,0.12833856774938748,0.38928544943367843,0.5600791323364048,0.2594492362086078
676,15,3,0.1337466682452689,0.3893425519287912,0.5617051521246871,0.2606366258333332
677,15,5,0.1350269149759314,0.38944813895665437,0.56442013867167,0.2612371371171306
678,15,7,0.13631824910705262,0.38959429223786557,0.5657327648813396,0.2616916931174544
679,15,9,0.13735385153140878,0.3897274374345017,0.5669598754107757,0.2622828594745991
680,15,11,0.13799990647554133,0.38988067574197255,0.5669598754107757,0.26228180557174724
681,15,13,0.13832578993601294,0.3899656487361668,0.5666508499491222,0.26238637322847513
682,15,15,0.13881399452396798,0.39000680907418134,0.5671250994698149,0.2627045863024253
683,15,17,0.13881688421523125,0.3900472051267743,0.5671250994698149,0.2621292674229755
684,15,19,0.13908817441552304,0.3902138662600002,0.567375722699256,0.26253410661731824
685,15,21,0.13945313189537525,0.3903878424611267,0.5683791535994251,0.2629767481796056
686,15,23,0.13969156690173073,0.3906154332911204,0.5684051671039311,0.2629000703223464
687,15,25,0.13970280031378693,0.39067633605964464,0.5684051671039311,0.26261961326186345
688,15,27,0.14007927208369425,0.3908072951122215,0.5671067139990502,0.26288590006332474
689,15,29,0.13997832758133635,0.39091803117152163,0.5667923959146565,0.26325714839730385
690,15,31,0.13976729210743485,0.3911390314831529,0.5667923959146565,0.2627003460798649
691,15,33,0.13964975442911434,0.39125132282782044,0.5667923959146565,0.26191054588620205
692,15,35,0.1395858616062912,0.39129906563428174,0.5663787063331512,0.2616400491227064
693,15,37,0.13947688683486584,0.3914128345753382,0.5663787063331512,0.2613093775363557
694,15,39,0.13984332629947058,0.3914869305121704,0.5663787063331512,0.2618577419919373
695,15,41,0.1394725932319931,0.3915979643744817,0.5666148065705491,0.26166994389656845
696,15,43,0.13960809503233815,0.3917243241442957,0.5666148065705491,0.2619877429722656
697,15,45,0.13989687262187142,0.39175695117859927,0.5664171970905393,0.2629754207256995
698,15,47,0.13991269226384545,0.3918238819720906,0.5664171970905393,0.26315221858552507
699,15,49,0.13993990866595432,0.39187033635648705,0.5652777283565477,0.2630324558828155
700,15,51,0.13977773419010225,0.39190489519676375,0.5652777283565477,0.2626811075506179
701,15,53,0.13933384342156402,0.3919064187412342,0.5655335087157665,0.26291514957910594
702,15,55,0.13933403335522485,0.39197179580001673,0.5657683132722233,0.2631419551444502
703,15,57,0.13939815720180232,0.39198243816902895,0.5660822678197077,0.26291618028341557
704,15,59,0.13896613097098803,0.39191630923870846,0.5638255912008808,0.26309948043363873
705,15,61,0.13910907502266046,0.39202697411054815,0.5648109539509494,0.26269353468170015
706,15,63,0.13933720785984585,0.3919919672281815,0.5646142712478025,0.262933515413918
707,15,65,0.13957532899054,0.3920514724853628,0.5648109539509494,0.26302331681526087
708,15,67,0.13955665419147514,0.3920477570342131,0.5634281108929963,0.26348976673301266
709,15,69,0.1400290877449934,0.39198441272303547,0.5637076508067587,0.26291540769954264
710,15,71,0.14040466262884718,0.3920249540918105,0.5637076508067587,0.2632416555338226
711,15,73,0.13965812926570412,0.3920183050658382,0.5637076508067587,0.2649331136554037
712,15,75,0.14003852659398633,0.3921106919992405,0.5637076508067587,0.26556491439300045
713,15,77,0.13971545294649965,0.3921107376685852,0.5637076508067587,0.26670844401486965
714,15,79,0.1397691466990019,0.3920883172618455,0.5637076508067587,0.26593488020370193
715,15,81,0.14002339629512248,0.39216820264494395,0.562637176297717,0.2655682235658639
716,15,83,0.14022481655675295,0.3922004448984268,0.5628696067640516,0.2663272192082076
717,15,85,0.14069685884081087,0.3921757382591394,0.5628696067640516,0.2664682454608031
718,15,87,0.141243645961755,0.39215967990973305,0.5628696067640516,0.26714766957449354
719,15,89,0.14160074259375227,0.3921256876550855,0.5616853161205903,0.26739161044934867
720,16,1,0.1256836733014122,0.38239343442501894,0.5693572256170701,0.25866316090488156
721,16,3,0.13076480135978152,0.3823966433013054,0.5693043326269699,0.25919367774829644
722,16,5,0.1326232771077265,0.3824747637344967,0.5693043326269699,0.25805540134943666
723,16,7,0.13374648774512615,0.38243657432638545,0.5693043326269699,0.2576136108008586
724,16,9,0.13441723010341597,0.3824490981623415,0.5693043326269699,0.2572472661851816
725,16,11,0.13503623085738717,0.38259487775590284,0.5693043326269699,0.25701172503302233
726,16,13,0.135700899995938,0.3826485238151664,0.568790310391087,0.25814984895879295
727,16,15,0.1360307066186614,0.3826980722110807,0.5697809345565837,0.25837645564318334
728,16,17,0.13624333394587068,0.38284555503739937,0.5697809345565837,0.2586094077595698
729,16,19,0.13656362846979395,0.3829294758776653,0.5697809345565837,0.25938878917120683
730,16,21,0.13689073623657552,0.3829798772853917,0.5698419107120475,0.25938759027038616
731,16,23,0.13738815726839484,0.38300486438694603,0.5702870452248782,0.25970487297680833
732,16,25,0.13738330218398845,0.38310025039368156,0.5697474249281007,0.25954049929098805
733,16,27,0.1375328562295956,0.3832414387768794,0.5697474249281007,0.25973654197292767
734,16,29,0.137721161708244,0.3832829519371,0.5697474249281007,0.2595578567280647
735,16,31,0.13783885925800488,0.3834327631643379,0.5697474249281007,0.25961850452073604
736,16,33,0.13801107953146202,0.3834877041492937,0.5697474249281007,0.25924810295205336
737,16,35,0.13830521410359528,0.38366951659528853,0.5697474249281007,0.2593381671356156
738,16,37,0.1387979811542138,0.3837677176129241,0.569725908367515,0.25975179173937507
739,16,39,0.13891252645340932,0.3839104555157247,0.5687582978074043,0.2607158092734517
740,16,41,0.13875212694109404,0.38398032703162926,0.5695830235333982,0.260609476472058
741,16,43,0.13928331669952143,0.3841224394588444,0.5695830235333982,0.26054161774027834
742,16,45,0.1390950845329821,0.38418018073221283,0.5695830235333982,0.26134562714262216
743,16,47,0.13924582485122322,0.3843554262373686,0.5695830235333982,0.2612091253127368
744,16,49,0.1391374500244988,0.384426327625675,0.5698101766872373,0.26114785928007866
745,16,51,0.1388536411392334,0.38463265273398634,0.5698101766872373,0.261423123800906
746,16,53,0.1391547755516437,0.384717011646812,0.5698101766872373,0.2605774075501049
747,16,55,0.1392448063847293,0.38488504458100353,0.5698101766872373,0.260181199297884
748,16,57,0.1391354207964516,0.3848637909729814,0.5708014736407149,0.2601964113586227
749,16,59,0.13934278084940263,0.3849304465593614,0.5708014736407149,0.2606115747314938
750,16,61,0.13926787933311377,0.38495207222886646,0.569583423882234,0.2598543781597689
751,16,63,0.13957011295519656,0.3849805899257186,0.569583423882234,0.2602135161589894
752,16,65,0.1393048030716408,0.3849630218827914,0.569583423882234,0.2593750829439082
753,16,67,0.1394093078893259,0.38496328685455666,0.5698109257246582,0.2604411177685598
754,16,69,0.13967176629155711,0.3850249771206537,0.5685758153515771,0.2603353376035846
755,16,71,0.13986253063956777,0.38498677460861364,0.5685758153515771,0.2608914125852304
756,16,73,0.13978867742438733,0.38502825315388106,0.5690530368029455,0.26035315001313675
757,16,75,0.14001436976817938,0.38504931851603785,0.5692088191124182,0.26160591152451385
758,16,77,0.1403196089624089,0.3850104243301211,0.5692088191124182,0.2618120009562475
759,16,79,0.14099119034055302,0.38511359419871194,0.5692088191124182,0.26194269043413304
760,16,81,0.14121784586839498,0.38500092588452833,0.5689610893451501,0.2623285422560792
761,16,83,0.14135168431252632,0.3849044889259394,0.5689610893451501,0.2614143781011529
762,16,85,0.14163937798866288,0.3848579837335098,0.5689610893451501,0.26051396532221316
763,16,87,0.14163301897635303,0.3847403834334281,0.5650595022043859,0.26077013447044656
764,16,89,0.14151534439628616,0.3847917643368811,0.566032408927902,0.2602630294640794
765,17,1,0.12833218036064492,0.384907439561551,0.5639897753315914,0.2603412220685208
766,17,3,0.13373004175426434,0.385080221637474,0.5636386397949992,0.2598070060572354
767,17,5,0.13536544911520568,0.3852423817255687,0.5651979914025123,0.26020174717268596
768,17,7,0.1355916721289983,0.38528650913879964,0.5651357200521511,0.2606744015584122
769,17,9,0.13651772062479262,0.3852583182729664,0.5651357200521511,0.2600768157890464
770,17,11,0.13687442101416816,0.3853822523945894,0.5651357200521511,0.26021341407119947
771,17,13,0.1378418725104819,0.3854519749404286,0.5651357200521511,0.2598815310350028
772,17,15,0.13797705896330528,0.38555574260253095,0.5651357200521511,0.26082808964042403
773,17,17,0.1382117347135461,0.38571676707283487,0.5651357200521511,0.26113561423344656
774,17,19,0.13866287789434625,0.38592363162296733,0.5651357200521511,0.2618396307421073
775,17,21,0.13879940794868867,0.38600106292326863,0.5664228566334052,0.2613246707670938
776,17,23,0.13876416130019256,0.3861046456562384,0.5664228566334052,0.26130504754552375
777,17,25,0.1389079653090353,0.38621222672797234,0.5653586930526413,0.2616730205762281
778,17,27,0.1390379106561374,0.38638990999566786,0.5653586930526413,0.26174724585648346
779,17,29,0.1389250309767614,0.38657777450374475,0.5653586930526413,0.2625368789025351
780,17,31,0.13918644111873893,0.38670289212091913,0.5657752805616572,0.2629067917981094
781,17,33,0.13930095124257907,0.3868501297900993,0.5657752805616572,0.2628428372750734
782,17,35,0.13919734285614635,0.38690479863437427,0.5657752805616572,0.26273793359183084
783,17,37,0.13927698398632352,0.38709254436792434,0.5659609666015171,0.26323563034269964
784,17,39,0.1395238060290071,0.3872405018118286,0.5659609666015171,0.26327843962956476
785,17,41,0.13971473505970441,0.3873257170191566,0.5660333121722426,0.2631701645445225
786,17,43,0.13981584624000157,0.387318792544247,0.5660333121722426,0.26318143459337673
787,17,45,0.1401115095846229,0.3873167605381878,0.5660333121722426,0.2631608119614269
788,17,47,0.13998273808249134,0.38741575610819295,0.5660333121722426,0.26313203510932887
789,17,49,0.14022515640551733,0.3874806310982231,0.5660333121722426,0.26326462277072543
790,17,51,0.1404663099386106,0.3875417276124881,0.5670112926804245,0.2635646090908154
791,17,53,0.14081394828428667,0.3876768363992186,0.5672542969773998,0.26416377122809676
792,17,55,0.14114812638703708,0.38777661278328635,0.5672542969773998,0.2644961040515839
793,17,57,0.14149430248804448,0.3878790828777829,0.5684805481940938,0.2649141958853279
794,17,59,0.14184889236798362,0.3879173542375643,0.5684805481940938,0.26422102525038316
795,17,61,0.14198208466113393,0.387941845297237,0.5671526564240325,0.2651025042360738
796,17,63,0.14216710511710334,0.3879963678396593,0.5674520539306525,0.2653337288623311
797,17,65,0.14217348854903664,0.3879387773189108,0.5674520539306525,0.2656749388490644
798,17,67,0.14216874534788465,0.38797573874349744,0.5674520539306525,0.2654430522853504
799,17,69,0.14221951204398353,0.3880114389726515,0.5674520539306525,0.2653136564909823
800,17,71,0.14250098436049516,0.3880406960415774,0.5674520539306525,0.26527245254751314
801,17,73,0.142562422333735,0.3881539633734089,0.5674520539306525,0.26583038456091856
802,17,75,0.14195723396303234,0.3881956845982058,0.5677014631666495,0.2654509771210734
803,17,77,0.14190059414911244,0.3882020045830714,0.5677307065233976,0.2656374063170475
804,17,79,0.1421545388092831,0.3882368966963679,0.5677307065233976,0.2652742441857862
805,17,81,0.14269083931350687,0.38824707799551855,0.5666051583408841,0.26541392777567097
806,17,83,0.14264107050388258,0.38821802484301654,0.5666051583408841,0.2656022413883922
807,17,85,0.1427781676244532,0.3882328099574576,0.5666051583408841,0.2653770899082801
808,17,87,0.14307211459146388,0.38822406517521385,0.5666910015287374,0.26621118509208264
809,17,89,0.14310560001637213,0.38818969323536073,0.5653295038363658,0.2664467933381659
810,18,1,0.12910154599137819,0.3892513905951415,0.5717222458294833,0.2610983175768806
811,18,3,0.1343632027612793,0.389326195589942,0.5705654862831004,0.2635452062572327
812,18,5,0.13639580266403714,0.38956591951392044,0.5713598832662907,0.2629206407676959
813,18,7,0.13709027901648926,0.3895648105155202,0.5706285729590853,0.2633557999895298
814,18,9,0.137977442810974,0.38969245858569873,0.5697622142902954,0.2633874763595813
815,18,11,0.13867066100913636,0.389716543557926,0.5696155503856396,0.26304322035381517
816,18,13,0.13909060525348385,0.3897403829147668,0.5697270850871852,0.26316526427569525
817,18,15,0.13923341081352145,0.3897447433784947,0.5682306998395233,0.26366312705151695
818,18,17,0.1395644798353431,0.389852336900877,0.5685030019444023,0.26434658862890537
819,18,19,0.13985474822493807,0.38995529903508613,0.5685030019444023,0.2631929328626518
820,18,21,0.13997052465906568,0.39004098693292066,0.5687201896820214,0.2633656926779086
821,18,23,0.14023492353116787,0.3901101425400425,0.5694086578403691,0.26296628584972
822,18,25,0.1402756548730814,0.3901108316821597,0.5713684932135079,0.2633887077061007
823,18,27,0.14057802218952312,0.3902258310833601,0.5724610606211009,0.2634907471591143
824,18,29,0.14068080965606994,0.3903166220266935,0.5726425261900266,0.26332091224681003
825,18,31,0.1406327850352675,0.3904054567553352,0.5725892155798373,0.26367364921230346
826,18,33,0.1408378002612556,0.3904807699395677,0.5725892155798373,0.2637401079585232
827,18,35,0.1409431170118564,0.39066439282313076,0.571496639219121,0.2636347317570142
828,18,37,0.14136332263312396,0.39084194333350775,0.5716145313931016,0.2640853595603056
829,18,39,0.14131986349013093,0.3908474417076012,0.5716145313931016,0.26352387376518654
830,18,41,0.1411637546896817,0.39095392688100883,0.5716145313931016,0.26365840437054133
831,18,43,0.14124863418650088,0.39104196615420606,0.5702900051579619,0.26374710673537444
832,18,45,0.1415316497943854,0.391048037039084,0.5704080362947218,0.2638994453483133
833,18,47,0.1412692478027315,0.3911703955468115,0.5704080362947218,0.26362125353719296
834,18,49,0.1409065904410475,0.39128097303435033,0.5701822225121854,0.2658360811226556
835,18,51,0.1411796291548825,0.3913179675878323,0.5690649109980692,0.2662354839515512
836,18,53,0.14175548656167555,0.3914479568477783,0.5693442983107516,0.26661150696286534
837,18,55,0.14181041838744857,0.3914631248816089,0.5693442983107516,0.26631305716542897
838,18,57,0.14174546501711982,0.39149583668571547,0.5693442983107516,0.266642792516937
839,18,59,0.14203853879795178,0.39157142068753675,0.5695167870071998,0.2669405275132082
840,18,61,0.14190120954953125,0.391665463168067,0.5683233224778282,0.2664654161487265
841,18,63,0.14189250197242637,0.3917166615358975,0.5683233224778282,0.2668498597205454
842,18,65,0.14215718720808862,0.39183412406337775,0.5686047638131857,0.2661164743743508
843,18,67,0.14212193614326332,0.39195513385033787,0.5686047638131857,0.266392941572239
844,18,69,0.14214327257707063,0.3920700855551616,0.5685503478114207,0.26605141141758376
845,18,71,0.1420183081966438,0.392067534058674,0.5676697949644531,0.2662074077556044
846,18,73,0.1422702040247841,0.3921495093817851,0.5679501916246206,0.267579360630737
847,18,75,0.14218029279178507,0.3921902305105604,0.5679501916246206,0.267167496542295
848,18,77,0.14213876206412338,0.3922199304127892,0.5679501916246206,0.2670098486515959
849,18,79,0.1421245266879221,0.39223536177476015,0.5677908023020154,0.2673586019826513
850,18,81,0.14205782807578168,0.3922724924664151,0.5667224590216651,0.2680513449669097
851,18,83,0.14220096243538508,0.39225396171666194,0.5667224590216651,0.2682040001034938
852,18,85,0.1425563482072493,0.39227213495858804,0.5667224590216651,0.2682599331606048
853,18,87,0.1424404131104275,0.3923011684001038,0.5665030538319693,0.2683429725525111
854,18,89,0.14265088115203609,0.3923377731311648,0.5649233993970731,0.2687881374140575
855,19,1,0.1280778082657306,0.37789818442564277,0.5592285869404469,0.25862187078772725
856,19,3,0.13304233834399928,0.3779623914089938,0.5594098016431068,0.26010677451573894
857,19,5,0.1344650667876052,0.37804488542340575,0.5596027330367087,0.2600662370718031
858,19,7,0.13527776173575326,0.3780684108817453,0.5600162576598983,0.2606095822957751
859,19,9,0.13573825927959243,0.37814802962812966,0.5611650514466121,0.2599841081686462
860,19,11,0.13624678868066922,0.3782734959137463,0.5600162576598983,0.259673689045013
861,19,13,0.13649094238211937,0.3783032197783892,0.5589860721304849,0.2593875060911786
862,19,15,0.13698095119325754,0.37839698215933976,0.5589860721304849,0.25956174843996066
863,19,17,0.13738500874338042,0.3784269325172099,0.5575258393615306,0.2594078447408788
864,19,19,0.13780879328224413,0.37847908142669395,0.5575258393615306,0.25991045044013866
865,19,21,0.13758319860794552,0.37857606110291525,0.5587447079811576,0.25934784195441246
866,19,23,0.13778939417166566,0.3786824099069152,0.5600889643635135,0.2602849409089273
867,19,25,0.13828309646681186,0.3787316202804005,0.5600889643635135,0.2602111742629006
868,19,27,0.13871776512591502,0.37886458700231573,0.5603168614513631,0.26107618019919293
869,19,29,0.13884539421322337,0.37897089165277326,0.5603168614513631,0.2612782778722626
870,19,31,0.13895107827907519,0.37903823152096544,0.5603168614513631,0.2612340300622974
871,19,33,0.1390436394777174,0.37919369509076034,0.5600889643635135,0.26184102485105243
872,19,35,0.139461887329893,0.3792800360327447,0.5600889643635135,0.26169079533205625
873,19,37,0.13958496453789135,0.37932912754210474,0.5600889643635135,0.2616928591671478
874,19,39,0.13961165072113332,0.37943031541226946,0.5600889643635135,0.2621238217385152
875,19,41,0.1397651816844322,0.37945038244785195,0.5600889643635135,0.2623676472876168
876,19,43,0.14005383031758,0.3794957975454752,0.5600889643635135,0.26328600310754136
877,19,45,0.1401273841059345,0.37952688029702114,0.5589332988970689,0.26350105014617603
878,19,47,0.14004146206325804,0.3795510162780044,0.5589332988970689,0.2632656663844268
879,19,49,0.13982945093040935,0.3795556904044606,0.5594087816186349,0.2626226478695638
880,19,51,0.13992570292559073,0.3795688132849115,0.5580660137414201,0.26222292053638696
881,19,53,0.14009373081027163,0.3797104283455385,0.5601495527897242,0.26188417440020834
882,19,55,0.14010709986605877,0.3798072301334278,0.5611336015124664,0.26233947404022345
883,19,57,0.13963681063043049,0.37981722769313336,0.5611336015124664,0.26192890558740417
884,19,59,0.13944927329031456,0.3798830724458239,0.5599374771261686,0.2622194979703803
885,19,61,0.13947912768153273,0.37988928157809665,0.5601700927730809,0.2619619601761424
886,19,63,0.13965279633881722,0.3798912595627052,0.5604197531590268,0.26251983436601883
887,19,65,0.13996270112754072,0.37988796755659465,0.5604197531590268,0.2624773852620733
888,19,67,0.14035012592911078,0.3798474919011326,0.5579358813955783,0.26185880207448775
889,19,69,0.14019825726099577,0.3798742019870516,0.5579358813955783,0.2614990913736469
890,19,71,0.1402429777263132,0.3799565792664071,0.5566935400759632,0.2618707248426581
891,19,73,0.14052824784038995,0.37991490922799553,0.5566935400759632,0.2616708848002994
892,19,75,0.14055652150356224,0.37981973596965596,0.5565120047276916,0.26209072272232065
893,19,77,0.14074662617545483,0.37975101145908224,0.5558662637581785,0.2621106076824276
894,19,79,0.14087867033389795,0.379741459918725,0.5546111838415865,0.26224337033877626
895,19,81,0.14110647395159498,0.3797036700067387,0.5548469144158729,0.2613165557147215
896,19,83,0.14139357195653826,0.37967206848371504,0.5548469144158729,0.2610027701595671
897,19,85,0.14139966586576275,0.3797183633507147,0.5548469144158729,0.26093990417570284
898,19,87,0.14178270552467226,0.3797333388336027,0.5548469144158729,0.26053425982228995
899,19,89,0.14191105365746706,0.3797345518321458,0.5535171436388097,0.26077899967589346
