,iteration,median_filter_window_approach,category_count_score,f1_per_timestamp,f1_per_annotation,f1_per_prediction
0,0,1,0.12479738570559762,0.3771114380404237,0.5525081178868406,0.2506467169882641
1,0,3,0.12989595033907333,0.3772097534844619,0.5525081178868406,0.2506191447533344
2,0,5,0.1317502997058491,0.37717480431456274,0.5525081178868406,0.25018449692934025
3,0,7,0.1325996588137585,0.3773260840772642,0.5525081178868406,0.2508444677015088
4,0,9,0.13304263991376974,0.3774119118066128,0.5525081178868406,0.2509130139989392
5,0,11,0.13417626063818583,0.37752591779490036,0.5525081178868406,0.25119112764248763
6,0,13,0.13511750922787372,0.3776727289720199,0.5516103164150817,0.25175426234182396
7,0,15,0.1354198773815503,0.37786363008987334,0.5516103164150817,0.25155888473129934
8,0,17,0.13609774727278243,0.37799721242961193,0.5521759265454883,0.25142263050046415
9,0,19,0.13657601020908466,0.37805195494985544,0.5521759265454883,0.2504282474158011
10,0,21,0.1367928722460455,0.3782456979985889,0.5521759265454883,0.2508535689642699
11,0,23,0.13707049577443917,0.3783631502908228,0.5523590364477641,0.250616830866747
12,0,25,0.13742619826285538,0.3784231550188157,0.5523017920153667,0.25072165732140433
13,0,27,0.13812847108318907,0.3785057034679157,0.5523017920153667,0.25100960472825673
14,0,29,0.13824285816546006,0.37866511579401474,0.5517365150326426,0.24994963027823008
15,0,31,0.13863679445035484,0.37879488995082067,0.5517365150326426,0.2505061082283278
16,0,33,0.1387435396479835,0.37890396322883146,0.5517365150326426,0.250853394589453
17,0,35,0.13927952360958853,0.3791451817921193,0.5517365150326426,0.2503185904296256
18,0,37,0.13864983597699715,0.3793290912960447,0.5523017920153667,0.25009208977788966
19,0,39,0.13899180493749613,0.37941578073817894,0.5523017920153667,0.2507990831462133
20,0,41,0.13905042357982783,0.3795460377578502,0.5523017920153667,0.25049693918114174
21,0,43,0.13995791911900377,0.37967129457168564,0.5523017920153667,0.2498830143000421
22,0,45,0.140051865435438,0.3797380206292228,0.5523017920153667,0.25110221457501253
23,0,47,0.14020588319933205,0.3798262730507685,0.5523017920153667,0.25165038626016145
24,0,49,0.1398011542188455,0.3798800364989871,0.5528741238822817,0.251808612910217
25,0,51,0.13950795904985244,0.3800163971952002,0.5532711905159626,0.2516413449091498
26,0,53,0.14014180555922245,0.380180752433749,0.5532711905159626,0.2517209528495389
27,0,55,0.1402612612132569,0.3801264961671618,0.5526913372129546,0.2518377249327412
28,0,57,0.14072266068406722,0.38029040317952234,0.5526913372129546,0.25176495381611597
29,0,59,0.14084022793228962,0.38022357358135667,0.5526913372129546,0.2530200810811803
30,0,61,0.14088573061194995,0.3801739550206403,0.5526913372129546,0.25305508464554466
31,0,63,0.14120891238842978,0.3800544678250594,0.5526913372129546,0.2520699813393583
32,0,65,0.14147944676664836,0.38010686687508216,0.552118738478282,0.2521333781608054
33,0,67,0.14153056510071343,0.3800906137287736,0.552118738478282,0.2524689300839697
34,0,69,0.14180655707534867,0.38009025572736826,0.552118738478282,0.2537595460852094
35,0,71,0.14191995052801035,0.38015524239202125,0.5526913372129546,0.25339388172967425
36,0,73,0.14250356260312083,0.38028963592794435,0.5526913372129546,0.25363249598198057
37,0,75,0.14266248602184212,0.3801218796483085,0.5502115727516232,0.254419356496934
38,0,77,0.14247650159564743,0.38013829538264815,0.5502115727516232,0.25510084048774884
39,0,79,0.14257486718432044,0.3800656402050578,0.5507753251210993,0.25355645210626854
40,0,81,0.14345277174201665,0.37994465996435417,0.5507753251210993,0.25481663404349114
41,0,83,0.14323190510617348,0.37997180977032824,0.5509578455943159,0.25463992312335443
42,0,85,0.1442385418707412,0.3801083078478994,0.5509578455943159,0.2555894308397836
43,0,87,0.1440859768348794,0.3799968704869883,0.5511800367620528,0.25476575191190454
44,0,89,0.14455983419482762,0.38015776955512054,0.5517506949713005,0.2548495136224241
45,1,1,0.127884102780224,0.38669585360588005,0.5743840012685325,0.25670521981171207
46,1,3,0.1333925003661755,0.38665343583119366,0.5745658297096768,0.2564875100378789
47,1,5,0.1351051254583541,0.38654131320047413,0.5745658297096768,0.25633131048099894
48,1,7,0.13627815403588422,0.3867365890894536,0.5739791732269534,0.25672934198712843
49,1,9,0.13680032631587608,0.38682521927571123,0.5739791732269534,0.2567479349815221
50,1,11,0.13747556368319988,0.3870208666313451,0.5739791732269534,0.2567511294464672
51,1,13,0.1377398658323294,0.38715949377342423,0.5765649533290461,0.2565427232672327
52,1,15,0.13813137674287762,0.38729451015464544,0.5765649533290461,0.257415114508104
53,1,17,0.13875865598789472,0.3875337278732441,0.5765649533290461,0.25794711302867596
54,1,19,0.13839416613319558,0.38755215668284987,0.5765649533290461,0.2567708098107647
55,1,21,0.1384730372832091,0.3875771801246289,0.5765649533290461,0.2567863965560067
56,1,23,0.13888154901725555,0.38754864126326344,0.5765649533290461,0.25700963404383664
57,1,25,0.13933254446896462,0.3875320567774652,0.5765649533290461,0.2564270699562074
58,1,27,0.13990935702276572,0.3875043780320938,0.5765649533290461,0.2561799416598328
59,1,29,0.1399616633724656,0.38743965057581037,0.57720465729614,0.2566773879761607
60,1,31,0.1399463346214747,0.3875730518428618,0.5776847869423741,0.25734032759870146
61,1,33,0.14018270220105453,0.3875913944286645,0.5783014977239201,0.25715115575458664
62,1,35,0.14038655275883824,0.3876457516152139,0.5783014977239201,0.2563802457422479
63,1,37,0.1412141667272589,0.3877310217249333,0.5783014977239201,0.2561372439612399
64,1,39,0.14151437189826258,0.3877089200585623,0.5783014977239201,0.25590546150786364
65,1,41,0.1421840632160555,0.3878930949881942,0.5783014977239201,0.25660845915539554
66,1,43,0.14231632046882853,0.3879451199188538,0.5783014977239201,0.2577512710226594
67,1,45,0.1422350602917119,0.38788265503526714,0.578361823756203,0.2573957431342368
68,1,47,0.1426972088281629,0.3878847223821897,0.578361823756203,0.2569117706515144
69,1,49,0.1429804066007256,0.3879771590938915,0.578361823756203,0.25668006581635316
70,1,51,0.14382918513556436,0.388135299435472,0.578361823756203,0.2569530365600148
71,1,53,0.1439635511286262,0.38823451414954485,0.578361823756203,0.2566262864373373
72,1,55,0.14467928319338472,0.38836143254416167,0.578361823756203,0.2565347740434514
73,1,57,0.14517751009799604,0.3884838330546366,0.5762083073020133,0.2567004753318652
74,1,59,0.1452581700958891,0.3885684561104062,0.5762083073020133,0.2580309305552824
75,1,61,0.14528631183433777,0.3885767881906191,0.5762083073020133,0.2568304675531669
76,1,63,0.14613338505022785,0.38858842920940034,0.576817929033976,0.256388787271716
77,1,65,0.14703703988146502,0.38872916394076185,0.576817929033976,0.2567520073061885
78,1,67,0.1475369224119422,0.3887306786917077,0.574609463624938,0.2559129787696585
79,1,69,0.14722228196057538,0.38880218805378525,0.574609463624938,0.25578280798093717
80,1,71,0.14829179067812262,0.3889035749681145,0.574609463624938,0.2562432890489447
81,1,73,0.14876079683569401,0.38891292260805566,0.574609463624938,0.2565341483290391
82,1,75,0.1488753899652436,0.3890408436084317,0.574609463624938,0.2570151441935611
83,1,77,0.14961762131924836,0.3890181725181324,0.574609463624938,0.25730839043335607
84,1,79,0.14925556736920945,0.3890107769352941,0.5723601779506986,0.25805471336899866
85,1,81,0.14852293960355217,0.38898813182197234,0.5729450206311523,0.2587010137434182
86,1,83,0.14871846644050915,0.3890272763254989,0.5729450206311523,0.25945183476066763
87,1,85,0.14918424651323106,0.3890758865878744,0.5729450206311523,0.2600479124475591
88,1,87,0.14969143040292376,0.38910518228275265,0.5729450206311523,0.26026371187376324
89,1,89,0.1500385236411903,0.3889887802771746,0.5705757620191739,0.26073275334930124
90,2,1,0.12749435496457615,0.38523297393772954,0.5644794507579282,0.27164641952839175
91,2,3,0.13260979678106924,0.3851925638576939,0.5672991659521055,0.2734710485582475
92,2,5,0.13422226862561357,0.3853971337183976,0.5643601724712022,0.27313764889431597
93,2,7,0.13534432304503943,0.3853992600944577,0.5644197358571745,0.27206557833126366
94,2,9,0.1360205320536834,0.38551346519577434,0.5614013047477736,0.2741402093191903
95,2,11,0.13687715469677528,0.3853366308933686,0.5614013047477736,0.27404167696419235
96,2,13,0.1371829867967279,0.38528821206723307,0.5614013047477736,0.27314446669151726
97,2,15,0.13752502621040993,0.38551697521506395,0.5614013047477736,0.2736297661816319
98,2,17,0.1373927789676697,0.3855128713654655,0.5614013047477736,0.2731715195237636
99,2,19,0.13740407290484943,0.3855804279479948,0.5614013047477736,0.2734738979481482
100,2,21,0.13736713084909635,0.38557577338877824,0.5614013047477736,0.2728068761883363
101,2,23,0.13754378660579494,0.3856069677448829,0.5614013047477736,0.27322344803885174
102,2,25,0.13799916963091097,0.3855323127174136,0.5618419946415423,0.27410894631588606
103,2,27,0.1380588660568315,0.3853460308878132,0.5618419946415423,0.2726360010557112
104,2,29,0.13786270697928585,0.38537499586588225,0.5618419946415423,0.27210831872103175
105,2,31,0.13878043361247744,0.3854683608613971,0.5618419946415423,0.27294973440266385
106,2,33,0.13905715317247186,0.3854180247588925,0.5618419946415423,0.2735895395804165
107,2,35,0.1394778328752111,0.38541253452197116,0.5618419946415423,0.2741822175135805
108,2,37,0.13972613311561763,0.385292460318175,0.5618419946415423,0.2735446448066056
109,2,39,0.13984780281882986,0.38504162604541625,0.5618419946415423,0.27216347384663137
110,2,41,0.14035547101426216,0.3848731065434014,0.564306275186587,0.27263185423313335
111,2,43,0.14075605019750762,0.3847182919979593,0.564306275186587,0.27153941073009213
112,2,45,0.1408042612337786,0.3847673131213142,0.564306275186587,0.2713903390591797
113,2,47,0.14115276098511725,0.3847046450846926,0.564306275186587,0.2713006981777056
114,2,49,0.14149439400398858,0.3847235433788193,0.5648322017133819,0.27152416617089653
115,2,51,0.14229253610999776,0.3847629642240386,0.5648322017133819,0.27181179004878936
116,2,53,0.14318611026264308,0.38475496077794563,0.5648322017133819,0.2707336205464129
117,2,55,0.14363052635220394,0.3847633145465342,0.5648322017133819,0.2716178429809627
118,2,57,0.1436259708769331,0.38473379470077546,0.5648322017133819,0.27167834841811284
119,2,59,0.1443240109701065,0.38473808717417,0.5648322017133819,0.27126003754521893
120,2,61,0.14391714833105262,0.3845869581402349,0.5642469397556267,0.27042076842968255
121,2,63,0.1442431125693066,0.3846311603360202,0.5647728014582956,0.2705281907976529
122,2,65,0.14466017503379883,0.38445983426430214,0.5647135516178271,0.2685214551069805
123,2,67,0.14459128113929448,0.38447784976607513,0.5622890379448477,0.2684779127870309
124,2,69,0.1447979198747842,0.38452285465181496,0.5623482966159136,0.2681926644623303
125,2,71,0.1449194674553758,0.3845305433202055,0.5598174642375785,0.26829182957917297
126,2,73,0.14517882416106256,0.38457197081324246,0.5598174642375785,0.26926156893025316
127,2,75,0.14578379200658237,0.3846320132385119,0.5572974324060512,0.2694796174267395
128,2,77,0.14629906269691675,0.3847104319055742,0.5572974324060512,0.2696786581392239
129,2,79,0.1465853795319616,0.3845709048521142,0.5572974324060512,0.2689821192497185
130,2,81,0.14667234408024332,0.3846376699885562,0.5572974324060512,0.26944911172419694
131,2,83,0.14728769402726463,0.38465094371452846,0.5572383061330168,0.26963322407579315
132,2,85,0.14710609979991715,0.3846929319161632,0.5572383061330168,0.27076266079081734
133,2,87,0.14725706513371423,0.3846159232762582,0.5572383061330168,0.27117173166019787
134,2,89,0.14727531003817065,0.3847438441852965,0.5572383061330168,0.2711462843397216
135,3,1,0.12795409528129784,0.3892474730530943,0.5806199731733045,0.25966406340017795
136,3,3,0.13360315497679445,0.389471437128023,0.5848047602510446,0.25869938528214226
137,3,5,0.13519546713404532,0.3896122467230819,0.5871576662988819,0.25945984061159455
138,3,7,0.13635524397648816,0.38974499478851754,0.5852790576909399,0.2602332335538535
139,3,9,0.1370452959688972,0.3895993661920533,0.5841695166739885,0.25990892598105303
140,3,11,0.1376131051599448,0.38952874350325273,0.5841695166739885,0.2593135703249073
141,3,13,0.1384285299645218,0.38953508171111795,0.5818093503187908,0.26029231145460774
142,3,15,0.1387292457935174,0.389733561702526,0.5818093503187908,0.2601042761109363
143,3,17,0.13974461486588755,0.3896049785470225,0.5812827012871732,0.2599560131626163
144,3,19,0.1400626541205912,0.3897047279841609,0.5818093503187908,0.26028615590700677
145,3,21,0.14005914032411923,0.3897534805837269,0.5818093503187908,0.26035075882002184
146,3,23,0.14060551022898424,0.38963066141006225,0.5841695166739885,0.261393311122995
147,3,25,0.14064767419294746,0.389660109518728,0.5841695166739885,0.2611540405839811
148,3,27,0.14108979007013708,0.38949728543498363,0.5841695166739885,0.2614567930850254
149,3,29,0.14093497507066471,0.3893737385230326,0.5841695166739885,0.2638044954465496
150,3,31,0.1415648503425718,0.38934504313844265,0.5841695166739885,0.2642219630014112
151,3,33,0.14235803994583468,0.38923689907800785,0.5818093503187908,0.2636000727812705
152,3,35,0.14300643898638946,0.38907802721346074,0.5823427340953525,0.2621105344628439
153,3,37,0.1429814714607422,0.3889320664233996,0.5804427629472348,0.26162509550462254
154,3,39,0.14353280099615517,0.3888917992143704,0.5804427629472348,0.2613589870690737
155,3,41,0.1440207631383688,0.38890218007980365,0.5804427629472348,0.26127904140057046
156,3,43,0.14391562677645,0.3888875532828328,0.5804427629472348,0.2615705558196487
157,3,45,0.14425805455164076,0.3889125440089533,0.5804427629472348,0.26173863149544074
158,3,47,0.1444938373555366,0.3888619720403798,0.5780180603274927,0.2624997423306364
159,3,49,0.1448658656534556,0.3886336732547555,0.5780180603274927,0.26137226122196666
160,3,51,0.14525700919608195,0.3886796130056348,0.5780180603274927,0.26103438939302137
161,3,53,0.1456903665571805,0.3886193673580812,0.5780180603274927,0.2604897309087514
162,3,55,0.14496712224531147,0.388671716414603,0.5780180603274927,0.26038516183537863
163,3,57,0.14547241454206636,0.3886986640925946,0.5780180603274927,0.26015433178720093
164,3,59,0.1451388328503811,0.3887805679929427,0.5780180603274927,0.2597987890308951
165,3,61,0.144725781399153,0.3887729000923842,0.578526539401386,0.26212104062244646
166,3,63,0.14458202259039218,0.3888325338867153,0.578526539401386,0.2617345506101374
167,3,65,0.1445276516406098,0.3888639356694723,0.5784653130706252,0.2609403004546236
168,3,67,0.14440192308768188,0.3889605995384562,0.5784653130706252,0.26089294709548255
169,3,69,0.14480547750474798,0.388930907133162,0.5784653130706252,0.260317773174627
170,3,71,0.1452008293569345,0.38885587457303544,0.5784653130706252,0.2594220302957025
171,3,73,0.1456899905160354,0.38886536632039953,0.5784653130706252,0.2585032318598809
172,3,75,0.14672407711068738,0.38899100981981405,0.5784653130706252,0.25862380549504
173,3,77,0.14728877842476035,0.38895744713220026,0.5784653130706252,0.2599974917202755
174,3,79,0.14800519326072292,0.38907219039399343,0.5784653130706252,0.26026535242414695
175,3,81,0.14859994623763043,0.38915956414702774,0.5784653130706252,0.26142352261882257
176,3,83,0.148564273705272,0.38909479682699305,0.5784653130706252,0.2615592720790613
177,3,85,0.1481828166643,0.38888949191590694,0.5759117256082568,0.2621298580708653
178,3,87,0.14840292264974905,0.388894753084765,0.5759117256082568,0.26187531983390855
179,3,89,0.1478937819084615,0.38850071270432035,0.573369854758302,0.2619830897463589
180,4,1,0.1282747712429982,0.39001501396561833,0.5968102372713219,0.2657448132032167
181,4,3,0.13201257534772187,0.3901857441657493,0.5968102372713219,0.26727326951865893
182,4,5,0.13404906773714778,0.39027472360380244,0.5988057313376658,0.26702432180484836
183,4,7,0.13528571098730865,0.3903832935564405,0.5982185499970135,0.2665827905106075
184,4,9,0.1362023362372747,0.39047307644194323,0.5982185499970135,0.26800773840522757
185,4,11,0.13687134364235662,0.3906201764061846,0.5982185499970135,0.2680594989552051
186,4,13,0.13709689761365995,0.39059404214098414,0.5989884956490981,0.26786123928970956
187,4,15,0.13798299871390635,0.3906435526943653,0.5989884956490981,0.2694069359503555
188,4,17,0.1379346709852749,0.3906706690481047,0.5989884956490981,0.2695426252218103
189,4,19,0.13821180821585552,0.39085379393570335,0.5989884956490981,0.26998923744155257
190,4,21,0.1384373905004221,0.3908085365752743,0.5991020625067227,0.26875863970539604
191,4,23,0.13860837506485502,0.3907128076672306,0.5991020625067227,0.2686937886111555
192,4,25,0.13915145752374794,0.3907845997386513,0.5992256794647497,0.2690675067127342
193,4,27,0.14002003720615844,0.3908051596187069,0.5992256794647497,0.26914502250311884
194,4,29,0.14022352516599695,0.3909026932022562,0.5998354692994987,0.2685443975231715
195,4,31,0.14064582524117483,0.39093889234837226,0.5998354692994987,0.26864675348666334
196,4,33,0.140257877473224,0.3910394667002569,0.5998354692994987,0.2688707983098106
197,4,35,0.1408344102139317,0.39123616906770414,0.600566668025712,0.26777699111667075
198,4,37,0.1416437491589258,0.3912776346518937,0.600566668025712,0.2675654977857088
199,4,39,0.14212185066157096,0.3914627080664013,0.600566668025712,0.26753589151373924
200,4,41,0.14177994512777528,0.39159780996731525,0.600566668025712,0.2671103411482118
201,4,43,0.1425042741779252,0.39182295477630646,0.600566668025712,0.2674180273670537
202,4,45,0.14261879593695417,0.39189786216325195,0.5983514940685247,0.26785432647141355
203,4,47,0.1436737912641726,0.3920435248030194,0.5960973947561585,0.2678148537723294
204,4,49,0.14381265330779255,0.3920719548099281,0.5960973947561585,0.2678670475500144
205,4,51,0.1434790826122188,0.39213611530543496,0.5960973947561585,0.2680525814474017
206,4,53,0.14514999305237203,0.39212477801422363,0.5960973947561585,0.26576699783674046
207,4,55,0.14566227178359129,0.3921446462852141,0.5960973947561585,0.2667294922705146
208,4,57,0.14609832457376074,0.39217331151361695,0.5962142968674762,0.26853683005806783
209,4,59,0.14722846545953236,0.3922382430457666,0.5939649139146077,0.26889013135978385
210,4,61,0.14760906356391865,0.392293403379965,0.5942606989321115,0.2705777695376874
211,4,63,0.14749333433464243,0.3921577536881175,0.591969349161725,0.2697654741414825
212,4,65,0.14764577932727133,0.39225675655982567,0.591969349161725,0.26984679326753447
213,4,67,0.14812257662744527,0.3921303738024781,0.5894755753830535,0.27183030983351625
214,4,69,0.1472602339050207,0.3917975017348344,0.5894755753830535,0.27272755852354946
215,4,71,0.14734114848019292,0.39151637744407414,0.5897825603467928,0.2726792495893105
216,4,73,0.14764446286579513,0.3916145531525902,0.5897825603467928,0.2724516268184622
217,4,75,0.14813219668973496,0.3915155910900242,0.5897825603467928,0.2720483263004553
218,4,77,0.1480295726815362,0.3913252848496449,0.5897825603467928,0.27197337948216627
219,4,79,0.14909504609491786,0.39137124056592704,0.5897825603467928,0.27202240053030885
220,4,81,0.1492438508506428,0.3911906274624507,0.5897825603467928,0.2723632509241995
221,4,83,0.14923447011614635,0.39113348717903845,0.587088750709125,0.2720225303521412
222,4,85,0.14995441794844,0.3910209980970874,0.587088750709125,0.27110520188290355
223,4,87,0.15020596277848544,0.39094700800938076,0.587088750709125,0.2719459309350106
224,4,89,0.1499443806909179,0.39094486935275324,0.587088750709125,0.27321938302397286
225,5,1,0.1282767965655172,0.3922435719888024,0.5759259077580732,0.26410466117672204
226,5,3,0.13332894881874074,0.3921102771490242,0.5761943863318398,0.2644522844534229
227,5,5,0.1347549849969498,0.392391555986984,0.5761362464097787,0.2640413378953272
228,5,7,0.13577210799757375,0.3924860731541847,0.5761362464097787,0.2638874963277604
229,5,9,0.13651061319927718,0.39253604801195047,0.5763157538018601,0.26348966678534885
230,5,11,0.13650119421346854,0.39260596419910726,0.5763157538018601,0.26289747713993666
231,5,13,0.13678418791779995,0.392739314612355,0.575799242741166,0.2629928338911595
232,5,15,0.13739043646275634,0.3929218648209844,0.575799242741166,0.2629038889527567
233,5,17,0.13783809985693513,0.3929746043483956,0.5757412576028997,0.26187281659037126
234,5,19,0.13861964511952546,0.39318688384801964,0.5757412576028997,0.2627323298368787
235,5,21,0.13948257675649103,0.3931864199999845,0.5765325264060122,0.26281608083203717
236,5,23,0.13971665344205017,0.3931643413155678,0.5768695211205882,0.26156010152661285
237,5,25,0.14047667645202108,0.39330790152056394,0.5768695211205882,0.26204630447170707
238,5,27,0.14135455522382015,0.39337513201342833,0.5768695211205882,0.26215907243210484
239,5,29,0.14139379297501956,0.3932729648134236,0.5768695211205882,0.2625406319431381
240,5,31,0.14150641819468035,0.3933191682790203,0.5768695211205882,0.26227145765362947
241,5,33,0.14220573513432985,0.39337458032415956,0.5768695211205882,0.26295904699782563
242,5,35,0.1422524750994748,0.3931734773001339,0.5768695211205882,0.26374385479977575
243,5,37,0.14238430993134196,0.39314920835739414,0.5768695211205882,0.26386442033515745
244,5,39,0.14285976313527263,0.39308948369173974,0.5772130330131554,0.26344408142291936
245,5,41,0.14288504724153042,0.39308219881839,0.5773925404052369,0.2616909640489351
246,5,43,0.14402435908672895,0.3930349139503768,0.5774507320861291,0.2606767335159289
247,5,45,0.14463387226666105,0.3928913436504472,0.5774507320861291,0.2604066101889246
248,5,47,0.14488370894709038,0.3927545073102655,0.5767331963520174,0.2620012235959754
249,5,49,0.14487838297435515,0.392644426396593,0.5767331963520174,0.2619744181381045
250,5,51,0.1445533497872739,0.39270204623439237,0.5767331963520174,0.26075697112525387
251,5,53,0.14439994263970887,0.3926068842065278,0.5767331963520174,0.25994146034229326
252,5,55,0.14426964890422547,0.3926900408578255,0.5767331963520174,0.26035656945043695
253,5,57,0.1440478669496253,0.3927677581784996,0.5772588505201297,0.2597822297148766
254,5,59,0.14382037012761675,0.39278788231072975,0.5772588505201297,0.2603597901184996
255,5,61,0.14388461891705034,0.39288388693477294,0.5772588505201297,0.2608546266196704
256,5,63,0.14452623085694544,0.39290921683114954,0.5773171716210871,0.26078254340634466
257,5,65,0.1452427319814006,0.3928693050862217,0.5773171716210871,0.2610843695092019
258,5,67,0.14529436233597134,0.39290944310870907,0.5778496263063629,0.26075706706161383
259,5,69,0.14583524861746452,0.39293085717289794,0.5773171716210871,0.26129459331234417
260,5,71,0.14625194630873037,0.3929106552722241,0.5773171716210871,0.26117990222320114
261,5,73,0.14672367046045656,0.39283901727429577,0.5773171716210871,0.25965269150818254
262,5,75,0.14677855308364368,0.3927987279660154,0.5773171716210871,0.2592050669494805
263,5,77,0.14727058181873873,0.3929335189999949,0.5773171716210871,0.2590299897217213
264,5,79,0.14752584383807968,0.39288728164471864,0.5773171716210871,0.25877482057314005
265,5,81,0.14842653448344365,0.39302270781483123,0.5773637709881039,0.2578491890847373
266,5,83,0.14842334920638175,0.3930890055796327,0.5773637709881039,0.25877586011164316
267,5,85,0.1490442230830651,0.3932165258141792,0.5773637709881039,0.25891472861881903
268,5,87,0.14870506948369347,0.39317763309474485,0.5779034230506552,0.2588268143283889
269,5,89,0.14835391586591776,0.393205085877208,0.5779034230506552,0.2602964196645024
270,6,1,0.12713370670184582,0.385981019503736,0.5802945655703889,0.2562758378478362
271,6,3,0.13234743390974993,0.38610315952900587,0.5797342223099001,0.2580774019900721
272,6,5,0.134012100294551,0.3863055396995942,0.5797342223099001,0.25813928093471417
273,6,7,0.13519845474145029,0.3865615030230915,0.5797342223099001,0.25858629576662323
274,6,9,0.13635551762320594,0.3866601406446431,0.5819104763757903,0.25641042583077855
275,6,11,0.13673635660431555,0.3867197855989049,0.5819104763757903,0.25591025941962076
276,6,13,0.13733113771609481,0.38672588851474116,0.5819104763757903,0.25588869607021536
277,6,15,0.13740840146992336,0.38669039746665185,0.5819104763757903,0.2552647407254075
278,6,17,0.13793884880385324,0.3868466226833255,0.5819104763757903,0.2558803695256751
279,6,19,0.13843598403212812,0.3868315977341001,0.5819104763757903,0.2567228473570065
280,6,21,0.13848659833905486,0.38685560791494433,0.5819104763757903,0.25711912540965165
281,6,23,0.13878405096442764,0.386997871992162,0.5819104763757903,0.25661199440083504
282,6,25,0.1385612895825942,0.3870161111916022,0.5819104763757903,0.25681094894052886
283,6,27,0.1390391677755646,0.3868393243489568,0.5819104763757903,0.25641715076414956
284,6,29,0.13922392921228408,0.3870458299641493,0.5819104763757903,0.2565749862233751
285,6,31,0.13960923887669655,0.38704366840713084,0.5817977640446171,0.256666960618347
286,6,33,0.1396385254368319,0.38704310937309794,0.5796216541761142,0.25749028437716004
287,6,35,0.14015240032112694,0.3870264654977095,0.5801819312907399,0.25718372068870526
288,6,37,0.1404504867538927,0.3869548477159617,0.5781382866959287,0.2572107825745195
289,6,39,0.1406827891676347,0.3870476032154155,0.5781382866959287,0.25695271822394256
290,6,41,0.14120584784768178,0.38697711167963694,0.5781382866959287,0.2573295829661467
291,6,43,0.14219501169054521,0.387022956112958,0.5764656575742386,0.25949633256042975
292,6,45,0.14298055702602827,0.3869523948127845,0.5741418626541369,0.25885838982847054
293,6,47,0.14319611279278593,0.38700583127543453,0.5764656575742386,0.25820512951457186
294,6,49,0.14306288136504516,0.38707363162638087,0.5764656575742386,0.25761820232640836
295,6,51,0.14328531297005778,0.38704740379691455,0.5764656575742386,0.25854890319874907
296,6,53,0.14357126810619197,0.38695141919217335,0.5746660161841536,0.2590055847637572
297,6,55,0.14376453425633778,0.38701580056529256,0.5746660161841536,0.2591426369983129
298,6,57,0.1434996656443414,0.38701833500898497,0.5746660161841536,0.25978236599097826
299,6,59,0.14405377985602325,0.3869859823938503,0.5746660161841536,0.2594819431278211
300,6,61,0.1445515494494098,0.38701851246663727,0.5746660161841536,0.2589546776570352
301,6,63,0.1451770205842367,0.3869044921111852,0.5746660161841536,0.25890519908499454
302,6,65,0.14556673134257,0.3869559439836083,0.5746660161841536,0.25841545422158546
303,6,67,0.14583234538427794,0.3870418453425698,0.5746660161841536,0.2581720071373241
304,6,69,0.14588238467914919,0.3870280922805259,0.5746660161841536,0.25886852596891247
305,6,71,0.14681697113506104,0.38702840656728593,0.5746660161841536,0.25927343655964036
306,6,73,0.14643510917216918,0.3871070466049167,0.5746660161841536,0.258744802507192
307,6,75,0.14664145593045547,0.3870713280528099,0.5746660161841536,0.258663592442035
308,6,77,0.1468694046238181,0.38714575024901576,0.5748499931610368,0.2587720935539127
309,6,79,0.14663020461325232,0.387159170304336,0.5725264746403859,0.2590351714896253
310,6,81,0.1475549762587567,0.3872440832969977,0.5725264746403859,0.25986094497758044
311,6,83,0.14766794409671946,0.3872578993900584,0.5725264746403859,0.2601723818897327
312,6,85,0.14793644051993887,0.3871595764075895,0.573038694428848,0.25983721212557437
313,6,87,0.14776434237677522,0.38717914250897945,0.573038694428848,0.25935715177397417
314,6,89,0.14804326054275638,0.387140046131602,0.573038694428848,0.25912436619868495
315,7,1,0.1264783752684485,0.38713309406121965,0.576076986174993,0.25749738369614905
316,7,3,0.13170090122506103,0.38701789698355576,0.576076986174993,0.25881064472500726
317,7,5,0.13347663089722991,0.38697153057959593,0.5763926280243836,0.2582459830592386
318,7,7,0.13412256201419603,0.38680898462490004,0.5758939942651277,0.25585468603596645
319,7,9,0.13505558849754246,0.38686308007581954,0.5765753490997587,0.2563067365894722
320,7,11,0.13515274338214198,0.3869305177895269,0.5741661978991531,0.2566792810702984
321,7,13,0.1358856928236279,0.38701521729484556,0.573868938098091,0.2566460407077929
322,7,15,0.13589123570834832,0.38702052609267096,0.5739835394911521,0.2555547670475439
323,7,17,0.1364591778775996,0.3869977372025888,0.5739835394911521,0.25622614701205865
324,7,19,0.13729150994386508,0.38723195338432786,0.5741661978991531,0.25682076876464766
325,7,21,0.1377387013202425,0.38730373312582295,0.5741661978991531,0.25779066384146637
326,7,23,0.13799199479583826,0.38737405658808255,0.5741661978991531,0.2586642147640243
327,7,25,0.1377228200200301,0.3873207903610197,0.5741661978991531,0.259503150647881
328,7,27,0.13777259425361463,0.3873166415135337,0.5741661978991531,0.25950470713773033
329,7,29,0.13808608650171844,0.3872499514692797,0.5741661978991531,0.25905587341776687
330,7,31,0.13828507977436402,0.3873280194393007,0.5741661978991531,0.25926923121805406
331,7,33,0.13820176194120215,0.3873646281134575,0.5739228296830421,0.25939755691081007
332,7,35,0.13851900389667407,0.3874873282322195,0.5744087585919172,0.25930829294736263
333,7,37,0.13866135112310923,0.38744842055189144,0.5744087585919172,0.2603894621348516
334,7,39,0.13953856691590344,0.3874278467380452,0.5741661978991531,0.2604513681597388
335,7,41,0.14075873776331824,0.3873142203054681,0.5743485954283015,0.25895835981530274
336,7,43,0.1414781883329678,0.38729905929118,0.5743485954283015,0.2595592444733349
337,7,45,0.14112339011101765,0.38739928406415075,0.5743485954283015,0.26008094621037425
338,7,47,0.1418282730806555,0.38738102102936606,0.5748340480977377,0.258554291068006
339,7,49,0.14233876748103955,0.3873916156843479,0.5748340480977377,0.2573973689787574
340,7,51,0.14321573421585435,0.3874242539429779,0.5748340480977377,0.25748069770500404
341,7,53,0.14350605572609676,0.3876194310767271,0.5758230419407365,0.2572133517093414
342,7,55,0.1441743332700864,0.3877139706468667,0.5758230419407365,0.2570557523889582
343,7,57,0.14389012105340804,0.387731146915511,0.5758230419407365,0.2569499631860456
344,7,59,0.14470609268836496,0.38786610250892745,0.5753254700625349,0.25701039894853894
345,7,61,0.1444589184870618,0.3878625323336174,0.5753254700625349,0.2568545226072655
346,7,63,0.14357119148373898,0.3879124495683254,0.5753254700625349,0.2568712559105915
347,7,65,0.14311026807400798,0.3877977891788359,0.5730683539913926,0.2565975790937598
348,7,67,0.14359331974068754,0.38776138026953016,0.5730683539913926,0.25642458686156483
349,7,69,0.14260741642657312,0.3877118270587193,0.5730683539913926,0.25785260333443916
350,7,71,0.142591966494218,0.387788246860623,0.5730683539913926,0.25798439957575886
351,7,73,0.14322505323227827,0.38783988202513753,0.5730683539913926,0.25825698838208583
352,7,75,0.14297302192083144,0.38771897695560165,0.5730683539913926,0.25952846776397553
353,7,77,0.14317560523947756,0.3875319582574385,0.5730683539913926,0.258947790549826
354,7,79,0.1434491819653598,0.3875576528271008,0.5730683539913926,0.2594192051465468
355,7,81,0.14359541889204602,0.3875529327146817,0.5730683539913926,0.25790822524772394
356,7,83,0.14470582723559317,0.38744665330752215,0.5735520112298131,0.2582105329641014
357,7,85,0.1448279906055019,0.3874260093612049,0.5735520112298131,0.2578682043802159
358,7,87,0.1456185410791815,0.38743699728054076,0.5735520112298131,0.2565779786588818
359,7,89,0.1467781367542133,0.3874258533132302,0.5735520112298131,0.2570507080821194
360,8,1,0.12681360450506882,0.38864831993252796,0.5756508423543326,0.25396143891021616
361,8,3,0.132191236120959,0.3886692837458638,0.5765517249848996,0.2549541607469158
362,8,5,0.1337942957147858,0.38884979696110716,0.5765517249848996,0.2548799463683596
363,8,7,0.13447306735070866,0.38909048370304145,0.5765517249848996,0.25525662531753746
364,8,9,0.13522935599349806,0.3891729587805051,0.5770805618451368,0.25557490705152336
365,8,11,0.13631129529778543,0.3893043985821242,0.5770805618451368,0.25507521897951363
366,8,13,0.13668145727495928,0.38925653615795086,0.5770805618451368,0.2550246121437341
367,8,15,0.13673403152266547,0.3892565137500762,0.5770805618451368,0.25506891016445227
368,8,17,0.136853110187791,0.3894782267078429,0.5794403887246272,0.2547912240337458
369,8,19,0.13733339757833396,0.3896038198649946,0.5794403887246272,0.25535348119027446
370,8,21,0.1379771370994662,0.3896537640860262,0.5786309603694081,0.2561983864939177
371,8,23,0.13822689614065253,0.389800164089865,0.5786309603694081,0.2554230537041078
372,8,25,0.13840081895935819,0.38997867424997884,0.5786309603694081,0.2552059351132892
373,8,27,0.1384728879688463,0.3897627503912809,0.5786309603694081,0.2557953352820726
374,8,29,0.13932884566944623,0.38979920802140994,0.5786309603694081,0.25620161388676915
375,8,31,0.13962425415418325,0.38992890809076647,0.5790024480576115,0.2549496720452861
376,8,33,0.14012904108397947,0.39000119305917214,0.5790024480576115,0.2548137904029659
377,8,35,0.13966323866512947,0.3899482474039891,0.5790024480576115,0.2549523009848809
378,8,37,0.1404009356722015,0.3898538282580271,0.5790024480576115,0.2553851983033271
379,8,39,0.14004975932730596,0.38992389204770445,0.5790024480576115,0.2552578100894218
380,8,41,0.14072553279862038,0.3899646426118365,0.5790024480576115,0.2559953953915447
381,8,43,0.14093864080312982,0.38989732400270233,0.5790024480576115,0.2560234735780212
382,8,45,0.14183821857370355,0.3900228557136269,0.5790024480576115,0.2564987486612841
383,8,47,0.14220387352366679,0.3901186828273505,0.5790024480576115,0.25591647096895037
384,8,49,0.1429407894004448,0.3902095484659878,0.5790024480576115,0.2552665364271755
385,8,51,0.1426078946571442,0.3903060562737182,0.5790024480576115,0.25545698127462163
386,8,53,0.14317885502840624,0.39040698015111513,0.5790024480576115,0.25607408626974953
387,8,55,0.1431545638972922,0.3903820370463573,0.5790024480576115,0.25670112739044254
388,8,57,0.14353450348718705,0.39039614756206625,0.5790024480576115,0.25581344109830945
389,8,59,0.14436242403742158,0.3905268640929699,0.5790024480576115,0.2557501984071984
390,8,61,0.14503296885338815,0.39046684678519,0.5790024480576115,0.2556241117098942
391,8,63,0.14470142722994897,0.390314240519876,0.5766859907832939,0.2542748209562687
392,8,65,0.14539261957090127,0.39035693728350795,0.5766859907832939,0.25415199173134734
393,8,67,0.14575747239414216,0.3903702154199496,0.5772287540393244,0.2536859769175392
394,8,69,0.1457516013394901,0.3902743792450542,0.5748498822337748,0.25525041662431336
395,8,71,0.14700909338820176,0.39012415751901386,0.5748498822337748,0.25456553388946995
396,8,73,0.14743890314180239,0.39003094241665714,0.5748498822337748,0.25551860257388576
397,8,75,0.14798835912319927,0.3901199170716354,0.5748498822337748,0.2553562993329105
398,8,77,0.14807750076381312,0.3901194180446913,0.5748498822337748,0.2555949276987954
399,8,79,0.147846342113871,0.3902379093313791,0.5748498822337748,0.2564096179928327
400,8,81,0.14718755904731387,0.39012742977049386,0.5723642641098375,0.25689339363511626
401,8,83,0.14754073780058313,0.3900355170340894,0.5723642641098375,0.2575026545168903
402,8,85,0.1486311355335867,0.3900426353978466,0.5723642641098375,0.2574557775260202
403,8,87,0.14872730125778721,0.38983782310211784,0.5727463464502007,0.2569868833501016
404,8,89,0.14889720345192106,0.3898571689855487,0.5727463464502007,0.2571026993111886
405,9,1,0.12914458311222005,0.38670154728677847,0.5689258024275494,0.25792531948142466
406,9,3,0.13416941799866905,0.38685967672091115,0.5679208406424032,0.2599065792114114
407,9,5,0.13563814528861268,0.38672962934517574,0.5679208406424032,0.25765604336544273
408,9,7,0.13686960027516162,0.3867018100423099,0.5673795543434517,0.2580034750511905
409,9,9,0.13757777526035245,0.38671917270317013,0.5673795543434517,0.2575721677050667
410,9,11,0.1386129889586454,0.38689820041676376,0.5679208406424032,0.2589553565732573
411,9,13,0.1384842252180445,0.3868614565110648,0.5679208406424032,0.2574709694364278
412,9,15,0.13895190142081462,0.38679698004263235,0.5673795543434517,0.2572500136845784
413,9,17,0.14026241722672037,0.38685008905597884,0.5673795543434517,0.2569395866477296
414,9,19,0.14026207489145898,0.38691819539312805,0.5673795543434517,0.25851741567486786
415,9,21,0.14161827420302178,0.38690944179692266,0.5673795543434517,0.25917439942472603
416,9,23,0.14262455506779248,0.3869146476407291,0.5673795543434517,0.26096949129082114
417,9,25,0.14286968210485135,0.3869509541272368,0.5673795543434517,0.26074913020524454
418,9,27,0.14277912515851718,0.38689022783396115,0.5673795543434517,0.26164877753104115
419,9,29,0.14356619656430225,0.38703703259224514,0.5650193008629694,0.26066169457548055
420,9,31,0.14469265010245755,0.38710797359759264,0.5650193008629694,0.2600878768313964
421,9,33,0.14515357612828148,0.3871237426430336,0.5661499930074865,0.26009733965319376
422,9,35,0.14604334583595915,0.38727379090833225,0.5661499930074865,0.2606403371402549
423,9,37,0.14667407386597023,0.3873582490962905,0.5661499930074865,0.25987356884045687
424,9,39,0.14731354023682655,0.38744034714612463,0.5661499930074865,0.2596785604985778
425,9,41,0.14819348187451523,0.3875223119842452,0.5661499930074865,0.2602177199885936
426,9,43,0.14865149254999985,0.38743413439617685,0.5661499930074865,0.2611481933866798
427,9,45,0.1483038952797911,0.387563376875458,0.5661499930074865,0.2609013037096799
428,9,47,0.14799057061243207,0.38758912287716374,0.5661499930074865,0.26115104628919955
429,9,49,0.1488154353921425,0.38752116917583007,0.5664991902251277,0.2615121487663298
430,9,51,0.1493142765932631,0.3875056664102095,0.5664991902251277,0.26129798605534543
431,9,53,0.15077227222580028,0.3875486346703815,0.5664991902251277,0.2615100283837589
432,9,55,0.15187453028201012,0.3875419696339918,0.5670361516580272,0.26023950951571945
433,9,57,0.1519281309471602,0.38757799131250775,0.5670361516580272,0.26040218803888615
434,9,59,0.15157377588658613,0.3875393806325195,0.5640545977652832,0.25881288645325684
435,9,61,0.15148133647173984,0.3876040949986711,0.5640545977652832,0.2581067094358331
436,9,63,0.1521901705312676,0.3876398907215152,0.5615005845928859,0.2584021191890964
437,9,65,0.15212420663294893,0.3876981981344193,0.5615005845928859,0.258369913705044
438,9,67,0.15291138199713078,0.38773694594324404,0.5615005845928859,0.25765566524817707
439,9,69,0.15303346604065235,0.38779907151735876,0.5615005845928859,0.2572781867782681
440,9,71,0.15339489761383446,0.3877978125336964,0.5615005845928859,0.2573814295463562
441,9,73,0.15396182634100888,0.3878683149869753,0.5615005845928859,0.2580290069943652
442,9,75,0.15491336717311024,0.3879568613581787,0.5615005845928859,0.2588557048419318
443,9,77,0.15410853859628387,0.3879663235306173,0.5615005845928859,0.25918335810390936
444,9,79,0.153983902676645,0.3880563440072334,0.5615005845928859,0.2586746140252848
445,9,81,0.15444106141951336,0.38804634040277974,0.5615005845928859,0.2589105472530248
446,9,83,0.15493507676561688,0.3881369262151308,0.5615005845928859,0.2595507329525408
447,9,85,0.15529450846586987,0.38816304378082395,0.5615005845928859,0.2590916658563594
448,9,87,0.15640624017418486,0.3882171088931186,0.5615005845928859,0.25957529248316974
449,9,89,0.15706359293403566,0.3881924890931627,0.5586778712081767,0.26018454777948385
450,10,1,0.12546545789964397,0.38528394604996014,0.5623340436079872,0.25575470555923346
451,10,3,0.13011967797421206,0.38532249453446343,0.5600126973810486,0.2535182521050674
452,10,5,0.13203374069130003,0.3854301236535956,0.5620411649450955,0.2545725159547676
453,10,7,0.13326194608328196,0.38565040852387694,0.5620411649450955,0.25402521424717467
454,10,9,0.1339096791322726,0.3857182845836035,0.5620411649450955,0.2542666388758957
455,10,11,0.13399113106761526,0.3859527848444725,0.5643061301169323,0.254590541306608
456,10,13,0.13474224851476121,0.38604883033262183,0.5643061301169323,0.25528319895251456
457,10,15,0.1346176111974946,0.3861039949713581,0.5643061301169323,0.2551644729524735
458,10,17,0.13517750761330136,0.3862661624376736,0.5643061301169323,0.2558819247520164
459,10,19,0.1351973131693212,0.38638163792291796,0.5643061301169323,0.25496777063634785
460,10,21,0.13609364336349777,0.38654909282172456,0.5637941900436167,0.2556759368793395
461,10,23,0.1359447600564356,0.386645032706213,0.5637941900436167,0.25552864011618653
462,10,25,0.13644328614772197,0.3867160546504439,0.5637941900436167,0.2555775009697991
463,10,27,0.13689782594602476,0.38694242770634973,0.5637941900436167,0.2559709152063105
464,10,29,0.13682300403957343,0.3869775128632113,0.5637941900436167,0.2567387005290379
465,10,31,0.1369363301271845,0.3871123579865457,0.5637941900436167,0.25634409734198516
466,10,33,0.13708909732543492,0.3872391585477776,0.5615292248717799,0.2567915123664645
467,10,35,0.13755246910785265,0.3873019706868327,0.5615292248717799,0.25739284885476954
468,10,37,0.13790605686449636,0.38741082595712983,0.5615292248717799,0.2581569721420921
469,10,39,0.1380663226191385,0.38752440001838195,0.5615292248717799,0.25757800928504754
470,10,41,0.13793199138566284,0.38759534040613247,0.5610018568941406,0.2585281449349728
471,10,43,0.13809446374436546,0.38742202124002645,0.5615292248717799,0.25893175660744994
472,10,45,0.13831136769006908,0.38741250191214294,0.5615292248717799,0.25869707823630184
473,10,47,0.13844195969233578,0.38740925672128823,0.5615292248717799,0.2583179411979493
474,10,49,0.13850898712070142,0.38755881180386675,0.5615292248717799,0.2583221930215925
475,10,51,0.1388589928998521,0.38763880634054537,0.5615292248717799,0.2592271346971144
476,10,53,0.13908115956971448,0.3877064825593609,0.5592820612969917,0.25902488420854597
477,10,55,0.13928407069938986,0.38775847175739997,0.559798886115726,0.2589115259765305
478,10,57,0.1404186303407562,0.3877846811858396,0.559798886115726,0.25946620489300387
479,10,59,0.14118965519775098,0.3877886188110288,0.5598550566236595,0.25987899376661766
480,10,61,0.1414173059550601,0.3877800246421169,0.5598550566236595,0.2587826508219223
481,10,63,0.14165018145339967,0.3878774473228798,0.5598550566236595,0.25899797589761064
482,10,65,0.1419552880077717,0.38780319029909627,0.5598550566236595,0.25837995531544766
483,10,67,0.1428335359600253,0.3878828748838644,0.5598550566236595,0.25850019632141724
484,10,69,0.1437281207385226,0.3879044344247421,0.5596715200964713,0.258095291043097
485,10,71,0.14392722494987373,0.38783654169675646,0.5596715200964713,0.2593436928902443
486,10,73,0.14436665421497794,0.38775628430214665,0.5572906362725164,0.2596632450470991
487,10,75,0.14538581499083106,0.38777466810673566,0.5572906362725164,0.26050429771522565
488,10,77,0.1449069553671464,0.38779293704029466,0.5578026262574063,0.260177641049204
489,10,79,0.14524037098917433,0.3877874154510351,0.5578026262574063,0.26062188068853837
490,10,81,0.14540319368651627,0.3876709754148173,0.5578026262574063,0.26074904026739004
491,10,83,0.14565512821109725,0.3875835053156839,0.5578026262574063,0.261566510419368
492,10,85,0.1457515712042929,0.38755631972256094,0.5578026262574063,0.2621153877461986
493,10,87,0.14620044062373797,0.38754888739431126,0.5578026262574063,0.2622732551781956
494,10,89,0.14725773535698883,0.3875264853438984,0.5578026262574063,0.2628225488065437
495,11,1,0.12536230815223112,0.38936621842703906,0.5699082930947388,0.2581394318760004
496,11,3,0.13020090270904205,0.38936498205559994,0.5665937960255191,0.25852559919788665
497,11,5,0.1322582951277633,0.3892898187325629,0.5682711019211139,0.25751121864088217
498,11,7,0.13365689012017587,0.3895042319259584,0.5682711019211139,0.2589412223679687
499,11,9,0.13433681811023077,0.3895567379089243,0.5682711019211139,0.25834041002492325
500,11,11,0.13481738379931738,0.38962555515369574,0.5689975527750267,0.2588521516554372
501,11,13,0.13553855453467137,0.38966303656557466,0.5689975527750267,0.25887409999243344
502,11,15,0.13594981037416526,0.38976546562228476,0.5697144236375374,0.259013641106192
503,11,17,0.13683424358713778,0.3898449752341827,0.5697144236375374,0.2591944342858312
504,11,19,0.13703538428132817,0.38975839125794115,0.570267313594097,0.2614179223876596
505,11,21,0.1379666363057789,0.3896638096206789,0.570267313594097,0.25960157002961604
506,11,23,0.13830912191636086,0.3896961519873932,0.570074128885959,0.2593138987168558
507,11,25,0.1385986845310856,0.38971809770634425,0.570074128885959,0.2585987286803931
508,11,27,0.13914229215535595,0.38975956244524873,0.570074128885959,0.2582725162857599
509,11,29,0.14054151588072225,0.3897971281100743,0.570074128885959,0.25732189284244067
510,11,31,0.14043838030053654,0.38987701182692414,0.5695142578120581,0.2568038645066301
511,11,33,0.1412361733751471,0.3899943820889012,0.5695142578120581,0.2580899348739264
512,11,35,0.14193441808307672,0.3900298763896135,0.5695142578120581,0.25831378930342647
513,11,37,0.14258281270280274,0.39008163397065404,0.5695142578120581,0.25867424834068203
514,11,39,0.14370363701318425,0.39016814991352294,0.567273829590126,0.2579858553603084
515,11,41,0.14409661078161187,0.39021305529459177,0.5671755490961037,0.2584161641600536
516,11,43,0.1442352194454009,0.3902332561698863,0.5666391894313036,0.2595060841690193
517,11,45,0.1448072360106177,0.3901991083880974,0.5666391894313036,0.2590010010419767
518,11,47,0.1448915098161689,0.39023311666869553,0.5671755490961037,0.25946599594294045
519,11,49,0.14497795200673871,0.3901697672668316,0.567273829590126,0.2603097106161972
520,11,51,0.14488176320105997,0.39017144904338386,0.567273829590126,0.2611613242658871
521,11,53,0.1446139230251091,0.38994766454806035,0.567273829590126,0.259441764907564
522,11,55,0.14439251889434757,0.38980634031157174,0.567273829590126,0.2596758174890225
523,11,57,0.14445622702948838,0.38975845846317864,0.5678169318399185,0.2584401067326079
524,11,59,0.14520452963409675,0.3897829050040527,0.5678169318399185,0.25803510523158774
525,11,61,0.14510239274666076,0.38975476956339217,0.5678169318399185,0.25797343222039915
526,11,63,0.14531642571391323,0.3897433380724139,0.5678169318399185,0.2584140404434133
527,11,65,0.14619031417364317,0.3897159746927402,0.5678169318399185,0.2567665203186351
528,11,67,0.14685304683098804,0.38976979939071593,0.5678169318399185,0.2574967954699441
529,11,69,0.14688799299977767,0.3896738928808082,0.5678169318399185,0.2562602905581554
530,11,71,0.1468191707494962,0.3897575707172051,0.5678169318399185,0.2563139350034484
531,11,73,0.1467275380691043,0.3897663686371439,0.5678169318399185,0.257516056015283
532,11,75,0.14661433924359704,0.38977398711066963,0.5678169318399185,0.2569176918934308
533,11,77,0.14597317303010468,0.3898512659812058,0.5681295338130324,0.25708748143327714
534,11,79,0.14595082860736677,0.3899407740675899,0.5681295338130324,0.2566373195990529
535,11,81,0.14751349126720972,0.39007187559619705,0.5681295338130324,0.2563706510897739
536,11,83,0.14666095317443886,0.3900687052829041,0.5681295338130324,0.2567425498575902
537,11,85,0.14708690999536342,0.3901227356170425,0.568508300203325,0.25699536188991534
538,11,87,0.14742056555814367,0.3901935672040338,0.568508300203325,0.2567006407952595
539,11,89,0.14740471978711672,0.3903002192767099,0.5688947527844745,0.25626015743758496
540,12,1,0.12491096663237199,0.3912327896081034,0.5845698317970424,0.25507101075099187
541,12,3,0.13030857480849592,0.39143472652773703,0.5860297105982356,0.25627645111947067
542,12,5,0.13209777116047733,0.391592066573735,0.586695148202697,0.2566861931633673
543,12,7,0.13296686722545367,0.3914985929314912,0.586695148202697,0.25707916647512635
544,12,9,0.1339792937823211,0.391620595624933,0.5891329999099708,0.2582397062736573
545,12,11,0.13479383688202703,0.3916391117932402,0.5891329999099708,0.2580832924722326
546,12,13,0.13549848633034278,0.39165316467264116,0.5891329999099708,0.25895923629082784
547,12,15,0.13586112957366325,0.3916773909554987,0.591744480864602,0.2571888417482439
548,12,17,0.13593130064552553,0.39171257249687524,0.591744480864602,0.25639762381963677
549,12,19,0.1362805331300408,0.39185957719811376,0.5922150513437823,0.2573356357329585
550,12,21,0.1366466114307257,0.3919488010363733,0.5922150513437823,0.2584441101489176
551,12,23,0.13723116146641084,0.3920653510667243,0.5922150513437823,0.25844174001321457
552,12,25,0.137842521560375,0.3920610534754851,0.5922150513437823,0.2582110254088392
553,12,27,0.13822605859626577,0.39201603112983896,0.5922150513437823,0.25771438410772074
554,12,29,0.13766242382632063,0.39206768575128464,0.5922150513437823,0.257431568838427
555,12,31,0.1383587170501244,0.3921075267000849,0.5922150513437823,0.25820567072438694
556,12,33,0.13893188490959651,0.3920167129153122,0.5922150513437823,0.2577424255219012
557,12,35,0.13895891908064567,0.3920360703418189,0.5899240153906185,0.25843843425067986
558,12,37,0.13902823756776922,0.3920512273755316,0.5899240153906185,0.25894824562318414
559,12,39,0.13955418562404837,0.3920294136836392,0.5898636353404054,0.25925595378121374
560,12,41,0.13930628545152923,0.39173101150208023,0.5898636353404054,0.25865819977000293
561,12,43,0.13960402484053402,0.3917811086172099,0.5898636353404054,0.2583935363719291
562,12,45,0.1397654455435127,0.39186091074472135,0.5898636353404054,0.25819238932430466
563,12,47,0.13934454124173754,0.3919008814924108,0.5898636353404054,0.25794249585841683
564,12,49,0.1398167358067412,0.3920539269724634,0.5898636353404054,0.2578242893815979
565,12,51,0.1404290528578607,0.39207835133541796,0.5899240153906185,0.2585399314691506
566,12,53,0.14121626292419362,0.3919856863560695,0.5899240153906185,0.2581760336264642
567,12,55,0.14166430022532392,0.3920370843147696,0.5874693234134688,0.2583979289694826
568,12,57,0.14148881633476676,0.39196966125499333,0.5874693234134688,0.2574440748856136
569,12,59,0.14198463815252912,0.392064455605988,0.5879628051189677,0.2576513211554948
570,12,61,0.1418223839074955,0.3920450060838497,0.5879628051189677,0.2586793333232637
571,12,63,0.14216740236248832,0.3920670999619466,0.5879628051189677,0.2581164110442997
572,12,65,0.14207188218482503,0.3918867135917753,0.5879628051189677,0.2569940850092086
573,12,67,0.14276516949347123,0.3917743880986846,0.5879628051189677,0.2565858843868804
574,12,69,0.14248818207550862,0.39179940620633286,0.5855724886399217,0.2571862294224062
575,12,71,0.1426761704527798,0.3918059585958758,0.5855724886399217,0.25802330251583494
576,12,73,0.1425656797586989,0.3917649693927344,0.5855724886399217,0.25751305485000764
577,12,75,0.14232764282667595,0.39169026667510287,0.5855724886399217,0.25748297177916923
578,12,77,0.14270895171480089,0.39150515430998645,0.5855724886399217,0.2587018671189487
579,12,79,0.1435819474616862,0.39136175999208017,0.5855724886399217,0.25755861656328427
580,12,81,0.14332676044795312,0.39136940867144315,0.5855724886399217,0.25775650753385854
581,12,83,0.1442842544990958,0.39129153698954905,0.5860534378866037,0.25819808064430905
582,12,85,0.14385388715717876,0.39136996587335,0.5860534378866037,0.25744934038788786
583,12,87,0.1438203271456871,0.3913228302585741,0.5836009780393944,0.25702117643136607
584,12,89,0.14379702482195747,0.3913998683384481,0.5836009780393944,0.2572546411295549
585,13,1,0.12896250016238256,0.3848010977485408,0.5663278834891512,0.25950657950114986
586,13,3,0.1335649724268209,0.3848381543244886,0.5663278834891512,0.25959853628928165
587,13,5,0.13547133360897218,0.38482218334940427,0.5663278834891512,0.2602789248237162
588,13,7,0.13653279941427518,0.38487705176982495,0.5663278834891512,0.2612285542767127
589,13,9,0.13794737268934176,0.3849564102748976,0.5686182792832948,0.26103652272281036
590,13,11,0.13877551265618387,0.38503834665967185,0.5642854769978631,0.2602585472923644
591,13,13,0.1393622182895,0.3852847207942682,0.5642854769978631,0.25966002350016903
592,13,15,0.13978200002563695,0.3854511439883191,0.5642854769978631,0.26038589506567233
593,13,17,0.14050893393137545,0.3856026046786361,0.5663856531978867,0.2608386595808847
594,13,19,0.14023669081512155,0.3856770985021087,0.5663856531978867,0.2608988627929934
595,13,21,0.14066935991932994,0.3857961379104973,0.5668689140976035,0.2611654709530166
596,13,23,0.14069718167412334,0.385919621548216,0.5668689140976035,0.26163835554151377
597,13,25,0.1409571098433555,0.3860163445234152,0.5668689140976035,0.2617528732525981
598,13,27,0.140698883071398,0.3859950052130102,0.5647546676887174,0.26323071565421213
599,13,29,0.14113013361879048,0.3861786910629827,0.5647546676887174,0.2638405300647982
600,13,31,0.14164055287315871,0.38624672614366723,0.5647546676887174,0.2647999042060266
601,13,33,0.1421126891342939,0.38634739744978586,0.5647546676887174,0.2651240162863328
602,13,35,0.14213173403195373,0.3864283173052561,0.5647546676887174,0.2642825359548918
603,13,37,0.14279511489882027,0.38642345857686156,0.5646969708005404,0.2641565579614445
604,13,39,0.1428729025860615,0.38635010598287406,0.5646969708005404,0.26410281096941784
605,13,41,0.14286849548004424,0.38629089761517105,0.5646969708005404,0.2639303067417912
606,13,43,0.14378003625389504,0.3862402867457004,0.5646969708005404,0.2634029368934286
607,13,45,0.1430552002515956,0.38636642975213437,0.565226044354317,0.26367749170313004
608,13,47,0.14296665637812403,0.3864589745026478,0.565226044354317,0.2622201639555742
609,13,49,0.14281441043061419,0.38659432440230856,0.565226044354317,0.262254086438297
610,13,51,0.1428433819655423,0.38664356814607675,0.565226044354317,0.2614667803534584
611,13,53,0.14392600659719093,0.3867977914153891,0.5652836121240817,0.26119989544064937
612,13,55,0.14376310626791042,0.3868927287585016,0.5654299003915292,0.26140533522605164
613,13,57,0.14373594627242237,0.387012807189469,0.5654299003915292,0.2611483476810243
614,13,59,0.14323856947943164,0.3871530569579774,0.5654299003915292,0.2607510319160746
615,13,61,0.14357835245107567,0.3871810838325706,0.5654299003915292,0.2612255915233197
616,13,63,0.14362237015993082,0.3872257122883726,0.5654299003915292,0.26166819507002037
617,13,65,0.14416994328688262,0.3873045204986054,0.565768346872758,0.26194207498963185
618,13,67,0.14420962714901317,0.3873341727723344,0.565768346872758,0.26233576984029133
619,13,69,0.14450815336609152,0.38738736022000797,0.565768346872758,0.26209039672268303
620,13,71,0.1448765549222281,0.387539860662216,0.565768346872758,0.262214928372212
621,13,73,0.14553317115133152,0.38762837778570913,0.5659514167019178,0.2633012132845313
622,13,75,0.1455915402336558,0.3876926868735942,0.5659514167019178,0.26401717024104066
623,13,77,0.14618120463416076,0.38780848229429726,0.5659514167019178,0.2647555623143913
624,13,79,0.1460017288244812,0.3877718034995739,0.5637586780563641,0.2651292640762912
625,13,81,0.14598771955539885,0.38795151805426453,0.5637586780563641,0.26518685554842386
626,13,83,0.14604278231535903,0.3879507671579217,0.5637586780563641,0.2649085963662213
627,13,85,0.14661635723094896,0.38816865876405326,0.5637586780563641,0.26521235250129765
628,13,87,0.146603397351989,0.38828839884022354,0.5637586780563641,0.265967025944052
629,13,89,0.14604465870871278,0.3882238493822345,0.5645135852091014,0.2659642653653115
630,14,1,0.12849633487349474,0.3798074501198638,0.5580819226095581,0.257360618594016
631,14,3,0.13396372003525908,0.3798790817408971,0.560058185208748,0.2589056449337202
632,14,5,0.13571708679339017,0.37986551925168494,0.5579566012474269,0.2588788258280855
633,14,7,0.13721845651479103,0.38000614361139473,0.5579566012474269,0.2591207239654497
634,14,9,0.13819019353167233,0.3800000296737697,0.5579566012474269,0.26093001785141035
635,14,11,0.13884585365135058,0.37992594721877887,0.5579566012474269,0.2615605355347432
636,14,13,0.14003328385824698,0.380113487844806,0.5579566012474269,0.2625217136289233
637,14,15,0.14038143433792297,0.38019307659298046,0.5579566012474269,0.26244826721367626
638,14,17,0.1408017263676187,0.3800967576848966,0.5579566012474269,0.26196201855403556
639,14,19,0.1409557047066384,0.3801796571481482,0.5579566012474269,0.2621867063495072
640,14,21,0.14121805480220598,0.3801469285408007,0.5579566012474269,0.2615792641004088
641,14,23,0.1413881349372825,0.3802844743597454,0.5579566012474269,0.2615604903461987
642,14,25,0.14166940659914795,0.38022340407446825,0.5579566012474269,0.26160140667257276
643,14,27,0.1422731996248147,0.3803559941351112,0.5579566012474269,0.26195306065946516
644,14,29,0.1426250825107583,0.3803044110171396,0.5579566012474269,0.26081134017635976
645,14,31,0.14335321784790797,0.3802538259899843,0.5579566012474269,0.26083753723191894
646,14,33,0.14299193524597661,0.3803446381422742,0.5579566012474269,0.26036882037092013
647,14,35,0.14301544995404444,0.3802678334415303,0.555701545716487,0.2612524847233301
648,14,37,0.1433089168712361,0.3804157107896719,0.5557599874430426,0.26081283588654325
649,14,39,0.14407474817013818,0.38029374742087363,0.5557599874430426,0.2594043025310345
650,14,41,0.1448251808211081,0.38022425975257945,0.5535260982278171,0.259810710556528
651,14,43,0.1450697572446453,0.38030561097366117,0.5535260982278171,0.25996434280414055
652,14,45,0.14504342171466048,0.3804553165461456,0.5535260982278171,0.2600286959136306
653,14,47,0.14589378567396344,0.3805782347129089,0.5535260982278171,0.26046775764886826
654,14,49,0.14575981042414493,0.3806400576528593,0.5535260982278171,0.26043850871665775
655,14,51,0.14594696776037422,0.38068859129790666,0.5534677963199491,0.2598220838999235
656,14,53,0.1461906011141971,0.38078151864965143,0.5534677963199491,0.2599098142511079
657,14,55,0.1463572380842703,0.38085889963559955,0.5538576176781241,0.26046079199267125
658,14,57,0.14643105972160145,0.38084782572153814,0.5538576176781241,0.2607563165433227
659,14,59,0.14618830948204517,0.38089832291109776,0.5538576176781241,0.26223726035940303
660,14,61,0.14693823147226806,0.38102585232905417,0.5538576176781241,0.26254167975006215
661,14,63,0.1480882359286662,0.3810533629551291,0.5538576176781241,0.2618931843086504
662,14,65,0.1483870204375716,0.3809516219759879,0.5538576176781241,0.2612933801115826
663,14,67,0.14769103446287554,0.3810433124201747,0.5538954432425399,0.2613180025197958
664,14,69,0.14788939179996272,0.3811651597609015,0.5538954432425399,0.2618238655242243
665,14,71,0.14816154679858531,0.38124859255280263,0.5538954432425399,0.26115061351015967
666,14,73,0.1485361352493595,0.38129448890271744,0.5538954432425399,0.2604929259646065
667,14,75,0.1486722760371116,0.3814515758357156,0.5538954432425399,0.2599945160311355
668,14,77,0.14815416489398178,0.3815439455915538,0.5538954432425399,0.2597811752529683
669,14,79,0.14878280117363385,0.38121973562883343,0.5538954432425399,0.2608230132177714
670,14,81,0.1497195312783468,0.38127531541408566,0.5538954432425399,0.260825652801035
671,14,83,0.1498797533911196,0.3811387046520142,0.5516483888793898,0.26276024669323167
672,14,85,0.15038584144297637,0.381113356540589,0.5516483888793898,0.26203222937655035
673,14,87,0.15029436099417262,0.381167480820337,0.5521655415891725,0.2619303084890384
674,14,89,0.1509656791159663,0.3811847961324969,0.5521655415891725,0.262282743442643
675,15,1,0.12833856774938748,0.38928544943367843,0.5600791323364048,0.2594492362086078
676,15,3,0.13327876168867786,0.38942745893257724,0.5648149471570715,0.2602758588878189
677,15,5,0.13423536149273532,0.38935444615825693,0.5646324342172686,0.26012784656168825
678,15,7,0.1351023505839654,0.3894425882717073,0.5641055352051235,0.25999198075875685
679,15,9,0.1358505438529047,0.38961288854513737,0.5641055352051235,0.26031734153286357
680,15,11,0.1366107470700355,0.38964088863765717,0.5641055352051235,0.2607897716453666
681,15,13,0.13665341365010114,0.38968570793144736,0.5641055352051235,0.2602292520218862
682,15,15,0.13699418195027685,0.3898661181974043,0.5663696551432112,0.26081777982732096
683,15,17,0.1376768079385108,0.3899467179306854,0.5635895991299071,0.2616956968429326
684,15,19,0.13796830186364525,0.39003629792244593,0.5635895991299071,0.2613291621429283
685,15,21,0.13824939726329982,0.39005581387698907,0.5632627568440053,0.2624804279032883
686,15,23,0.13894637815689798,0.3902802517133723,0.5614843032260933,0.26268137857787793
687,15,25,0.13931142523308176,0.3903377240463328,0.5614843032260933,0.2631980519511677
688,15,27,0.13965029041639856,0.3904093296147047,0.5614843032260933,0.2639578399398661
689,15,29,0.14005043461750577,0.39046895527223857,0.5617999434159044,0.26321148048089266
690,15,31,0.14016852176306424,0.39041359882677973,0.5619648698142584,0.263122211297552
691,15,33,0.14086239159224023,0.3904562080535364,0.5619648698142584,0.2641203150861187
692,15,35,0.14101621996249475,0.39045825080682367,0.5619648698142584,0.26289189750051734
693,15,37,0.14102066526084137,0.3905308509619017,0.5622346600470014,0.2623851534104594
694,15,39,0.14119707886463062,0.3906273989985933,0.5619061377012949,0.26226588681963603
695,15,41,0.14138125345137229,0.39070312588944806,0.5619061377012949,0.2620720071158946
696,15,43,0.14122173959583686,0.39076570914123393,0.5619061377012949,0.2620167153319467
697,15,45,0.14175965970711904,0.3907360885995185,0.5619061377012949,0.26364075405341564
698,15,47,0.14227347123850653,0.39077770743872664,0.5619061377012949,0.26300234699977515
699,15,49,0.14306544490353862,0.39063977929083116,0.5619061377012949,0.2622446186355362
700,15,51,0.14299760812204726,0.39070577274831747,0.5619061377012949,0.26328917732342944
701,15,53,0.14318200629206293,0.390602209361733,0.561948173443515,0.26295026660706
702,15,55,0.14393318402043756,0.3905761276855516,0.561948173443515,0.26302521399133777
703,15,57,0.14392366001554535,0.3905370682389432,0.561948173443515,0.26189828304939966
704,15,59,0.14479090520831142,0.39061044874672746,0.5622834133413454,0.26200081918779927
705,15,61,0.14506535178307273,0.3907306247989066,0.5623421543736591,0.26170355359757475
706,15,63,0.14539160144556068,0.39090488768839904,0.5623421543736591,0.26269648511978094
707,15,65,0.14557163108134058,0.3908712329071736,0.5628666825880607,0.2622842964685162
708,15,67,0.1454560418575677,0.39097502225576136,0.5628666825880607,0.2621851708157345
709,15,69,0.14619134039593287,0.3908657365997866,0.5628666825880607,0.26167260972607453
710,15,71,0.1472050506482631,0.3909025193300511,0.5628666825880607,0.2613178706893051
711,15,73,0.14668241681533853,0.39089324867465053,0.5628666825880607,0.2613778233185085
712,15,75,0.1465302359711242,0.39093030265602385,0.5628666825880607,0.2612877029806834
713,15,77,0.14718854627341144,0.3905555242375617,0.5603832256950314,0.2611322075867415
714,15,79,0.14661684633545877,0.39049549101158865,0.5603832256950314,0.26138591660216864
715,15,81,0.14722293511055856,0.3904096784014143,0.5603832256950314,0.2617014060973177
716,15,83,0.1480856489885342,0.39043286876959776,0.5603832256950314,0.2624241324368463
717,15,85,0.14830375836915094,0.3902596704206727,0.5604947929172827,0.2631382120835479
718,15,87,0.1489186003608929,0.38998069378837014,0.5580230798070207,0.26221253119832927
719,15,89,0.14931404307198554,0.3899269336117267,0.5580230798070207,0.26117606152151385
720,16,1,0.1256836733014122,0.38239343442501894,0.5693572256170701,0.25866316090488156
721,16,3,0.13103926337852917,0.38251505656617635,0.572691358079602,0.259750030088435
722,16,5,0.13260137868088956,0.3825622906864375,0.572691358079602,0.26052047543948126
723,16,7,0.1339145079482805,0.3825796683261685,0.573277278321381,0.2610255667571098
724,16,9,0.13456408236304349,0.3825603794156116,0.573277278321381,0.26110206699017346
725,16,11,0.13487137201253352,0.38239977846503914,0.572691358079602,0.2602495703974021
726,16,13,0.1351250891170111,0.3825528883895849,0.572691358079602,0.26040511451410586
727,16,15,0.13595001639263624,0.3825253970957498,0.572691358079602,0.2614908823969452
728,16,17,0.13598399614993537,0.3824483514239165,0.572691358079602,0.26107921710139875
729,16,19,0.1362659563735122,0.3824769289806848,0.572691358079602,0.2615392969351523
730,16,21,0.13680893287820278,0.38244231850893623,0.572691358079602,0.26185694230712186
731,16,23,0.13671162903035772,0.382545987754925,0.572691358079602,0.2619753931775598
732,16,25,0.1371484121460976,0.3826777015727455,0.573277278321381,0.2624877863235778
733,16,27,0.13775051550959092,0.3827497023424248,0.573277278321381,0.26330000976634266
734,16,29,0.1380072129260016,0.38279357875049314,0.573277278321381,0.26298119553266464
735,16,31,0.1386853996975605,0.3828152314730652,0.573277278321381,0.26203292744643786
736,16,33,0.13914605723460935,0.38283007491663207,0.573277278321381,0.26059729874954163
737,16,35,0.13957652914027205,0.38272381258466026,0.5732192810327719,0.2596136010336155
738,16,37,0.139864306750984,0.3827856101950191,0.5732192810327719,0.2587713756536381
739,16,39,0.1402601721756251,0.38281073670491395,0.5732192810327719,0.2593292456971917
740,16,41,0.14099775197020195,0.38287857968000366,0.5738128195801898,0.25904637800856584
741,16,43,0.14133012562544364,0.3827608642298546,0.5738128195801898,0.2588956433443688
742,16,45,0.14192029479228144,0.38282733360485394,0.573631987619751,0.2587415385350291
743,16,47,0.14259187491323144,0.3828267849929031,0.573631987619751,0.2571523193681623
744,16,49,0.14329577074987015,0.3828850674538586,0.573631987619751,0.2579007795423905
745,16,51,0.14419899054698196,0.38293412321851644,0.573631987619751,0.2583668213956483
746,16,53,0.1446567023620324,0.38288402204083977,0.5735741276121746,0.2582719544171091
747,16,55,0.14505260121508673,0.3829327962013808,0.5735741276121746,0.2590563619417297
748,16,57,0.1449562108628068,0.3829128060784811,0.5735741276121746,0.25903618940669365
749,16,59,0.14523709138510754,0.3828874124383144,0.5735741276121746,0.25913574198636263
750,16,61,0.1457456099306338,0.382870563896,0.5735741276121746,0.25940036070007205
751,16,63,0.14570377073253882,0.3829015599976655,0.5712670499912526,0.258745410628586
752,16,65,0.1457772804752737,0.3829116103339656,0.5712670499912526,0.2591887547039323
753,16,67,0.14537576096580343,0.3826777546197864,0.5666411961370348,0.2609633945672875
754,16,69,0.145326273673126,0.3826717946606593,0.5666411961370348,0.2601604906587848
755,16,71,0.14499785197760742,0.38264492641198944,0.5666411961370348,0.25957602962738674
756,16,73,0.1443806519625507,0.38271854357608387,0.5666411961370348,0.25919084652536445
757,16,75,0.14502493348824075,0.3827989085412841,0.5666411961370348,0.2585717173482768
758,16,77,0.14574894042514394,0.38260539202096394,0.5668218945654274,0.2585788218703739
759,16,79,0.14589503968474335,0.38263960699613675,0.5668218945654274,0.2593472707748272
760,16,81,0.14564041270102351,0.38280614928945894,0.5668218945654274,0.25876062946336387
761,16,83,0.14569413162920178,0.38280902698149044,0.5668218945654274,0.2580976959169917
762,16,85,0.14651819373102484,0.3826940855422222,0.567370640271447,0.25659627102057886
763,16,87,0.14683781987551545,0.3826886725802771,0.567370640271447,0.2570986645292957
764,16,89,0.14686823886164685,0.38269656494616877,0.5649149243047006,0.2577347096282965
765,17,1,0.12833218036064492,0.384907439561551,0.5639897753315914,0.2603412220685208
766,17,3,0.13314497610198936,0.3850070091976732,0.5645039717146064,0.25953486380298835
767,17,5,0.13470730707784875,0.3851007419055241,0.5664987467334952,0.2603454995675256
768,17,7,0.13571267200990494,0.38519860908227715,0.5664987467334952,0.2601014224143206
769,17,9,0.1364394833355407,0.3852795393937007,0.5660248419830883,0.26195486088783027
770,17,11,0.13719919774294212,0.38527551642584773,0.5660248419830883,0.26134625337193207
771,17,13,0.1369877635806537,0.38528345961452276,0.5660248419830883,0.2619009917379076
772,17,15,0.13776364643620678,0.38540004987632853,0.5660248419830883,0.2615543168343101
773,17,17,0.13789863757579932,0.3854627864911514,0.5660248419830883,0.26150180074386514
774,17,19,0.1384653801988685,0.3853781462550344,0.5660248419830883,0.26225492937860706
775,17,21,0.1387248068228771,0.3853275622558277,0.5660248419830883,0.2624190793231288
776,17,23,0.13903011049996744,0.38532590269595046,0.5663716602166128,0.26315582014408434
777,17,25,0.1395640559463312,0.38540656074398205,0.5663716602166128,0.2634482892815067
778,17,27,0.14050934010906085,0.38546599227911793,0.5663716602166128,0.2637206675737028
779,17,29,0.1407620015279964,0.385461566171164,0.5663716602166128,0.26392165375472254
780,17,31,0.14121665223305888,0.3853472970203526,0.5663716602166128,0.26373521876250894
781,17,33,0.14145408966339176,0.38540798465184317,0.5663716602166128,0.2639355813122403
782,17,35,0.14175876507736443,0.38528551131172895,0.5667254847539569,0.26429781318215895
783,17,37,0.1416668716316856,0.3852193322996493,0.5667254847539569,0.26438150223467577
784,17,39,0.14171110758851138,0.38512585976194263,0.5667254847539569,0.26539720673479017
785,17,41,0.1419256348833742,0.38516681311729334,0.5667254847539569,0.2657469070830268
786,17,43,0.1423759165461999,0.38496501168129976,0.5667254847539569,0.2648189357288735
787,17,45,0.14253827829050497,0.3848949266279376,0.5672720693347125,0.2637166424566435
788,17,47,0.14286318070032591,0.38496786492661117,0.5672720693347125,0.26346329119862766
789,17,49,0.14360066354115417,0.3849735553799607,0.5648932523448091,0.2637105203038719
790,17,51,0.14312909020877335,0.384937707895722,0.5648932523448091,0.26529773231325526
791,17,53,0.14330441017019774,0.38504948654010934,0.5624687201586459,0.26612963665934536
792,17,55,0.14368669365325223,0.3850133407422875,0.5624687201586459,0.26604518539740046
793,17,57,0.14450650335184997,0.38489428274150567,0.5624687201586459,0.26561561431094793
794,17,59,0.1450701522745341,0.3849657316663581,0.5624687201586459,0.2654892612911122
795,17,61,0.14505774234241234,0.3850707646743058,0.5624687201586459,0.2654948251720374
796,17,63,0.14519821684062348,0.3848748914946028,0.5624687201586459,0.26594043385842997
797,17,65,0.14495362523148417,0.38479430102321877,0.5624687201586459,0.2645738514135632
798,17,67,0.14467368431204722,0.3848366367460199,0.5624687201586459,0.26488814510963404
799,17,69,0.14487379881634557,0.38479191690450093,0.5624687201586459,0.2650188387634533
800,17,71,0.14577368250438597,0.384795388315275,0.5624687201586459,0.26545211267971863
801,17,73,0.14721695326553236,0.38468292644586094,0.5624085285895317,0.265932422896814
802,17,75,0.14728053411764377,0.3846631679052371,0.5624085285895317,0.26479716251297186
803,17,77,0.14826398603491714,0.3845485824078178,0.5619003295324538,0.2643837618728559
804,17,79,0.14755729471237472,0.3846247044864554,0.5619003295324538,0.2635793258014712
805,17,81,0.14780577289833122,0.3846796609070611,0.5619003295324538,0.2637432424104064
806,17,83,0.14853913308139208,0.3844982685239046,0.5619003295324538,0.2632874674182891
807,17,85,0.1488526771135372,0.3844087411113894,0.5624085285895317,0.26370622986417475
808,17,87,0.14883333733303736,0.3844360012263462,0.5624085285895317,0.2636830205197569
809,17,89,0.1488547422835256,0.3843679962622271,0.5624085285895317,0.2633086028777751
810,18,1,0.12910154599137819,0.3892513905951415,0.5717222458294833,0.2610983175768806
811,18,3,0.13443713252618922,0.38927027735979974,0.5719576802738421,0.26016487550388884
812,18,5,0.13584820565757444,0.3892933134349546,0.5714722236468227,0.26002697997836466
813,18,7,0.1371749632140435,0.38937204997034636,0.5714722236468227,0.25973775594048815
814,18,9,0.13803816252633413,0.38932834151993995,0.5716357681363968,0.2592819004305905
815,18,11,0.13884380895195392,0.3893848338743951,0.5716357681363968,0.2596610887823117
816,18,13,0.1391512179752122,0.38951688176377586,0.5716357681363968,0.2595012225647585
817,18,15,0.13987269055342744,0.38961926464765,0.5719920407143422,0.2605937294874949
818,18,17,0.14031211356544798,0.38970884006280704,0.5716886586002462,0.26192171437151773
819,18,19,0.1406177484900518,0.3898723692354567,0.5709048027000021,0.2627847713432661
820,18,21,0.14110422762423133,0.3900174882366362,0.5709048027000021,0.26381296510976965
821,18,23,0.141198485155974,0.3901289223325052,0.5709048027000021,0.26386784784360634
822,18,25,0.14207578732242254,0.39011054220986613,0.5713330594968576,0.26461493491403837
823,18,27,0.14233337399124696,0.39017041492946886,0.5719118268324106,0.26483619772095063
824,18,29,0.1430811523519951,0.39015265645648417,0.5719118268324106,0.2652690251938003
825,18,31,0.1438602243457709,0.39001857843413085,0.5719118268324106,0.26484493695556094
826,18,33,0.14435605010785174,0.3899273798735223,0.5720935914690621,0.26457766298837254
827,18,35,0.1442383469163159,0.38990461823223355,0.5720935914690621,0.2640969727372774
828,18,37,0.14380948320035852,0.39006101808892696,0.5720935914690621,0.26350596094247036
829,18,39,0.1443872824948724,0.39009893422740044,0.5720935914690621,0.2617948432518346
830,18,41,0.14438365067102804,0.3900998643242815,0.5720935914690621,0.2606686353429894
831,18,43,0.1445029697585018,0.3901289422766164,0.5720935914690621,0.2584889819559624
832,18,45,0.14459271775691382,0.39023958745671206,0.5720935914690621,0.2595982162532744
833,18,47,0.14494699962481292,0.3901736176301121,0.5720935914690621,0.26031672003573764
834,18,49,0.1458795031326356,0.3901671352774706,0.5720935914690621,0.26081616579896777
835,18,51,0.14589683005744822,0.3901357756232536,0.5720935914690621,0.2609262460534729
836,18,53,0.14570446412446597,0.3901378160276062,0.5720935914690621,0.2603128211422033
837,18,55,0.14604943506422466,0.3901292507275272,0.5720935914690621,0.2605644027588725
838,18,57,0.14665238471210124,0.39013069971464004,0.5724029666572654,0.2600596725399091
839,18,59,0.1465665954007085,0.39016710589038517,0.5724029666572654,0.2598276852230779
840,18,61,0.1469884393939125,0.39024388147763256,0.5724029666572654,0.260718184690323
841,18,63,0.14809718356405818,0.3901654357197017,0.5724029666572654,0.261597887740154
842,18,65,0.148549194788738,0.3900977070911395,0.5724029666572654,0.2624097821701485
843,18,67,0.1490308680480185,0.3899092358114817,0.5724029666572654,0.26222317051503385
844,18,69,0.14921426810144187,0.38984282341448134,0.5700730261608256,0.26281346472895367
845,18,71,0.14906197314035327,0.3897905870242521,0.5705517076466775,0.2624592289410105
846,18,73,0.14849804117017043,0.38974933882716606,0.5705517076466775,0.2628850864875369
847,18,75,0.14824257437828942,0.38960402291625956,0.5705517076466775,0.261631717829251
848,18,77,0.14865234536504782,0.3895800143531569,0.5705517076466775,0.26141666951205633
849,18,79,0.14906785708600961,0.3896212452904589,0.5705517076466775,0.2611153986143736
850,18,81,0.149496341326624,0.3894971719380659,0.5705517076466775,0.2601086921966479
851,18,83,0.14947201217549153,0.3895622207372407,0.5704944448324716,0.26062388025288985
852,18,85,0.1495472671016088,0.389465625059016,0.5704944448324716,0.2592377829262484
853,18,87,0.15043184378711869,0.3894089246628408,0.5704944448324716,0.2595248149425239
854,18,89,0.1518733078554147,0.38939494224177734,0.5707976983169647,0.2584691721493443
855,19,1,0.1280778082657306,0.37789818442564277,0.5592285869404469,0.25862187078772725
856,19,3,0.13358670245087298,0.3777354708844758,0.5609818089972947,0.2583355032429612
857,19,5,0.13486934774255208,0.377748155015929,0.5587004415664877,0.25713845741214386
858,19,7,0.13680603586053047,0.37774604003333734,0.5587004415664877,0.2579106228042808
859,19,9,0.13761368788891928,0.3779388971382347,0.5609818089972947,0.2599108664076932
860,19,11,0.1386323736086113,0.3778339983140164,0.5609818089972947,0.2596282783183844
861,19,13,0.13865342605811562,0.37787913493616176,0.5609818089972947,0.25948880430550686
862,19,15,0.13912119124649053,0.37804887469213405,0.5609818089972947,0.25991070403386984
863,19,17,0.13888577104063082,0.3779292338155478,0.5609818089972947,0.26022763704291013
864,19,19,0.13919196511960072,0.37806177622442233,0.5611956757372731,0.2600578237328394
865,19,21,0.13924582533293023,0.3782242864753828,0.5634527814479743,0.26064865764132467
866,19,23,0.1398691327369391,0.3783873751275858,0.5611956757372731,0.2610232887504181
867,19,25,0.139311987829953,0.37835762579072235,0.5588968424997522,0.26046749571687433
868,19,27,0.13924049424479143,0.37843243730878756,0.5564990660496989,0.2613613938793905
869,19,29,0.13953797809943405,0.37851918403219925,0.5588408169813454,0.2612621945706676
870,19,31,0.13955626750614003,0.3785906766661843,0.5593758958024854,0.2629791339631219
871,19,33,0.13997946743062004,0.3786553215163644,0.557015671602498,0.2640253257346129
872,19,35,0.14108936947145298,0.37864757250858966,0.5546105327140888,0.2648931427964077
873,19,37,0.14208923889786057,0.37863200696414,0.5546105327140888,0.26357994641573596
874,19,39,0.14259792076169764,0.3784187786531212,0.5546105327140888,0.2633329604094975
875,19,41,0.14359603057669368,0.3784254583776953,0.5546105327140888,0.2643349399102971
876,19,43,0.14447911680361555,0.3782640035400805,0.5546666401133036,0.26285152359291186
877,19,45,0.1443033682758406,0.37818163273946476,0.5546666401133036,0.26243661726932166
878,19,47,0.14494925499206077,0.3781224408823873,0.5546666401133036,0.26201012205237656
879,19,49,0.14565222598621133,0.3779970982210585,0.5546666401133036,0.2627498488673593
880,19,51,0.14635759820043046,0.37795631902701193,0.5546666401133036,0.2626238431214331
881,19,53,0.1464725638628015,0.3777564023428693,0.5546666401133036,0.263334217666617
882,19,55,0.14719539652951283,0.37771317349530525,0.555170400005102,0.2619456567666048
883,19,57,0.14834881541164954,0.3776128118136245,0.555170400005102,0.26271278520489355
884,19,59,0.14879251494208767,0.3774974462033548,0.555170400005102,0.2620959241387806
885,19,61,0.14844764318236506,0.37737784932486623,0.5527549729090963,0.26222524072091274
886,19,63,0.14771123301080039,0.37743084132438176,0.5527549729090963,0.2609717911052517
887,19,65,0.1475092083276032,0.3774147528476411,0.552774092834009,0.26088850204715314
888,19,67,0.1479271560099947,0.37741117642489846,0.552774092834009,0.2603591775308513
889,19,69,0.14793068166466883,0.37739610299691134,0.552774092834009,0.2607461836248267
890,19,71,0.14831098526550418,0.37742331616360153,0.552774092834009,0.2599981516745503
891,19,73,0.1487273446574356,0.37748729279382226,0.552774092834009,0.2601139199167662
892,19,75,0.14911062232834488,0.3774871586261204,0.552774092834009,0.2610211329070344
893,19,77,0.14901248718820254,0.3773957946068943,0.552774092834009,0.2616932366505144
894,19,79,0.14962990563068582,0.37727418378045,0.552774092834009,0.26167825998492494
895,19,81,0.150402864823463,0.37734195756053956,0.552774092834009,0.26234967163192285
896,19,83,0.15047693497496004,0.37726825425399574,0.552774092834009,0.2620910574297251
897,19,85,0.15115513213932746,0.37711463051216665,0.552774092834009,0.2612602829102921
898,19,87,0.15250471178346905,0.37719587606901256,0.552774092834009,0.2613449435292384
899,19,89,0.1528365122307569,0.3772588454218239,0.552774092834009,0.26056709244724624
