,iteration,median_filter_window_none,category_count_score,f1_per_timestamp,f1_per_annotation,f1_per_prediction
0,0,1,0.12479738570559762,0.3771114380404237,0.5525081178868406,0.2506467169882641
1,0,3,0.1490113997084566,0.3775236530399699,0.5493954202004369,0.2591311458979766
2,0,5,0.1562122944146345,0.37770405751774755,0.5496937826437127,0.26068115195357416
3,0,7,0.16050246706870896,0.37813694472642884,0.5498386877548546,0.26129835832817416
4,0,9,0.1638734651311166,0.37856740787624993,0.5483479620244033,0.2629730240657756
5,0,11,0.1672762384214436,0.37912347105059113,0.5480297785969344,0.2636665598721496
6,0,13,0.16888893260968366,0.3796674198780597,0.548453904141965,0.26366199931180045
7,0,15,0.17042581812783758,0.380049302313964,0.5494822715953633,0.26360641992546546
8,0,17,0.1716401003670212,0.380426333356976,0.5492085822005462,0.2639551753213886
9,0,19,0.1736083515090408,0.38087776274403345,0.5510933791647862,0.2636169607800051
10,0,21,0.17285846768216132,0.38128702201786985,0.550833531037881,0.26372731762574225
11,0,23,0.17429859792615598,0.3817376786838544,0.5514864635139178,0.2640510536145925
12,0,25,0.17389392349858454,0.3821944005968773,0.55003980480919,0.264994869082942
13,0,27,0.1744155932956966,0.38249254581314523,0.5487700705933182,0.2651830640251987
14,0,29,0.17567063692452684,0.38295371611647916,0.548896899630569,0.265411572817049
15,0,31,0.1757767809127362,0.3833517672616484,0.548896899630569,0.2645555926281519
16,0,33,0.1767496332217952,0.3837462504566351,0.549080478367636,0.2650002262103769
17,0,35,0.17720374088305269,0.3841971406984616,0.5490567686867525,0.26542393442674295
18,0,37,0.1779165353360681,0.3845319893106121,0.5489874700143033,0.26607835223651216
19,0,39,0.17884423948673198,0.384866641822907,0.549264148277405,0.2656494755129867
20,0,41,0.17914210113864823,0.3851470222302648,0.5485414518774753,0.26677212548877527
21,0,43,0.17959915335022938,0.38553158216942196,0.5486901783586633,0.26653765178718103
22,0,45,0.17970516972030107,0.38594513417025017,0.548839730860975,0.26776507163480734
23,0,47,0.17974097367464714,0.386275353055194,0.5488971729764319,0.2678687277214761
24,0,49,0.17923108817738417,0.3867186874707072,0.5483178518830377,0.2679020825392341
25,0,51,0.18001326248529567,0.38704394745186893,0.5481341464186796,0.26824437767697046
26,0,53,0.17916033886544303,0.3873753966115205,0.5471878355213347,0.26930947541746686
27,0,55,0.1794224875755238,0.3877213888053963,0.5471878355213347,0.268516795784345
28,0,57,0.180108248832904,0.3879842367287753,0.5471736083122062,0.2693621533341963
29,0,59,0.18017719746453104,0.38816241973608817,0.5469324992103376,0.26887951046746933
30,0,61,0.18065719579006623,0.3884448909963763,0.5471573335734059,0.26958142620492453
31,0,63,0.18117680935621588,0.38882913214362913,0.5471573335734059,0.26992914052306605
32,0,65,0.18159095717060064,0.3890954341832552,0.5469731212758827,0.27081803255645004
33,0,67,0.18235747750520728,0.3894209636080603,0.5459736461590424,0.27177187356154325
34,0,69,0.18268473332818375,0.3896358016988842,0.545748881509607,0.2729999566388407
35,0,71,0.18243328724627772,0.3898700761873193,0.5455642905244393,0.2728107719576091
36,0,73,0.18198789831691528,0.39003494473279937,0.5445797686564559,0.27418811195716936
37,0,75,0.1828921566368873,0.3902297055268485,0.5439559861603861,0.27491836488342924
38,0,77,0.18289107298028487,0.3905455667270399,0.5436610613625297,0.2753376478108397
39,0,79,0.18321585935245221,0.3907745730574014,0.5432519027856122,0.276229573821953
40,0,81,0.1847236603771622,0.39127647619000083,0.5422206732446335,0.2761981235824291
41,0,83,0.18370316257880465,0.3915202169494903,0.5413806738182696,0.27537559920373156
42,0,85,0.183899764674734,0.3918613730344277,0.5416625327676475,0.2752025534141687
43,0,87,0.18363495567992832,0.3921009641169207,0.5414764095417586,0.2756124080539011
44,0,89,0.18392324401984703,0.39228190131831076,0.5409860870865224,0.27649633032212967
45,1,1,0.127884102780224,0.38669585360588005,0.5743840012685325,0.25670521981171207
46,1,3,0.15371337600073026,0.3872466877012943,0.576386012624078,0.2683873538441731
47,1,5,0.16082147361546437,0.3875633230505517,0.5768799797670704,0.2714515476696509
48,1,7,0.16471141322261637,0.3878628315448485,0.5784291603653721,0.272937810131713
49,1,9,0.16769489537369608,0.3882153946171264,0.5789221844617911,0.27412029910278796
50,1,11,0.1699539832159195,0.3886966217964469,0.5775611066511942,0.27619511812223807
51,1,13,0.17170706129655391,0.38915437848109147,0.5778078204528467,0.2777242227650136
52,1,15,0.1725288365790332,0.38949395868927816,0.5775131799111829,0.27762769046631053
53,1,17,0.17380204155496784,0.38996786235274,0.5784784308764339,0.27789560488918763
54,1,19,0.1746053926825105,0.3902167195617533,0.579393474849799,0.2781075267921066
55,1,21,0.17427298525573745,0.39057104580712315,0.5792827520585684,0.2792638522702322
56,1,23,0.175595885233774,0.39085965851727983,0.5770456808330608,0.2798715282323217
57,1,25,0.17623003452683478,0.39115178364739167,0.5776023908329525,0.28083373888457436
58,1,27,0.177635197062783,0.39155334253374063,0.5785960202734854,0.2805779618030964
59,1,29,0.17790534980153166,0.3918935694604385,0.5783221155313811,0.2797444531109278
60,1,31,0.1779067640629994,0.3922154488656312,0.578543256785819,0.27970963833922086
61,1,33,0.1784343130457764,0.3925521873361491,0.5787240370130925,0.27987450859459967
62,1,35,0.17824315213344485,0.3928611851116121,0.5781307163648268,0.2816753034530791
63,1,37,0.17819572755221366,0.39334080317729564,0.5781307163648268,0.2820752760493938
64,1,39,0.17839894980555773,0.39374534844401354,0.5780102946470687,0.2824381832382544
65,1,41,0.17899162342422606,0.39413853263904075,0.577583733202025,0.28260560401671436
66,1,43,0.17962612833578642,0.39435003573291866,0.5761901539855562,0.282861482334074
67,1,45,0.179267818804104,0.3946876599325196,0.5766216281524279,0.2837071832714929
68,1,47,0.17944742737648567,0.39495288655671007,0.5762592310948739,0.28365544148748045
69,1,49,0.18053818472162256,0.3953249127383596,0.5759853102378019,0.28381576274927856
70,1,51,0.18075268337923478,0.3954942668458822,0.5754809415953414,0.2838955410245972
71,1,53,0.18143457597041326,0.39593181658788745,0.5752782442815364,0.28413138499406876
72,1,55,0.18137036346832408,0.39626309465952625,0.5749832030726615,0.2847685184326808
73,1,57,0.18188048084457156,0.3966041128052586,0.5747246872748083,0.2859681010402211
74,1,59,0.18189373180169716,0.3967639201522483,0.5741298287754465,0.28550042044578194
75,1,61,0.18180993643764395,0.39704593482613726,0.5735816128433241,0.2855809748901717
76,1,63,0.18166684018253743,0.39725775515112544,0.5733076785336707,0.28541327870563554
77,1,65,0.18279161038747388,0.3975519327522511,0.5733076785336707,0.28549361005736584
78,1,67,0.1832655864354352,0.39772113081446514,0.5717268327818059,0.284341452228196
79,1,69,0.18433701285461965,0.3979294417455509,0.5701382434820669,0.28533029931219683
80,1,71,0.1850962107762542,0.39831859414579035,0.5713802856448562,0.2854908250801475
81,1,73,0.1852513780020745,0.39834734368912905,0.5709752639954951,0.28560632004496395
82,1,75,0.18612572658765453,0.39867426202062256,0.5708513722929439,0.2853437592707913
83,1,77,0.18577323078887448,0.3988700499341965,0.568776140448313,0.2861442098588781
84,1,79,0.18702799614170487,0.3988914749771188,0.5665464948383995,0.286395795321316
85,1,81,0.18779789888945272,0.3991148832582496,0.5671709450928389,0.28606985779035904
86,1,83,0.1884161430604311,0.3992384749886558,0.5677197880433892,0.2858208322548283
87,1,85,0.1890027223319754,0.3994004988551861,0.5667462987150301,0.2870379002234059
88,1,87,0.18902122776515645,0.399324880582909,0.5644478580596461,0.2877724623575019
89,1,89,0.19051679947798122,0.3994859219650045,0.5644876061817822,0.2881068637597812
90,2,1,0.12749435496457615,0.38523297393772954,0.5644794507579282,0.27164641952839175
91,2,3,0.15192736995274578,0.3855838909875975,0.5655014159341267,0.2819425279545254
92,2,5,0.15926046259256763,0.38594539908683423,0.5661598870737057,0.28584200627582446
93,2,7,0.16351537097512878,0.38629140910461673,0.5665963218870479,0.2873343293836757
94,2,9,0.16520112078331436,0.3865746587954152,0.5664912385382287,0.28829452837857034
95,2,11,0.16781382139919926,0.3869826966569314,0.5673778754353785,0.2883849223277694
96,2,13,0.1694435335946211,0.38737190137706407,0.5679143412931669,0.28967955721495864
97,2,15,0.17073237757917473,0.38782482592647577,0.5683350393531469,0.2906035866322019
98,2,17,0.17075386070000445,0.38824836108757166,0.566394763677512,0.2902811657972499
99,2,19,0.1717403496754364,0.3885293914293818,0.5675614551611835,0.2907915654305643
100,2,21,0.1718940762786703,0.3888259972194418,0.5675017883184214,0.29015360446637056
101,2,23,0.17293474969847616,0.38908666894311855,0.5676140341611309,0.29061380203409426
102,2,25,0.17308228261262482,0.38942563237920685,0.5670918932945945,0.29040671145061225
103,2,27,0.17390827915800242,0.3897756283266909,0.5659747788790477,0.2910139887998815
104,2,29,0.17397492335926557,0.38998934911333594,0.5664857338041862,0.29147754297496764
105,2,31,0.17497678685505447,0.3902610657383737,0.5670323952957801,0.29217209638105573
106,2,33,0.17543637685170682,0.39054319416316063,0.5674003205689603,0.29130669348801513
107,2,35,0.176610215957241,0.39081712566326876,0.5674565253260947,0.29308326221482306
108,2,37,0.1770456537494865,0.39107827808523854,0.566559318767751,0.29256376572043885
109,2,39,0.17820835906986354,0.39119253683060673,0.5658385605207641,0.29329924788690775
110,2,41,0.17855575673179258,0.39134568472831394,0.5653053094060111,0.2937059876591467
111,2,43,0.17883343710935026,0.3916130434378712,0.5653053094060111,0.2941677295682768
112,2,45,0.17909829214962805,0.39177478977085617,0.5642461262343327,0.29353391696099035
113,2,47,0.1791964137067513,0.39193364664388514,0.5643445467437941,0.293280450494733
114,2,49,0.1798427554352187,0.3922258639667409,0.5631778948132004,0.2939049752148906
115,2,51,0.18048557509340918,0.39256022270036844,0.5631778948132004,0.29400965148143976
116,2,53,0.18104075352560337,0.3928365308763325,0.5631778948132004,0.2948183842088878
117,2,55,0.18238783526004984,0.39317893473992915,0.561275419792095,0.2953036606535821
118,2,57,0.1818879316396483,0.39349251482619324,0.5613875043281051,0.29542521621683926
119,2,59,0.18185204565001764,0.3937681077431584,0.5614471803345864,0.29726246340295537
120,2,61,0.18248189524951047,0.3939718702232439,0.5611603114872408,0.29590606262012503
121,2,63,0.18225284250311732,0.3941397836667303,0.5595939693334413,0.2962437738001054
122,2,65,0.18231056974008106,0.39438124756268345,0.558564073961185,0.2964118079034842
123,2,67,0.18355488542826678,0.39475023469137094,0.5557354469062183,0.29787106498568877
124,2,69,0.18424186193894365,0.39497962297955747,0.5556103116390039,0.2971635161248238
125,2,71,0.18404738544645158,0.39514300655815304,0.5550712620862077,0.29756145910312837
126,2,73,0.18445125345548033,0.39532622113125804,0.5571764504557344,0.29668293647843996
127,2,75,0.18502062793651514,0.3956300396214259,0.5572274371874667,0.29606442143964495
128,2,77,0.1856230376650895,0.3959415742065845,0.5567533237934988,0.295883730118409
129,2,79,0.18648623931939476,0.3961622500968989,0.5556246991613633,0.29515637557124164
130,2,81,0.1870438198557361,0.3964303893239397,0.5553364649527832,0.2967744201877163
131,2,83,0.18738510522637286,0.39665390574188314,0.5546542676137659,0.2967080951321996
132,2,85,0.18743762090770688,0.3967101212105845,0.5545802032863605,0.2967805726881811
133,2,87,0.18791696111205897,0.3967751641003899,0.5539085860774058,0.2965963023096677
134,2,89,0.18878655516468484,0.39700604167414927,0.5529853047806838,0.2977854523860655
135,3,1,0.12795409528129784,0.3892474730530943,0.5806199731733045,0.25966406340017795
136,3,3,0.15278316932621644,0.38977556809920616,0.5847391834927255,0.26760379284117036
137,3,5,0.15918476082927288,0.39029498327629725,0.5848223823468324,0.2692355222666141
138,3,7,0.16374980774884315,0.39081172906147266,0.5845774351002324,0.2702430232808187
139,3,9,0.16672913608963227,0.3911379712535888,0.5830635366905613,0.27119639930304595
140,3,11,0.16889935939845563,0.391505399117413,0.5815249832293024,0.2736077134870582
141,3,13,0.17038682991310614,0.3917836188277391,0.5791459940427824,0.2740603225313399
142,3,15,0.17128604145176055,0.3921085590005474,0.5799868139692859,0.27471474955734193
143,3,17,0.17214477374604556,0.39242850405803054,0.5818769757997453,0.2752502032807648
144,3,19,0.17289032751189734,0.39275361522903746,0.5824068379447376,0.2755458234369592
145,3,21,0.17408247553258002,0.39301777345169314,0.5823457320535443,0.27522503200437015
146,3,23,0.17501824395989352,0.39325543837956056,0.5826774435193994,0.2749773714628932
147,3,25,0.1756421085090142,0.39359473281513113,0.5831871140790739,0.27401277730135004
148,3,27,0.17561235583447202,0.39388811490539605,0.5815259906066066,0.2747254161268254
149,3,29,0.17650752297864056,0.39417317315323697,0.5813098830667613,0.2756614680385652
150,3,31,0.17664438296092996,0.3946025478999364,0.5810946208267562,0.27694762223081826
151,3,33,0.17705253338320331,0.3950163449165105,0.5808146902028806,0.2772337555665204
152,3,35,0.17724554004253437,0.39548502011506387,0.5834040288599318,0.27784825092084164
153,3,37,0.17793956237875475,0.39569508590136937,0.582941692076,0.27932242153016384
154,3,39,0.1788101980614884,0.39590476535862146,0.5824502660413113,0.27841081887288854
155,3,41,0.18011079711994257,0.39615675491449437,0.5819271441128652,0.2802701926732974
156,3,43,0.1806496713064634,0.39648762073550164,0.5799223312522973,0.28074496325518417
157,3,45,0.180051747334903,0.39671754298755824,0.5795590871093282,0.2800815448248369
158,3,47,0.18114481691872178,0.39699798570619926,0.5792822420515724,0.2799769358046858
159,3,49,0.18158948086099058,0.39727570062698725,0.5793140284817627,0.2797442976309478
160,3,51,0.1816995140269233,0.39762206916488674,0.5793140284817627,0.28060597209890276
161,3,53,0.18087104148001484,0.3978592104801951,0.5783390309409383,0.2814213612707596
162,3,55,0.18089597335887353,0.39815494072166396,0.577112589199685,0.2808563430564599
163,3,57,0.18193166714608802,0.39857500032926646,0.5778889435227812,0.2804288873053609
164,3,59,0.18143240298174015,0.3989663072784251,0.5782461258710306,0.28027315148016846
165,3,61,0.18162580375584117,0.3992730907890068,0.5782461258710306,0.28029272164645735
166,3,63,0.18218191220648192,0.3996705819024454,0.5781468037809068,0.28123562116452355
167,3,65,0.18215976294748196,0.4000282972957066,0.5781468037809068,0.2812495480063969
168,3,67,0.18198057965158432,0.40029793990953044,0.577470589500842,0.28208546546434815
169,3,69,0.18416521301424904,0.4004624100287404,0.57637893205588,0.2821127085339882
170,3,71,0.18462447789023065,0.4007264949591609,0.5768726703382197,0.2820569657938504
171,3,73,0.18469644315374323,0.40103735269787055,0.576689599848993,0.28245328434714834
172,3,75,0.18573763696669449,0.4012672621873476,0.5770169103512311,0.28211342727854793
173,3,77,0.1855640662481503,0.4014966416592623,0.5771784480756679,0.2819343104376514
174,3,79,0.18660526645610667,0.4017183306575754,0.5760107899626732,0.28289458704995013
175,3,81,0.18763287706905105,0.40178395568937286,0.5747816984870125,0.2840716399515226
176,3,83,0.18788637713247391,0.401991093243173,0.5746683675169667,0.28361060364936896
177,3,85,0.18759648279236002,0.4021774014505756,0.5744839942783441,0.28487542943566074
178,3,87,0.18913820672468856,0.40242025774070644,0.574019468427991,0.28544350811026004
179,3,89,0.19008385958505986,0.40253244297653196,0.572437193668374,0.28535797770149696
180,4,1,0.1282747712429982,0.39001501396561833,0.5968102372713219,0.2657448132032167
181,4,3,0.15351265532651887,0.3905797560307408,0.5976766224333424,0.2759269106149095
182,4,5,0.16048742145640285,0.3909319897684367,0.5997073974748911,0.2785432684984844
183,4,7,0.16586017769900324,0.3912477526786117,0.5988123159151587,0.2805206313612317
184,4,9,0.1688406367204731,0.3915887416390173,0.5977683652365673,0.2823226756954065
185,4,11,0.17004173621000973,0.3920134365400353,0.5968790567902517,0.28358231060139744
186,4,13,0.170617534232569,0.39237013023896744,0.5972492588674861,0.2859339178923124
187,4,15,0.17179720010726632,0.3927940788074375,0.5983607790037542,0.2873873468294596
188,4,17,0.1726125400685873,0.3932390335929653,0.5989956980193842,0.287387386073041
189,4,19,0.17384498910749205,0.3935875519905897,0.5992904318054807,0.2869353419135104
190,4,21,0.17458565426855796,0.3939484636270811,0.5992904318054807,0.287658696502053
191,4,23,0.17528763268029537,0.39445060262096315,0.6005465854324802,0.2864993332522162
192,4,25,0.17581973412234606,0.39497061126769506,0.6005465854324802,0.28644900261125145
193,4,27,0.17674381849377999,0.39538748241035515,0.6014518605976392,0.2879233587936065
194,4,29,0.17672194024933247,0.3956920457336243,0.6002291024878168,0.288307645586502
195,4,31,0.17723061812729551,0.39616879081906575,0.5997180131870171,0.2875616207782453
196,4,33,0.17685771682771487,0.3964361031411242,0.6002218844878715,0.2885028308766678
197,4,35,0.17799338816297872,0.3966772743074169,0.6000404574868473,0.29031392420686064
198,4,37,0.17907273425429682,0.3968993699823982,0.5975175680214349,0.28940051824560403
199,4,39,0.17913730720869553,0.3971665848100193,0.5982401525696661,0.2901322995052137
200,4,41,0.17964521248927684,0.397448227790034,0.596862381142256,0.2901824519809103
201,4,43,0.18020531107043278,0.39767236796842104,0.596862381142256,0.2872917537175826
202,4,45,0.1804828795503284,0.39792579380380283,0.5969081911939653,0.28846914203679985
203,4,47,0.18157263783414973,0.3981477016426849,0.5960480558040072,0.2888495807811448
204,4,49,0.18176831766678944,0.3982290690935809,0.5971775999735389,0.28903161238197406
205,4,51,0.18209593003591187,0.3984454037188134,0.5977926624308051,0.2890123310118572
206,4,53,0.18231015132983086,0.39862976030650665,0.5964559289150225,0.28861123840924596
207,4,55,0.18246849385686129,0.39889912091127055,0.5968574751984747,0.28909096371448106
208,4,57,0.18250012335333737,0.3990454205174035,0.5978339760259148,0.288637477173532
209,4,59,0.1836616454127829,0.39927911741521577,0.5973977545212205,0.28911044146838594
210,4,61,0.18372065867156717,0.3995909616642394,0.5977183998071006,0.2890865376889092
211,4,63,0.1846607736155837,0.3997671790952378,0.5970342370706138,0.2900621057056806
212,4,65,0.18495372069457935,0.3999490078706152,0.5957887595279985,0.2892007587039106
213,4,67,0.18558962809593665,0.4000867188627036,0.5946818166315305,0.29015905554937077
214,4,69,0.18487218465068725,0.4002940337866367,0.5946818166315305,0.28952136133497736
215,4,71,0.18538524301164802,0.4005594341370355,0.5947229683606118,0.2905412395800456
216,4,73,0.18541681546746694,0.4008236803444664,0.5943278855333652,0.29224257828197475
217,4,75,0.18702121998016744,0.40093389193650414,0.5941445153330293,0.29258837008666827
218,4,77,0.18751726510641847,0.4009651941508143,0.5935756220007204,0.29151599546517576
219,4,79,0.18698435685935857,0.40129963587085266,0.5932061430375778,0.2926743426148296
220,4,81,0.1870463373767391,0.4015513438191262,0.5933203832897629,0.29217986735286555
221,4,83,0.18831631023326104,0.4018351630420661,0.5927775755326453,0.29208024922672143
222,4,85,0.1888352989192943,0.40211243237425026,0.5916584029706083,0.2922703488966843
223,4,87,0.19025593261510018,0.4023475595761486,0.5912737060636237,0.2941925537213301
224,4,89,0.1898100500514206,0.4025633447213541,0.5905618138301251,0.293679071713765
225,5,1,0.1282767965655172,0.3922435719888024,0.5759259077580732,0.26410466117672204
226,5,3,0.15228605654462818,0.39266381016911056,0.5763952719949879,0.27208693362727554
227,5,5,0.15931392345498696,0.39324397322343285,0.5764210070914186,0.2760994251198891
228,5,7,0.16374878351292121,0.3935123669095274,0.5753787850310083,0.2786738774531866
229,5,9,0.1662881441065938,0.39384420494597716,0.574914322721542,0.2791622244528068
230,5,11,0.16786679191582496,0.3941858832876914,0.5747250155584381,0.28135148379062364
231,5,13,0.17046146623944797,0.39470266490876543,0.5747250155584381,0.2823443613471795
232,5,15,0.17164571039593443,0.39507205077002333,0.5744255641496503,0.2835242764816801
233,5,17,0.17238372754803713,0.3953464833373849,0.5744255641496503,0.28481877089689794
234,5,19,0.17251217915137004,0.3956863194661863,0.5744255641496503,0.284752834310576
235,5,21,0.17271282384702116,0.3960368701001119,0.5746054845332521,0.28528158588670477
236,5,23,0.1732566500891242,0.39641305434043866,0.5746054845332521,0.2849209830947412
237,5,25,0.17363215301454024,0.3967974832171364,0.574949068710977,0.2845110272994694
238,5,27,0.17489774706887382,0.3969968848123452,0.5742808002980343,0.2861386249534288
239,5,29,0.17494577524116786,0.3972699262853343,0.5731503892876438,0.28658185599714686
240,5,31,0.17485049647655462,0.3975345098105735,0.5729697628003584,0.286611385205403
241,5,33,0.1754219554122733,0.397897247273246,0.5727371252026255,0.286214734961935
242,5,35,0.17628654503914878,0.39802404599069086,0.5727961303341964,0.2864976688756657
243,5,37,0.17705246839624006,0.3982079222987055,0.5738996875583062,0.2866007530626345
244,5,39,0.17768585153303404,0.39840071697364404,0.5738996875583062,0.28551514347916723
245,5,41,0.17915061688597597,0.39870703040308647,0.5735909432970309,0.28490209207247574
246,5,43,0.17945855350145898,0.3990439143759942,0.5735909432970309,0.2843292542026591
247,5,45,0.17984071673899482,0.39941985596930774,0.573550643707002,0.2855887032216073
248,5,47,0.17925817242436995,0.3997062055279982,0.5740154386610268,0.28582261519303703
249,5,49,0.17974349531251252,0.40002464410167243,0.5740206143988471,0.2862370648280111
250,5,51,0.18028624360600984,0.4002584292426989,0.5740744535311514,0.28604242651055783
251,5,53,0.1805593773755856,0.4005944325569478,0.573483346162332,0.28682897295240334
252,5,55,0.181124904270514,0.4007461102547362,0.5716765307993185,0.28785764853769724
253,5,57,0.18231974003336565,0.40106430137851895,0.5713930436994306,0.28850235105299005
254,5,59,0.18357992551768704,0.4014514851259935,0.5722173823497411,0.28844423131769464
255,5,61,0.18390608140535028,0.4017696917481098,0.5727409654880443,0.2878241471662363
256,5,63,0.18374238908575946,0.4020929406494612,0.5722817910017363,0.28719972648198483
257,5,65,0.18425035282940835,0.40245080747375284,0.5722817910017363,0.287887172444564
258,5,67,0.1843602216693469,0.4027758702544116,0.5717420060510892,0.2887116079240322
259,5,69,0.18631635019909948,0.4030190470782112,0.5709634821230976,0.28871790322895047
260,5,71,0.18651905022219784,0.4031842763559056,0.5696303962194696,0.2882682210863291
261,5,73,0.1861148587672056,0.4033739553382719,0.5694707722935936,0.28834310110515177
262,5,75,0.1864500244340439,0.40365259670774156,0.5702084561472048,0.2886444696059067
263,5,77,0.18669673884751722,0.4039609293825414,0.5694805664477736,0.2894012115150374
264,5,79,0.18776227779766003,0.40431074462324795,0.5704591517709192,0.2895528374832828
265,5,81,0.18862542514108677,0.4046041471099103,0.5698918158204472,0.2904143671068708
266,5,83,0.18831305674447305,0.4048835523411208,0.5687846182337407,0.2888981319409033
267,5,85,0.18939243841897266,0.40522162524915106,0.5680894635433342,0.28971785408887507
268,5,87,0.19043343362876758,0.4054973502355797,0.5674424222684477,0.2898245050276328
269,5,89,0.1896730286180345,0.40570992582956134,0.5673376343801152,0.29039641166540914
270,6,1,0.12713370670184582,0.385981019503736,0.5802945655703889,0.2562758378478362
271,6,3,0.14977282888187096,0.3862280831465551,0.578870615578178,0.2649015815259165
272,6,5,0.15679900769914776,0.38692309737532515,0.5799544365361176,0.26744665956281344
273,6,7,0.1607111205072831,0.3873174154251376,0.578641633046919,0.26873972082899295
274,6,9,0.1633590406822447,0.38768007283019357,0.5797424102428,0.26850461932687486
275,6,11,0.16573005810490324,0.38801569904526007,0.5801113881045151,0.27012376812281264
276,6,13,0.16670498873869705,0.38841602732011393,0.5779425132146123,0.26946910190320006
277,6,15,0.16772539680067303,0.38883650260350106,0.5792515064668705,0.27078465227120385
278,6,17,0.16923842352185323,0.38929950898295884,0.5792562384663891,0.2717147427168078
279,6,19,0.16998583324892655,0.389547799638662,0.5773304336527642,0.27418549523929875
280,6,21,0.16996996228165465,0.38991294137968013,0.5764827204597278,0.27485806132365503
281,6,23,0.1718355069230763,0.390262553202492,0.5764573655511128,0.27572588023540984
282,6,25,0.1718174403804915,0.3906628807428071,0.5762774955386378,0.2760679821752774
283,6,27,0.17250666722182442,0.3909968807012772,0.576195089769662,0.2763523545296314
284,6,29,0.17353652476266818,0.39147450273117734,0.576907225612576,0.2750547528080701
285,6,31,0.17405690946648325,0.3917736254156071,0.5770866804072073,0.27507432512873076
286,6,33,0.17369793725224372,0.3920086412659543,0.5758562380048708,0.27607764793009126
287,6,35,0.17445821073773057,0.3923551332665943,0.5758562380048708,0.2765611477227061
288,6,37,0.17523691546412998,0.39270087780003343,0.5756424122769889,0.27590566680495493
289,6,39,0.17537114322402306,0.39292343648810535,0.5754020843152955,0.27667278025998215
290,6,41,0.17586767354522975,0.393190587882467,0.5748779011445475,0.2770669584082794
291,6,43,0.17651013735948798,0.39357233508288936,0.5746940661021002,0.2772343821698762
292,6,45,0.17683194521825157,0.3937418211490656,0.5746940661021002,0.27819362633118544
293,6,47,0.17746296220579358,0.3940586643870278,0.575176351360935,0.277869277425559
294,6,49,0.1775106489108287,0.3943612314846125,0.575176351360935,0.27797038897127513
295,6,51,0.178005483151134,0.3945904352989823,0.5745930316749214,0.27878586353989915
296,6,53,0.17893696867538236,0.39483348545939717,0.5742779156740433,0.2789390021758555
297,6,55,0.17967642620359273,0.39507791520272884,0.5736487976722539,0.27796833501441187
298,6,57,0.18018297362573207,0.39541509787531615,0.5731410521179082,0.2783526579321851
299,6,59,0.18042060716754857,0.3957827559486939,0.5731410521179082,0.278073225512193
300,6,61,0.18086046050724583,0.3960154128843666,0.5727711738336382,0.2773735581762259
301,6,63,0.18093570617216487,0.3964501987548626,0.5711788878533678,0.27810371569672165
302,6,65,0.18133779499974376,0.39683910825566654,0.5698279299467336,0.2784069975830124
303,6,67,0.18231201386614532,0.39702887989489793,0.5697897234857304,0.27948948817267083
304,6,69,0.1833136414554766,0.39736265861768955,0.5719709438235567,0.27846249768628206
305,6,71,0.18503448499932454,0.3977749539750803,0.5712348628437122,0.2793125237238919
306,6,73,0.18577916018251073,0.39804787180174744,0.5708628016327496,0.28005428037579655
307,6,75,0.18556405330788744,0.3982460618637618,0.5687015302065003,0.28044063436739336
308,6,77,0.18662385044901145,0.39850663122588825,0.5653626777181905,0.2822566040520654
309,6,79,0.1864707015242375,0.3986283415066122,0.5650756040178352,0.2817734610673372
310,6,81,0.1866993374217088,0.3987419175865906,0.5651348156176876,0.282401162161691
311,6,83,0.18689977855357506,0.3989603180552072,0.5643864975197003,0.28159367438213107
312,6,85,0.18654813477865193,0.3991632863991152,0.564316763461123,0.2809924871546401
313,6,87,0.18724116666784582,0.3994727678147897,0.5632084266433198,0.2811968892297701
314,6,89,0.1864910897203705,0.3996511078590692,0.563665966744548,0.28136623226799845
315,7,1,0.1264783752684485,0.38713309406121965,0.576076986174993,0.25749738369614905
316,7,3,0.15177649753610142,0.3874607534264699,0.578540160013758,0.2682725953199476
317,7,5,0.1588234974062824,0.38775916522810794,0.5786443185190236,0.27291855027155426
318,7,7,0.16247853827144182,0.38806904805731596,0.5776766702357298,0.27508822244531766
319,7,9,0.16569705700076584,0.3883690516392046,0.577741433470046,0.2767430771517618
320,7,11,0.16766826829684947,0.38868934291270607,0.5773967523080002,0.27795430148018474
321,7,13,0.16973694475924908,0.3889531173120301,0.5757211711743675,0.2789010217122485
322,7,15,0.1701464755140635,0.3893764691047819,0.5768040069786152,0.2791320079007091
323,7,17,0.17198474555991305,0.38971998995672924,0.5757699817716926,0.2792515575086932
324,7,19,0.17294677174896725,0.39003221600803134,0.5755865437397404,0.2785912377891804
325,7,21,0.17356631617128102,0.39041505288280104,0.5753381777492897,0.27836496222375423
326,7,23,0.17446054575829326,0.39076771990577214,0.5762467827437529,0.2787784726731155
327,7,25,0.17415904106587182,0.391127243477488,0.5754603988657204,0.27823054505163
328,7,27,0.17585348687851035,0.3914909645975825,0.575105614742241,0.279581807995758
329,7,29,0.17691676931170797,0.3917778499992397,0.5778311340841364,0.2799921324524651
330,7,31,0.17742686117934858,0.392090463501619,0.5778310751535612,0.2801992170149187
331,7,33,0.17754958713275185,0.3923417560333234,0.5767466674505597,0.2803015250802737
332,7,35,0.17616473272892777,0.39261178586587864,0.5770457100831259,0.2795524584889719
333,7,37,0.17605490196041468,0.39288540946799816,0.5744733125863805,0.2800751247275123
334,7,39,0.17624380628992342,0.39315318332550075,0.5733619120465164,0.27883141707836323
335,7,41,0.1776751357001789,0.3934046308566441,0.5719447967220926,0.279336214638745
336,7,43,0.17776356129043705,0.3936525851811746,0.571253901411993,0.27922019625781413
337,7,45,0.17790636087553105,0.3938904780742848,0.5710761514376863,0.2783935335973719
338,7,47,0.1772599471549167,0.3941709720486791,0.5707785599416957,0.2784043094482671
339,7,49,0.17834998735327923,0.3943939536057698,0.5717317328756449,0.27797926365430603
340,7,51,0.17857405494069725,0.39469739599955567,0.5699551949580732,0.27997761580190966
341,7,53,0.1790299548356373,0.3948196852061096,0.5699551949580732,0.28117266011904024
342,7,55,0.17960004062357207,0.3950098525800681,0.5695565042181466,0.2806408661051382
343,7,57,0.17994213357234923,0.39522951991839156,0.5692988900660361,0.28024492839617116
344,7,59,0.180219544670271,0.39556010279216963,0.5693600384696517,0.28079768588088644
345,7,61,0.18065548194185346,0.39581565619957476,0.569175883100238,0.2814057020524556
346,7,63,0.1808196728513773,0.39616055891399127,0.568703257576597,0.28064870338100784
347,7,65,0.18186038202125915,0.39640228305708186,0.5684168644428017,0.2804271661014104
348,7,67,0.18289195573742295,0.39668627412000596,0.5684253437498827,0.2814554474533946
349,7,69,0.183950353111815,0.3969408844727275,0.567756607079193,0.28072624860747714
350,7,71,0.184346901172408,0.3970544529003037,0.5671553881036776,0.28076347336197266
351,7,73,0.18465713666936637,0.39737485457260885,0.566052917176539,0.28171748913822064
352,7,75,0.18440288701079988,0.39766766054806973,0.5671284715569255,0.28220507031073827
353,7,77,0.18508261461468686,0.39796293175233305,0.5662294951217067,0.28169132864740704
354,7,79,0.18543109318447995,0.3981682282403258,0.5662058258324942,0.2829974256875532
355,7,81,0.18562262745301192,0.39847326162127467,0.5645936495780602,0.2829984771136523
356,7,83,0.18555746246134572,0.39858763245554457,0.5640940936949502,0.28330225159088224
357,7,85,0.1870859970475569,0.39870482745142294,0.5637198888302685,0.285350993938998
358,7,87,0.18870878799157736,0.39885692506097187,0.562681789300249,0.2841205571244124
359,7,89,0.1887783840612677,0.39907401471666976,0.5612740672971959,0.2833457661853899
360,8,1,0.12681360450506882,0.38864831993252796,0.5756508423543326,0.25396143891021616
361,8,3,0.1530902501800025,0.3890716721969508,0.578744070065062,0.2637523707388184
362,8,5,0.16001021762041662,0.38969281954789425,0.5767685811267241,0.2677621642030887
363,8,7,0.1635247045018884,0.3900801989655932,0.5773939374677267,0.26810456178189995
364,8,9,0.16648464995766465,0.3905791376334218,0.577219698433758,0.2706704219603678
365,8,11,0.16841113179013387,0.39097838536033525,0.5767353116344893,0.27174028513092036
366,8,13,0.16998608476390956,0.39128980542755504,0.5799499381752711,0.2725291068762074
367,8,15,0.17068933961238705,0.39149759390858063,0.5800176308284849,0.27406998565395013
368,8,17,0.1718677100194708,0.3919467667168991,0.5826195346988996,0.27430336938723315
369,8,19,0.1726064280536436,0.3922678796564643,0.5829948207441087,0.27389669429632396
370,8,21,0.17314383549127707,0.3925575003888846,0.5825271020250085,0.27490988981049147
371,8,23,0.17405239887590143,0.39300213250181054,0.5824229588830077,0.2733364963516636
372,8,25,0.1740127002847178,0.3933448478175706,0.5825271020250085,0.273539997349554
373,8,27,0.17524186113669463,0.393671546139398,0.5820298599012527,0.27452359635787393
374,8,29,0.1758349970244172,0.3940194616141305,0.5827404875638704,0.2752921927089341
375,8,31,0.17624598376554967,0.39437932063091846,0.582375939883385,0.2754388315171797
376,8,33,0.17631385515786505,0.39481035133835174,0.5820295728620043,0.2755832410515557
377,8,35,0.17730827306018662,0.39515840848019324,0.581814093473004,0.2755124891325735
378,8,37,0.17812841141541866,0.39551485965439104,0.581814093473004,0.27618763446204514
379,8,39,0.17819561934101605,0.39590896315963586,0.5814134178189622,0.2778533583319319
380,8,41,0.17890270908223702,0.39618058002127216,0.57985325556698,0.27787967630312427
381,8,43,0.17914439875527322,0.39656813756828335,0.5806097579853267,0.2772341541110072
382,8,45,0.17876144175817932,0.3968946690889404,0.5806097579853267,0.27767806515860105
383,8,47,0.17977349045193267,0.39703031460326915,0.5780070273408648,0.27862446047757244
384,8,49,0.18034734590335738,0.3973567531820681,0.5768693824621689,0.279154806883655
385,8,51,0.1798564451304398,0.3975611361887864,0.5768693824621689,0.27921125398458874
386,8,53,0.1802101491928934,0.3977866382637364,0.5762397129205741,0.2784248755131124
387,8,55,0.18131907354659615,0.3981071046324951,0.5764685884779812,0.2784009089437146
388,8,57,0.18164320644773216,0.39843262245702243,0.5760559525399598,0.2784395526067212
389,8,59,0.18208942934264358,0.39882533450605406,0.576003325115809,0.2783591690379417
390,8,61,0.18269870777429986,0.39909052064018163,0.5754939607185149,0.27951656562350263
391,8,63,0.18300918614587966,0.3992634502389242,0.5762878494754745,0.28024448905626975
392,8,65,0.1842481200162826,0.3995563259278644,0.5750091631467378,0.2805124085763725
393,8,67,0.18485195457148884,0.3998353453186339,0.5753630184316835,0.27933050907726037
394,8,69,0.18610791417125339,0.40009304475697327,0.5756897001418959,0.2798386317713918
395,8,71,0.18641026431941587,0.40038942587913534,0.576042809722915,0.2791098346198218
396,8,73,0.18714671835995794,0.4007268818358676,0.5747392688674536,0.28002038086209136
397,8,75,0.18816160480953803,0.4006984337836044,0.5740398501746196,0.27925270022634674
398,8,77,0.18809069260094333,0.4008811438491741,0.5742022839766738,0.2799948871005081
399,8,79,0.18801691056304112,0.4012652980456583,0.5742019234882669,0.2788632724485011
400,8,81,0.1876656904960978,0.40156693373617697,0.5739267595316606,0.28028659403666756
401,8,83,0.1890902476777472,0.4017499044644221,0.5734579668981553,0.2807127160718957
402,8,85,0.1898515064531657,0.40215488456711207,0.57291244760875,0.2823477041324044
403,8,87,0.19051554063043943,0.402243311442726,0.5710901948724573,0.2824588614187743
404,8,89,0.19089688330004326,0.4026582917351732,0.5696460141719817,0.28201175355474606
405,9,1,0.12914458311222005,0.38670154728677847,0.5689258024275494,0.25792531948142466
406,9,3,0.1526155069170121,0.38692384108737043,0.5668273506793537,0.2688933292451853
407,9,5,0.15994646925110254,0.38718225013337954,0.5680685013163547,0.27048178320898075
408,9,7,0.16395977421619862,0.38750721012863876,0.567547439678581,0.2721316724176884
409,9,9,0.16694288664176177,0.3879357949033529,0.5691515645957146,0.27329663906107754
410,9,11,0.16871608493398413,0.3883976961877443,0.568362976553483,0.2734612982246879
411,9,13,0.16975610233921118,0.38881019389232296,0.5685363082814715,0.27337589241165355
412,9,15,0.1703036295789078,0.38909786194204077,0.56932672080115,0.27434958034135903
413,9,17,0.17082877369894062,0.38939884046882334,0.56912986892403,0.27447573028677774
414,9,19,0.17176521379359003,0.3897977032661916,0.5690974476820515,0.2737653867473662
415,9,21,0.17222349210056076,0.39014496065534315,0.5699653386625204,0.274189308233839
416,9,23,0.1723593205245732,0.39035944444209136,0.5699634000196352,0.2750451176826517
417,9,25,0.17320066997940747,0.39072941666110544,0.5696452506321278,0.2763217026390594
418,9,27,0.17351464761353644,0.39098979018978197,0.5701156071882376,0.2760930760732013
419,9,29,0.1747308129819523,0.3914280914529814,0.5666893531247194,0.27826671973570033
420,9,31,0.17456480619528542,0.39183171656406207,0.5672115564192772,0.2788662420758569
421,9,33,0.1746316163883883,0.3921526590689427,0.5664918021085008,0.27791616413200326
422,9,35,0.1750065713532669,0.39254724806356733,0.5664918021085008,0.2789751689860487
423,9,37,0.17483119403748132,0.39281463316632165,0.5663773565980954,0.2784503151462298
424,9,39,0.1750186373842678,0.3930969476628663,0.5661729543421694,0.27885224864665215
425,9,41,0.17583855726667558,0.393478328189863,0.566022172999756,0.27947385401188846
426,9,43,0.17558622550905922,0.3938649439093256,0.5673741591450085,0.2796712359150701
427,9,45,0.17650312431848653,0.3941300582258778,0.5668782439755186,0.2803504369394532
428,9,47,0.1777450138356007,0.3944193834913167,0.565736277491513,0.28058746877830965
429,9,49,0.17783802343007,0.39461377371644274,0.5647030597155039,0.2813482449071021
430,9,51,0.1782066336336338,0.3948379583886869,0.5637224557795546,0.2813779488836873
431,9,53,0.17918345667076663,0.39516758426646925,0.5629204360649329,0.2806896374313545
432,9,55,0.1802178732716808,0.3953788454331336,0.5622666248204777,0.2820794538955264
433,9,57,0.18033185512364638,0.39556669472224354,0.5622666248204777,0.28202841818992813
434,9,59,0.1812507937077474,0.39583435710829934,0.5611624675872423,0.2820536858111992
435,9,61,0.182706735108408,0.3961005200372503,0.5609939369722531,0.28276142664389714
436,9,63,0.18394074408622757,0.3964362408695427,0.5608011648693686,0.28412983191062535
437,9,65,0.18421778539765693,0.39679935133847233,0.5606197305786005,0.2841946419632171
438,9,67,0.1839383385361795,0.39699651796321184,0.5602745917585602,0.28459426670281324
439,9,69,0.18423049855754578,0.39728495361123556,0.5604027281346886,0.28465073829775617
440,9,71,0.18459193887360156,0.3975500201337373,0.5573992303495338,0.2841874876244911
441,9,73,0.18532216967679957,0.3977370006487795,0.5571968921560463,0.2852258160658571
442,9,75,0.1856831407837177,0.39790826103542354,0.5560622057982217,0.28472223923456264
443,9,77,0.18535974535601457,0.3981642754549239,0.5558039113728345,0.2857607355811574
444,9,79,0.1856187493278108,0.39842454972603136,0.5549453261537949,0.28600386175876735
445,9,81,0.18560911302415065,0.3987019951517689,0.5549885399792107,0.2856680535708337
446,9,83,0.18633388608915677,0.39899426866333554,0.5543932285530851,0.2868752595942753
447,9,85,0.186462680067069,0.39925983560747624,0.5540250716093186,0.2878725755869417
448,9,87,0.18626239582802057,0.39957710813943154,0.5536996827975952,0.28604666566688314
449,9,89,0.18766067137579848,0.39974487380603957,0.5535354874124147,0.2878817159984594
450,10,1,0.12546545789964397,0.38528394604996014,0.5623340436079872,0.25575470555923346
451,10,3,0.15028664378455805,0.3858715909635691,0.5647839442874066,0.26536404838445193
452,10,5,0.15839430520996606,0.38629595023406205,0.5622995880251268,0.26722717621899356
453,10,7,0.16315334724902483,0.3866854143332789,0.5645658876762226,0.2680823905847379
454,10,9,0.16581053982046776,0.38710671039807015,0.5625131475377896,0.27055476370986253
455,10,11,0.16805654582378202,0.3874883791800786,0.5634157306824749,0.27220869575400675
456,10,13,0.16960805705470167,0.38783624445105674,0.5634157306824749,0.2734274828668177
457,10,15,0.17056464366084248,0.3882026637760925,0.5634157306824749,0.27400285062700414
458,10,17,0.17175843890042639,0.38853776208767926,0.5641091226647648,0.2749651378403658
459,10,19,0.17182369573503414,0.38871100044091855,0.5639025144125712,0.2736367522924866
460,10,21,0.17142503005116524,0.38916038413882165,0.5628517161970281,0.27244655747024127
461,10,23,0.17101386232093765,0.38935637816829327,0.5623426499666863,0.27093210571084075
462,10,25,0.17223415772527426,0.38968356449383723,0.5627738764285896,0.27200307637889565
463,10,27,0.1729513203061611,0.39001721469708045,0.5623506598318894,0.27276242377943843
464,10,29,0.17430877178269663,0.3903814079883397,0.5640354176754437,0.274205734030359
465,10,31,0.17544177955142135,0.390690189775913,0.5636390772806358,0.27503311355336546
466,10,33,0.17537479213257168,0.390996871442242,0.5650117567931168,0.2746201934877133
467,10,35,0.1752047748388669,0.3914579908851378,0.5650117567931168,0.27428473867128866
468,10,37,0.1748890499691065,0.391804119029787,0.5648275231126025,0.2754219061794584
469,10,39,0.17517612390866374,0.39212595100410624,0.5643672080203036,0.2762664062656323
470,10,41,0.1751542313179834,0.3924128260596822,0.5644692615315943,0.2760010356404917
471,10,43,0.17554704101748997,0.3926092315517286,0.5643147906757148,0.27752299108701506
472,10,45,0.17583623879201785,0.3928151837559773,0.5632570432423519,0.27905866958449793
473,10,47,0.17625936944926787,0.3930395149927663,0.5629617086681652,0.2793296113409731
474,10,49,0.17657110059600473,0.3933102334528282,0.5617052841473165,0.27915782417629986
475,10,51,0.1770800489983317,0.3934495947814822,0.5618681438647567,0.2796744347895286
476,10,53,0.17699247755121023,0.3936343762011222,0.5614493568733099,0.27987919353615226
477,10,55,0.17736339360159645,0.39402908088067473,0.5614493568733099,0.2801595195117524
478,10,57,0.1776234899815151,0.39424914935458494,0.5602475731326069,0.2788992312865109
479,10,59,0.17907429822313725,0.3945190730521538,0.559028554485601,0.2783305416839828
480,10,61,0.17998322816580012,0.39481484451921206,0.5578081335275257,0.2783409276385903
481,10,63,0.18014626693539365,0.39511999658789504,0.5576226433970622,0.2786266966151291
482,10,65,0.18144979829185,0.39544853232765814,0.5575353557095669,0.27990982932990716
483,10,67,0.18254754887415844,0.3956653974003198,0.5577223223324534,0.27976167827358855
484,10,69,0.18327745227765962,0.3959322439826238,0.556687385346214,0.2783733001048846
485,10,71,0.18366854851858488,0.39617957945355764,0.5569683142247714,0.2790720139239699
486,10,73,0.18395883791184328,0.3964012501497754,0.555747338072953,0.27962090393707417
487,10,75,0.18470405738698206,0.39665040191036544,0.5558054911986866,0.2794931450565772
488,10,77,0.18545061599567586,0.3968615288518314,0.5560337000054164,0.27891445440645046
489,10,79,0.1863092805617634,0.3970917019952127,0.5547716640387041,0.2803977760446143
490,10,81,0.18632227047712008,0.39720555517291073,0.5548600438716614,0.2800727567902791
491,10,83,0.1876014916489965,0.39737178459597067,0.553356096119887,0.2788099222745301
492,10,85,0.18791925218677222,0.3977542016845802,0.5534138452244995,0.2801928451014661
493,10,87,0.18933592091167037,0.3980681866835757,0.5527625708784614,0.2813104729057306
494,10,89,0.190240150250712,0.3984270266118384,0.5532938831472011,0.28212982887036964
495,11,1,0.12536230815223112,0.38936621842703906,0.5699082930947388,0.2581394318760004
496,11,3,0.14887477481706193,0.38977029690963805,0.5702218957500431,0.2665808620773081
497,11,5,0.1564806673174524,0.390164149373116,0.5733895056160879,0.2693523758476143
498,11,7,0.16089336958597608,0.39061437183772324,0.5740917591197264,0.2714464506110514
499,11,9,0.16238192046704517,0.3909392504421993,0.5747485251956522,0.27288763627235374
500,11,11,0.1645149258259588,0.39153905295543373,0.5749602870994931,0.2740843575862269
501,11,13,0.16595856042642804,0.39186260277473944,0.5748991799293013,0.27344622221960435
502,11,15,0.16742142267882945,0.39233451486552673,0.5747212256509717,0.2749895775342992
503,11,17,0.1694123697695724,0.3925988864183436,0.5750326584128528,0.27514378584199467
504,11,19,0.17095651467033432,0.3929932174521146,0.5765659701605469,0.2762740635066935
505,11,21,0.17121058310952225,0.3932924439285895,0.5770820053105034,0.27628486617283754
506,11,23,0.1707067988532745,0.3936219322392228,0.576787720383817,0.27625436228013195
507,11,25,0.17088162891499772,0.39393469267423864,0.576454825729484,0.27676296919941396
508,11,27,0.17196288630457404,0.3942543224795743,0.5757554189997182,0.2777603734551037
509,11,29,0.17245983371534926,0.39449772970051133,0.5754624814067043,0.27751167850887276
510,11,31,0.17289131230990581,0.39487659339593806,0.5754624814067043,0.278325312038122
511,11,33,0.17296718852465245,0.3951426311749527,0.5731884361687806,0.2787951050607808
512,11,35,0.17364904607244167,0.39548810053420363,0.5733465035169124,0.28012644709344425
513,11,37,0.17396965335474632,0.3958725926176195,0.5733521041895747,0.27956156569529206
514,11,39,0.17480747925808368,0.396128840303268,0.5732923337471193,0.27871103399564284
515,11,41,0.1752246778132531,0.3963365647246788,0.5732934312019825,0.27988402026224884
516,11,43,0.1765577042812357,0.39660296016447816,0.5719185986443317,0.28081013736942756
517,11,45,0.17641165961079291,0.3969321485207504,0.5729999602729167,0.2802117412208805
518,11,47,0.1765952405175563,0.39717022729248697,0.5727988864296734,0.279871346902726
519,11,49,0.17711108497167946,0.39749388547712744,0.5727988864296734,0.28031643781663784
520,11,51,0.17788284928764894,0.39773042310502277,0.5726176122816008,0.28097973246216096
521,11,53,0.17835042961545705,0.3979419296125147,0.5701680794810444,0.2818728892791595
522,11,55,0.17930017349308466,0.3981407597180446,0.5699865588884079,0.2820430205899949
523,11,57,0.18014768982674742,0.39820252004237616,0.5696569276940224,0.2820767059511915
524,11,59,0.17983279932335572,0.3984292156345784,0.568432309037917,0.2816445360439051
525,11,61,0.18016481575628038,0.3987022827632046,0.5683109089011034,0.28150254842127487
526,11,63,0.17985690761925158,0.39894655758285663,0.5674610436490333,0.2807098153824608
527,11,65,0.18017066695107933,0.3992951240851624,0.5672792263810915,0.28181839870068365
528,11,67,0.18004397421860638,0.3995108753121275,0.5669127262800988,0.28199608606671794
529,11,69,0.17944800217173168,0.3997417931877188,0.564966408352279,0.28216066230772735
530,11,71,0.1792210236646045,0.3999156683682648,0.5642735828358222,0.2828067241484998
531,11,73,0.18016663955108939,0.4002121081684063,0.5635372575703752,0.283900442004528
532,11,75,0.18085472611779926,0.4004071378150762,0.5637666921559175,0.28411588583506925
533,11,77,0.1814608990963609,0.400565635292947,0.5632574466485548,0.2840660723895282
534,11,79,0.1820953830016721,0.4007225414850225,0.5620505540262521,0.28375688687232165
535,11,81,0.18269161879322696,0.4008879122129957,0.5620209411746794,0.28487512818537664
536,11,83,0.18287553446869986,0.4010701248406822,0.5605684976871366,0.28544865415455384
537,11,85,0.18332016309559843,0.4012874315985016,0.5610291526230957,0.28499063958914705
538,11,87,0.18552189042428924,0.4016275626549294,0.5574861618368576,0.2844452137142796
539,11,89,0.18594495913103573,0.4018040385670116,0.5569400072740619,0.2855331270707634
540,12,1,0.12491096663237199,0.3912327896081034,0.5845698317970424,0.25507101075099187
541,12,3,0.14956753377128998,0.39177546682745756,0.5836716430236083,0.26456044771389325
542,12,5,0.1566397014600245,0.3921274134154663,0.5816633043376881,0.26752183325093565
543,12,7,0.16047555383523063,0.3926349886882968,0.5836141305161294,0.2687031716889402
544,12,9,0.1635294091310593,0.39312620485611305,0.5874854024545543,0.2711489596324857
545,12,11,0.16604995042857554,0.39343540471879374,0.5875309759839872,0.27149752336776567
546,12,13,0.16744621230191364,0.3938996916723535,0.5877157158817551,0.2726663111969594
547,12,15,0.16845228626897243,0.394135317806664,0.5873737928405404,0.27260334553019777
548,12,17,0.16973492629860806,0.3945214572702263,0.587197914739183,0.2738943238643229
549,12,19,0.17050752159097557,0.39491137408723836,0.5853619216527122,0.2741190647909773
550,12,21,0.17187045600949918,0.39526518051730086,0.5860768028855351,0.27394347248633816
551,12,23,0.17221669309697019,0.3956739433714226,0.5860768028855351,0.27423395840523934
552,12,25,0.1739308885375251,0.3958662423028848,0.5857294852628235,0.27606413727950685
553,12,27,0.17503670902314888,0.3960998142264539,0.5857294852628235,0.2773706335792351
554,12,29,0.1754477081156547,0.39642079290283155,0.5856688160603705,0.27814574697566924
555,12,31,0.1757512151171273,0.3968182737836455,0.5862557276234759,0.27888729285811614
556,12,33,0.1759325476284419,0.3971259351952167,0.5865516021287412,0.2790788575044982
557,12,35,0.17588492845601783,0.39743772484514145,0.5860572297599814,0.2787473464041796
558,12,37,0.17592674713009845,0.3976979858568203,0.5858728609815474,0.2786684489521587
559,12,39,0.1765360757574366,0.3979983726202079,0.5882111113320609,0.27838934804672094
560,12,41,0.1761644329014907,0.39825870232155447,0.5887827276833292,0.27723944525896493
561,12,43,0.17648612840006114,0.39849090552219396,0.5878332738029132,0.2773404032141525
562,12,45,0.177315906428601,0.3988810399494807,0.5869297641501549,0.27661590843217193
563,12,47,0.17768399270609314,0.39912941529617696,0.5869297641501549,0.2760115882710879
564,12,49,0.17850512636126248,0.39943659588154024,0.5869297641501549,0.27651457979031846
565,12,51,0.1788300426829223,0.399722702555497,0.5867447511161439,0.2763200575052918
566,12,53,0.17941252081254616,0.40004945455043156,0.5859963282915365,0.2766574084628356
567,12,55,0.18009686300063824,0.4004745411375526,0.5851104206512715,0.2769082371994956
568,12,57,0.1795141728254439,0.4008136363810443,0.5849251482626909,0.2765862919545603
569,12,59,0.18033170219241407,0.40100087981548516,0.5845537958188688,0.2772803353816536
570,12,61,0.18169225985529597,0.4010289373625272,0.5836101405776425,0.2779977217491739
571,12,63,0.18274093665736021,0.401310823636964,0.5831595910010275,0.2794329870868009
572,12,65,0.18261954634988767,0.401525806723847,0.5826904148361417,0.2802615358523994
573,12,67,0.18356778378403676,0.40160340917466675,0.5813349563959387,0.2811241755219432
574,12,69,0.1845730162885466,0.4018428405924101,0.5785028025629241,0.2823660821812277
575,12,71,0.184587940341925,0.4019468013479794,0.5771054871231921,0.2817435993763894
576,12,73,0.18412769596734016,0.402116873402165,0.5765438865166204,0.28023649613913687
577,12,75,0.18414259277306128,0.4023699448556453,0.5757397270816199,0.2809853235439944
578,12,77,0.18405744046774375,0.40269381325440384,0.5736651478413897,0.2811963328879833
579,12,79,0.18500964298080155,0.4028290820549331,0.5733254462848645,0.2819776409682699
580,12,81,0.18548652474848562,0.4031900310621349,0.5730842992719885,0.2812281799435434
581,12,83,0.18450295520374832,0.40339711108164533,0.5732532809508581,0.2824663467124714
582,12,85,0.18610142313818887,0.4036903507800857,0.5711581223653496,0.282858923585712
583,12,87,0.1862269712078402,0.4040169781608471,0.5714409557365624,0.2834437360473106
584,12,89,0.18646741492864893,0.404401617552839,0.5720704834128688,0.2835279113462726
585,13,1,0.12896250016238256,0.3848010977485408,0.5663278834891512,0.25950657950114986
586,13,3,0.1540555224189118,0.3852012221711383,0.5657205293750119,0.2683010901882225
587,13,5,0.16127279047587512,0.38549488195209564,0.5641579829492965,0.27261487658851163
588,13,7,0.16491312821568485,0.3857301521898155,0.56695151653532,0.2728344300750676
589,13,9,0.1681480036728559,0.38615998259928885,0.5670783404669579,0.2751537107382226
590,13,11,0.17010882860918566,0.38662280010623945,0.56563473398094,0.2749293550531753
591,13,13,0.17152788976362002,0.3870354772851177,0.5661973846627901,0.2755838324682613
592,13,15,0.172943205274852,0.38748789428147823,0.5664413032346612,0.2762225681289141
593,13,17,0.1744871121310265,0.3879482309003444,0.5659493028904407,0.27725429851335587
594,13,19,0.17464995632467523,0.3883384991669946,0.5651897509493635,0.27830063969303126
595,13,21,0.17544456187666854,0.38872647383855485,0.5658110615080172,0.27865562420381096
596,13,23,0.17621292928115118,0.3890646181027869,0.5655771827019331,0.27828566468555976
597,13,25,0.17642411372806127,0.3894365540390428,0.5659895830478545,0.2785835383953511
598,13,27,0.1764825934208836,0.389743917824485,0.5648260151192229,0.2792451579062571
599,13,29,0.17710432855016925,0.3901313435463246,0.5659293902479658,0.2793345092784976
600,13,31,0.17709413494817433,0.3903581590408601,0.5645971863128555,0.27989551020481523
601,13,33,0.17749000631318848,0.39065583821456334,0.564389406786367,0.2796661830219941
602,13,35,0.17748122894500465,0.3910044949221724,0.5638118350028207,0.27976554923868985
603,13,37,0.1780976375585536,0.39125561152194405,0.5639970657885635,0.2790033901027099
604,13,39,0.1783538500142521,0.391509636211942,0.5618021767625951,0.2797699126098859
605,13,41,0.1786322543644668,0.3917954713198615,0.5615943777446076,0.2805821920832773
606,13,43,0.17907700589331735,0.39204093419210057,0.5617018677760821,0.2818142212438988
607,13,45,0.17970574206813544,0.3923625051170839,0.5611830755765951,0.2818140497869058
608,13,47,0.1793023598833514,0.3926404752802064,0.5621163146478738,0.28046630100677034
609,13,49,0.18029929145193505,0.3929300168050166,0.5619100850404115,0.28043506834151105
610,13,51,0.18086003076554796,0.3932296396260328,0.5616749192870867,0.2803704465657686
611,13,53,0.18116407583150268,0.3935015836278611,0.5620869765118518,0.2796036704459003
612,13,55,0.18072197734898002,0.3938067986882593,0.5609732027599941,0.2794022629129874
613,13,57,0.180270375872655,0.39421093671910895,0.5619762229316685,0.2790538872272349
614,13,59,0.1807304155405977,0.39447487525598846,0.5601417385807925,0.2794263198079054
615,13,61,0.18110681670106835,0.3947420108061977,0.5601417385807925,0.27884056722437695
616,13,63,0.1822195424175268,0.395011501413371,0.5598538119144958,0.27901506120196307
617,13,65,0.1822165624192493,0.3953206950439699,0.5594960945706566,0.2793449633852679
618,13,67,0.18261339351468833,0.39572538088209475,0.5595828380596857,0.2797375880527809
619,13,69,0.18377862430013403,0.3960941062688636,0.5595828380596857,0.2799654753031519
620,13,71,0.18483520462612882,0.39627482929247826,0.5585568092897747,0.2812212497217316
621,13,73,0.18558421107462644,0.3966200611022388,0.5575862983720857,0.28025444295351
622,13,75,0.18528405466798725,0.3970203482168346,0.5575862983720857,0.2797349797341122
623,13,77,0.18621122251941857,0.39728535508075197,0.5565061416112375,0.283120920904182
624,13,79,0.18674943744051456,0.39762479709686843,0.5552468063395107,0.2815565816714603
625,13,81,0.18704729777962403,0.3979097445857375,0.5547133817429661,0.28052619759193476
626,13,83,0.18760544329682866,0.3982360950038966,0.5548709229611745,0.281614013199092
627,13,85,0.18781693795425136,0.39867036563156516,0.5548373701967753,0.2818105386400043
628,13,87,0.18835968181662643,0.39902046093359406,0.5540772602810995,0.2829641480876933
629,13,89,0.19014677330522844,0.3993906063716458,0.5532695436082183,0.28253377848107414
630,14,1,0.12849633487349474,0.3798074501198638,0.5580819226095581,0.257360618594016
631,14,3,0.1530960676052116,0.38016573674910664,0.5557010891980795,0.27048037140971126
632,14,5,0.15985718642732397,0.3805672449084649,0.5524179052385612,0.27319365080119745
633,14,7,0.16444922640340492,0.3808382555685611,0.5534982625115191,0.2755183008417181
634,14,9,0.16646471245958785,0.38111382957273243,0.553300297305533,0.27719761860697284
635,14,11,0.16802391869612485,0.3812903364739902,0.5538291450761039,0.2775718940990057
636,14,13,0.16960299800988995,0.38171253820994216,0.5530037065804941,0.27854756507997247
637,14,15,0.1700076644267067,0.38201056748566803,0.5522089728429517,0.27866183288740254
638,14,17,0.1706160489450895,0.38235896302371725,0.5525389447633986,0.2789167290094135
639,14,19,0.1722591686712899,0.38271227283272546,0.5514474596375463,0.2794976220328724
640,14,21,0.17278562002508596,0.3831718561352881,0.5514778158204169,0.28133638810588896
641,14,23,0.1738308244580979,0.38346938294141386,0.5515054452255209,0.28051206940394674
642,14,25,0.17499547861283868,0.3838527428807946,0.5514474596375463,0.28115105762110276
643,14,27,0.17500424898239264,0.3842863916776467,0.5514474596375463,0.282462863886633
644,14,29,0.17543873644234423,0.3845160351109821,0.5512435168541617,0.2817993886048302
645,14,31,0.17615408224032805,0.38489449991677155,0.5514848295954745,0.28281000148925284
646,14,33,0.1766183338104796,0.3851773101265459,0.5514848295954745,0.28251065796018293
647,14,35,0.17712710140458138,0.385497796458035,0.5512298791999545,0.2830764426048999
648,14,37,0.17763173946687247,0.38583832060630263,0.5512298791999545,0.2828650955373719
649,14,39,0.17798725572073834,0.3861804013867526,0.5512298791999545,0.2836523940864782
650,14,41,0.17828823923373233,0.3864933760210638,0.5523508361520343,0.28316189045974166
651,14,43,0.17875998836111356,0.3867358479334853,0.5517374758024973,0.2844022886021562
652,14,45,0.17962903933137492,0.386944120005616,0.5512344080424549,0.28509984544742445
653,14,47,0.17986107782473523,0.38728418532007897,0.5490590056807588,0.2852063542928103
654,14,49,0.18075398397758585,0.38746811362598294,0.5491172220941357,0.28581003619797907
655,14,51,0.18075456857829003,0.3877445055934316,0.5502462984137827,0.2851934883095259
656,14,53,0.18127173723045034,0.3881463694497004,0.5502462984137827,0.28506859395756023
657,14,55,0.18231581268343766,0.38846995677795987,0.550135521337138,0.2856217963056664
658,14,57,0.1815627188941362,0.3887014210414771,0.5489869556924425,0.2857243627003326
659,14,59,0.18081748014216775,0.3889273916357752,0.5487835477238194,0.28499878998122957
660,14,61,0.18059461904934132,0.38911859279645306,0.5481174185966246,0.28488695546576465
661,14,63,0.18122323741891647,0.38945930196949463,0.548157495671588,0.28587964941062277
662,14,65,0.18133399761449034,0.3898050387066326,0.5479202542809708,0.28476676028982495
663,14,67,0.1819463814893396,0.39005024214052614,0.548071073593343,0.285043227199631
664,14,69,0.1815706674966826,0.3903532540963966,0.5481815698924397,0.284608054674828
665,14,71,0.18206090414097725,0.390695625182945,0.5479966420764905,0.2848827235025091
666,14,73,0.18220390789112487,0.3908817674847226,0.5465114387636952,0.28523771311317997
667,14,75,0.18277971341231322,0.39121509398619,0.5460295865333584,0.285742762336826
668,14,77,0.18380693003596,0.39156502398173193,0.5452268191963546,0.2861459427312054
669,14,79,0.1844592562535277,0.39183828110013064,0.5450404473881825,0.2860096009516658
670,14,81,0.18524334076136628,0.39218122344066625,0.5451914512750029,0.28588287438694804
671,14,83,0.18531002847829267,0.3924752018385533,0.5451389206102274,0.2860229762671325
672,14,85,0.18489182993327252,0.39280053364408235,0.545009606928986,0.2864478038623021
673,14,87,0.18593716542425234,0.3930959081417459,0.5445000805497325,0.2855051807075104
674,14,89,0.18734082447172304,0.39332402513594505,0.5441558954453133,0.2863238084096381
675,15,1,0.12833856774938748,0.38928544943367843,0.5600791323364048,0.2594492362086078
676,15,3,0.15413720365562203,0.38970835718288804,0.5627040169406002,0.27046600185748887
677,15,5,0.16139365945434067,0.39000630927839236,0.5672895535429608,0.27522766857520437
678,15,7,0.1649906543660419,0.3905192083024593,0.5678860012060883,0.2764232671022275
679,15,9,0.16759325818515758,0.39100579209123054,0.5696912711660544,0.2782342781112409
680,15,11,0.17106875323915247,0.3913964601427654,0.5703751131524607,0.2798396700535651
681,15,13,0.17244927959127504,0.39183150613342804,0.5708803030741724,0.279808214389991
682,15,15,0.17252266628234342,0.39220154666237167,0.5714689131860439,0.28026007872343167
683,15,17,0.17368563025698927,0.39241149749001986,0.5702125036831516,0.2813374339968138
684,15,19,0.17511897782997204,0.3927774809667948,0.5683917371098883,0.28134760539111625
685,15,21,0.1749943165674444,0.3931820703824368,0.5688317720799637,0.28180669825250254
686,15,23,0.1755987860930963,0.3937254287399443,0.5685801588569223,0.2824314024490648
687,15,25,0.17585763141539473,0.39389880070463723,0.569862450325352,0.2828063531091928
688,15,27,0.17621260834454805,0.39435434947991704,0.5709360956669923,0.28416874621156035
689,15,29,0.177416865278807,0.3947391315410114,0.5711157468976974,0.2841840029002571
690,15,31,0.17758798046680074,0.39497029033561837,0.5714124783774005,0.2844169530173618
691,15,33,0.17759292838683075,0.395345970313444,0.5701045261437099,0.28618935223771075
692,15,35,0.1774168523602996,0.3955625657700633,0.5705438664422066,0.2841106065965643
693,15,37,0.1769955931151111,0.3960114686337311,0.5704741211045959,0.28569932743312754
694,15,39,0.17757367459838289,0.39637545741558,0.5699427730096691,0.286398511307993
695,15,41,0.17745180081468806,0.39671277952148876,0.5689490630117643,0.28628959522853037
696,15,43,0.17790015308541826,0.3970165166856295,0.5669545154658777,0.2861400388307773
697,15,45,0.1782766915592043,0.39734715055521114,0.5669545154658777,0.28647642660638645
698,15,47,0.1784151194476706,0.3976358330096724,0.5664471829112819,0.2866853820892347
699,15,49,0.17921244903227143,0.3978334529511041,0.5664471829112819,0.28775003374557534
700,15,51,0.1806189179734392,0.3979638055251327,0.5658815451830509,0.28666949519119284
701,15,53,0.1808053361179924,0.3982366061922038,0.5666771899903799,0.28696297322511144
702,15,55,0.1811888324104613,0.39855730125615535,0.5679949893000683,0.28620229887187376
703,15,57,0.18179350255996982,0.3987532967918656,0.5673842849966396,0.2868551759283742
704,15,59,0.18209107436579217,0.3988129811889132,0.5653847276908683,0.28593985187135934
705,15,61,0.18144430809501003,0.3990657026855931,0.5641718082399165,0.28525571885304796
706,15,63,0.1819977367635585,0.3994003934802897,0.5639626479116003,0.2865237591730634
707,15,65,0.18202099454764628,0.39952052243690234,0.5632673738040093,0.2853862917838641
708,15,67,0.18171736035662625,0.3996844174623783,0.5625939856949598,0.2857093143866636
709,15,69,0.18150418346380182,0.3998381742006246,0.5628499203539425,0.2857170925905312
710,15,71,0.18179581184612467,0.4000567041613502,0.5625681349512001,0.28559046761677503
711,15,73,0.18174721576397945,0.4002825098366983,0.5625681349512001,0.2866516279030993
712,15,75,0.18113240390418878,0.4004832684357299,0.5619041423192997,0.28718829936041484
713,15,77,0.18099354712809615,0.400682698145762,0.5616882234472279,0.28742409586397094
714,15,79,0.18192527328116717,0.40100971347247816,0.5609429984232392,0.28746806063067804
715,15,81,0.1822738747361993,0.40123023485100917,0.5609429984232392,0.2884938264269102
716,15,83,0.18290559819505298,0.40150376985996367,0.5610329723193219,0.28852783421779576
717,15,85,0.18404348375254073,0.40160947962874954,0.5569184679834455,0.28978008977649505
718,15,87,0.1844176641144062,0.4017323647012079,0.5572959850930601,0.28951392319334673
719,15,89,0.18556415056542588,0.4017309591470769,0.5548060680393611,0.2883966092254589
720,16,1,0.1256836733014122,0.38239343442501894,0.5693572256170701,0.25866316090488156
721,16,3,0.14934257527904418,0.3828015590062336,0.5720034261739046,0.2662318911519839
722,16,5,0.15718086686077629,0.38328254977765075,0.5718794162544646,0.26775600296451674
723,16,7,0.16245339318562518,0.3836469503737381,0.5712589418885868,0.2705405220727911
724,16,9,0.16454052489599472,0.3839859106743021,0.5705522869739071,0.2708986384619635
725,16,11,0.1669030496461831,0.38431374080345987,0.570763091288051,0.2714211222111821
726,16,13,0.16786516628541492,0.38451741271311884,0.5705806002577782,0.2724924504523071
727,16,15,0.16902992086652616,0.38479203556217306,0.5699456096331534,0.27499653597972634
728,16,17,0.16971940736229413,0.3852367564894295,0.5701284054648542,0.27538500160483603
729,16,19,0.17082622060977037,0.38562176254457936,0.5703109429801388,0.2771231589859505
730,16,21,0.171770523375268,0.38600315758575343,0.5706385541065654,0.27829102217408336
731,16,23,0.1724575701566369,0.38640657752872676,0.5704557494033382,0.2791324208570901
732,16,25,0.17338738553383579,0.3868045212400369,0.5700491984486104,0.27925667205191185
733,16,27,0.17424718406856735,0.38725656389042085,0.5701091557411428,0.279797372551351
734,16,29,0.17476000939643083,0.38755939272850737,0.5711691647475441,0.279534624593523
735,16,31,0.17496960852180338,0.38795086419128444,0.5706231805966683,0.27853977923529133
736,16,33,0.1752080249541152,0.3884072446225815,0.5705914300594416,0.27948761603699407
737,16,35,0.17607476615909548,0.38878937800351354,0.5712693248847512,0.2802833325565507
738,16,37,0.17649591191793754,0.3891271634410491,0.5708606200498674,0.2797422622802309
739,16,39,0.17675383971095168,0.38954624936749827,0.5706779857126592,0.2800487495714636
740,16,41,0.177156235360109,0.38988312774581013,0.5706779857126592,0.2799114131152623
741,16,43,0.17753435830317582,0.3902114301506185,0.57087043051958,0.28091478121439023
742,16,45,0.17788908720753732,0.3905295296057593,0.5701018950771649,0.2811407701353911
743,16,47,0.17840438049796833,0.3908080034590891,0.5698342086594563,0.2816729041135689
744,16,49,0.17860177816496628,0.39109365295780074,0.5698342086594563,0.28113372221565747
745,16,51,0.1795184325556158,0.3914502327369832,0.5689371677111447,0.2806145937924775
746,16,53,0.1797893359152794,0.39175614726902463,0.5689371677111447,0.28134570327611064
747,16,55,0.18037313290728357,0.3920113251094688,0.5691521903840722,0.2819196762495082
748,16,57,0.18038838688186837,0.39238234754029566,0.5691521903840722,0.28255439543527355
749,16,59,0.18059071733638277,0.39258979992921855,0.5691521903840722,0.28200830722910214
750,16,61,0.18062584225918554,0.3928378433722206,0.5670868555877518,0.28264941168246493
751,16,63,0.18078339252626466,0.393145652675584,0.5667350494456525,0.2827220424678359
752,16,65,0.18271663531635038,0.39334250178293845,0.5667350494456525,0.2834594421425497
753,16,67,0.18306843744464976,0.3935728112831635,0.5662602809654227,0.2842539056318204
754,16,69,0.1831349843440817,0.3936406132703939,0.5633644395623131,0.2840104202357442
755,16,71,0.1830406534062234,0.39390839607508943,0.5630178171646042,0.28476782409425055
756,16,73,0.1826329381368621,0.3940767113801563,0.5619848789874037,0.28363316896919166
757,16,75,0.18339506735306269,0.3942568898549988,0.5606775210019926,0.28420322020736644
758,16,77,0.18417411793495161,0.394310020495651,0.5604927723914731,0.2851888088076598
759,16,79,0.18474448677329974,0.3945703872986802,0.5602819141026169,0.28502313763720716
760,16,81,0.18440595447883482,0.3947608053681262,0.5599474125163514,0.2842857818259333
761,16,83,0.18456038080145268,0.39503183572529105,0.5597905453439354,0.28385812501211855
762,16,85,0.18633879850402016,0.3952952117401026,0.5592139265805612,0.2851462849103202
763,16,87,0.18766772289179354,0.39540564968423403,0.5571355862566708,0.28647910630606827
764,16,89,0.18879136874867794,0.3955596998238225,0.5567979085463828,0.28685911559187777
765,17,1,0.12833218036064492,0.384907439561551,0.5639897753315914,0.2603412220685208
766,17,3,0.15235036238213892,0.38528485226761094,0.566164292184612,0.2698580363908223
767,17,5,0.15928676509060624,0.3856075187631829,0.566249013924806,0.27432959861430245
768,17,7,0.1632381056210504,0.3859257663965772,0.5664230785235829,0.27436357766852
769,17,9,0.16515114431179892,0.3863855120567309,0.5659854362186768,0.2755354211061201
770,17,11,0.16634054600279888,0.3867222820926675,0.5657478263790711,0.2763689850399496
771,17,13,0.16870011013112654,0.386953656642471,0.565758899849667,0.2778747750057036
772,17,15,0.1696779314493253,0.38730930047408113,0.5664901516837791,0.2783207490582343
773,17,17,0.17016210154186623,0.38767987401074894,0.5659757824103299,0.2788466730513839
774,17,19,0.17097787218704882,0.38805363215381217,0.5661607922367877,0.27963739219589784
775,17,21,0.17209985669684286,0.388299515087636,0.5659149107516636,0.28096028652025745
776,17,23,0.17284434806251445,0.388583951425983,0.5662955906492043,0.2794641365355415
777,17,25,0.17356352333808697,0.38876160141923893,0.5663299741384549,0.28017244631832877
778,17,27,0.17411536389971977,0.38906147862310536,0.5652622417386507,0.28088323916071667
779,17,29,0.17469844638782825,0.3893953226093158,0.5647462843196525,0.28078114183441044
780,17,31,0.17627930830447866,0.3896552578327019,0.5647462843196525,0.2813170368679116
781,17,33,0.1765415887716824,0.39002032590354313,0.5647462843196525,0.28222604019462666
782,17,35,0.1762181154496294,0.39038944659997676,0.5649675367457624,0.2825522941566357
783,17,37,0.17688353662510556,0.3906917922466449,0.5652658414352478,0.2822892616304675
784,17,39,0.17746928277105795,0.3909502115107129,0.5644166549686382,0.28341612656800824
785,17,41,0.1778947911608615,0.39130236195725787,0.5640261182261784,0.2832441093884878
786,17,43,0.1779266527233092,0.3915708726025979,0.564031426916796,0.28466137990173146
787,17,45,0.1797946968019881,0.3918139276394846,0.5633022821287577,0.28594712857373566
788,17,47,0.1803353494122318,0.39210478088347206,0.5628654000413851,0.2866636760164655
789,17,49,0.1799996549005113,0.3923146479155713,0.5628654000413851,0.2865127282922485
790,17,51,0.17996344571444073,0.3925054258364618,0.5629202395960023,0.2866896538185645
791,17,53,0.18023317340083203,0.3926390539608989,0.5601018769047538,0.2868209415222155
792,17,55,0.18063303641494774,0.39283639356997924,0.5598168741759807,0.28641575761512966
793,17,57,0.1810054175454059,0.39275726844671693,0.5601744771888885,0.2851815805784901
794,17,59,0.1816429804796282,0.39304897103832354,0.5601744771888885,0.28443865289638626
795,17,61,0.1821903065228924,0.39326466923944975,0.5597498766121352,0.28458336205270157
796,17,63,0.18192045259854558,0.3934548326647132,0.5600088596294068,0.2845020298833137
797,17,65,0.1825991234894873,0.3936774120885443,0.5598221853048012,0.28539862523831
798,17,67,0.18257530441126008,0.39395405454341315,0.559566791106669,0.2850617066369924
799,17,69,0.18280652814038928,0.3940738606667793,0.559566791106669,0.2844926157281118
800,17,71,0.18299095721670205,0.3943016435869327,0.5589394418478151,0.28560734624521217
801,17,73,0.18410606794885617,0.39442882482462416,0.5587522112873721,0.2854765476362036
802,17,75,0.1845274081419135,0.39464259063913426,0.5598952908300249,0.2855974585672417
803,17,77,0.1852468792192796,0.3949999873062246,0.5586538224851049,0.2857358116294097
804,17,79,0.18572880601614147,0.3952479002553527,0.5587147994867105,0.2852614533815432
805,17,81,0.1864893649927303,0.39556434873269014,0.5587947848674455,0.2863670824890603
806,17,83,0.18711993904783464,0.39572139010829843,0.5589228618655994,0.28634922192524137
807,17,85,0.1882200016285393,0.3959932790916058,0.5598054835479377,0.28752485768217495
808,17,87,0.1892704096359849,0.3960334785601097,0.5592241084725456,0.28698374294332474
809,17,89,0.19082712767965287,0.396261427263733,0.55854224108737,0.28684725606599926
810,18,1,0.12910154599137819,0.3892513905951415,0.5717222458294833,0.2610983175768806
811,18,3,0.15399371104482568,0.3896580320615433,0.573381840991372,0.2707793357572358
812,18,5,0.1614244248425667,0.390085581188411,0.5720726365987233,0.2744126181656818
813,18,7,0.16485219513596333,0.3905211503654676,0.5714568522290164,0.27540558227344286
814,18,9,0.1683523767353989,0.3909577019463974,0.5694820220237193,0.27756342435143616
815,18,11,0.17045187978375592,0.3912840682804526,0.5692051699052599,0.2772744026126049
816,18,13,0.17184006921664263,0.3916498698201759,0.5697333247183916,0.2769983508761785
817,18,15,0.1735624282969377,0.391979402674069,0.5693132124238163,0.27889555581985764
818,18,17,0.17536861173041648,0.39235347880252425,0.5695744076192387,0.28028335090371376
819,18,19,0.17560278482032168,0.3927572978279757,0.5691650902997575,0.28236615768757
820,18,21,0.1769444281764013,0.39306103624406846,0.5689253971070442,0.2826766780968231
821,18,23,0.17781270833894555,0.3934045358926698,0.5685700924365958,0.2841960227107361
822,18,25,0.17761999435201226,0.39366215359495227,0.5681826863042045,0.28395714247220516
823,18,27,0.1779213374819819,0.39397877225086014,0.5692874565892588,0.28445017790553423
824,18,29,0.1782152654611948,0.3942967270596098,0.5687659056668364,0.28420340706593733
825,18,31,0.1780908082512649,0.3945770189184114,0.5696357943625733,0.2830188085851871
826,18,33,0.17876902246933865,0.3949016822253147,0.5700962494246286,0.2837637523425515
827,18,35,0.17941160221960376,0.39529139573756994,0.570358514446111,0.283662702407718
828,18,37,0.1793910343332398,0.39564648955081905,0.5704165328206555,0.2838270910103334
829,18,39,0.1798997081656431,0.3959898118346709,0.5692053388494125,0.2845439535583799
830,18,41,0.18008423819692182,0.3962880193274983,0.5692053388494125,0.2843151461344355
831,18,43,0.18007860368603676,0.3966494607368454,0.5691473837356801,0.2841141766787598
832,18,45,0.18011943131476368,0.3969879678071404,0.5691473837356801,0.28508356903176846
833,18,47,0.18070551762723466,0.3972443308528349,0.5699298226291151,0.28600521334147333
834,18,49,0.17998024206396565,0.39758228461321565,0.5700932504009127,0.28497324838085886
835,18,51,0.18066125096086158,0.39786891150981446,0.568620505778301,0.28453764893142036
836,18,53,0.18119142452197762,0.3981441807542344,0.5685628077498949,0.28491235563203837
837,18,55,0.18158274026879853,0.3982884834995091,0.5679172584516782,0.28599864598502034
838,18,57,0.18260207277579604,0.3986485194702721,0.567734556408608,0.288446828855479
839,18,59,0.1828765573639958,0.39887681281651083,0.5677152541963365,0.2873293173128027
840,18,61,0.18255667930103006,0.3991511116009093,0.5681090613520203,0.2875087922702118
841,18,63,0.18259408635783594,0.3993278404048069,0.5681090613520203,0.28757470479760816
842,18,65,0.1838033726770552,0.39960319640159375,0.5677424164244964,0.28804451402404274
843,18,67,0.183402352465572,0.3996869964975231,0.5673940963453542,0.2877326582760474
844,18,69,0.18319769012834497,0.3999829040157864,0.5669747419253354,0.2876139578615708
845,18,71,0.18560835232702771,0.4001260897043418,0.5674687959688066,0.28754560662769313
846,18,73,0.18503644395934885,0.4003712826036058,0.5672845293519859,0.2870357964189804
847,18,75,0.18583142725997942,0.40060607044215596,0.5670999999493453,0.2880047489592757
848,18,77,0.1864335918465774,0.40085372615634246,0.5669726918385305,0.2867946944474757
849,18,79,0.1868835287328627,0.40115435572721136,0.5667875759605829,0.2868979407735381
850,18,81,0.18769160609327,0.4015131572828242,0.5658432286892744,0.2866613040389306
851,18,83,0.18814311612045084,0.40182827193188336,0.5655595749216035,0.2857254024711594
852,18,85,0.18866357785934454,0.40217249835298513,0.5652454114022054,0.28700489273985724
853,18,87,0.189653518339049,0.4024825781191462,0.564931063279025,0.28767974040226807
854,18,89,0.191089323386054,0.4027594948402816,0.5646345505663396,0.28859881393135417
855,19,1,0.1280778082657306,0.37789818442564277,0.5592285869404469,0.25862187078772725
856,19,3,0.15379009847812028,0.37815907570129376,0.5572780297113561,0.27022204448437126
857,19,5,0.16007924061211368,0.3783767368286939,0.5551179314772949,0.2743672722383836
858,19,7,0.16353359740390735,0.3787321747400077,0.553676539725094,0.2766443892729158
859,19,9,0.16697843440671,0.3791792296639192,0.5569570944674967,0.2775989147548668
860,19,11,0.16861593010256934,0.3794598742786404,0.5570728910914167,0.27716156569511413
861,19,13,0.17077174704112014,0.3796958867182411,0.5573462528508357,0.2773364736255154
862,19,15,0.17281717861811793,0.37992255605555403,0.5593345861532187,0.27770002798489785
863,19,17,0.17376024037071366,0.3802396519216788,0.5569485957396547,0.27860860989721564
864,19,19,0.17540923007142567,0.3805866532717716,0.5594280896278256,0.2793832232932022
865,19,21,0.1753517534444339,0.3809345069956765,0.5609879891667032,0.28040068343086555
866,19,23,0.17514227338899105,0.3811730183023649,0.5579953595956059,0.280866597468978
867,19,25,0.17535748582466285,0.3814211338074883,0.5588463277303333,0.2802173792569688
868,19,27,0.17586305041170444,0.3818479266894757,0.5592865587328163,0.28007532309054234
869,19,29,0.17713029103573982,0.3823275457341889,0.5609553170550431,0.2816117839903125
870,19,31,0.17796876885738078,0.3825917081079364,0.5622292865886785,0.2820442139366683
871,19,33,0.1784497962207812,0.3829470837174415,0.5585657384669582,0.28363479396648106
872,19,35,0.17919141798464047,0.38306483356148396,0.5586059577120459,0.28388097754520414
873,19,37,0.18017465389375675,0.38340674540546094,0.5584388324943161,0.28412375026997666
874,19,39,0.18078571346603342,0.3837704081778318,0.5576639975665434,0.28532824425330977
875,19,41,0.1817653207137249,0.38413528033392214,0.5575828685607577,0.2864733188908221
876,19,43,0.1822759947603056,0.38442399948228523,0.5576829170764426,0.28671400014585274
877,19,45,0.18176505381552646,0.38467185150716865,0.5563499514786762,0.2862614294458119
878,19,47,0.1826270964221571,0.38490374715970616,0.5560286568383492,0.28686990771403237
879,19,49,0.18304782863700614,0.38522824929231103,0.5559443480059327,0.2861313938805279
880,19,51,0.18351149634223596,0.3854991139340042,0.5559443480059327,0.28394518422479514
881,19,53,0.18317432716811394,0.3856676166732182,0.5546045775910714,0.28430983817334804
882,19,55,0.1833862651640005,0.38590211813434455,0.5545476101355536,0.2840325912749675
883,19,57,0.1837601044512585,0.3860787055418111,0.5542044646756238,0.28405942980355864
884,19,59,0.1831113599573464,0.38632351103798274,0.5528172374877549,0.28365042829787945
885,19,61,0.18315860853508498,0.3863831490579878,0.5531076486756813,0.2839757380671661
886,19,63,0.18326175857507035,0.3866664478208591,0.5533254758382755,0.284584324965505
887,19,65,0.1847395007698856,0.38672687737443,0.5528079844314205,0.28338148678232933
888,19,67,0.18510633130608342,0.38694802151139823,0.552626314092456,0.2834396521071941
889,19,69,0.18499759676949576,0.38717616281101436,0.5528507002884938,0.28382413576815024
890,19,71,0.18508885841780667,0.3873311342020543,0.5516037759197396,0.28329969865551063
891,19,73,0.18497526229816033,0.38755363577927104,0.5512280747879446,0.28415358040590577
892,19,75,0.18649598108156865,0.38776066727750186,0.5517764698479335,0.2846994657598688
893,19,77,0.18646959358049503,0.3877850434663022,0.5490984621962498,0.28484411160288586
894,19,79,0.18701670572092985,0.38790019641622026,0.5479676233775028,0.2865415453423322
895,19,81,0.18754703341164847,0.3881231090753614,0.5480245006062802,0.28569838650695006
896,19,83,0.18817557856311742,0.3880964018710184,0.5481340783962463,0.28611823643598017
897,19,85,0.18717694067002438,0.38827154422736926,0.5487366415558993,0.28911553894575687
898,19,87,0.1878582457319121,0.3885898930708169,0.5485165624334641,0.28921909282367336
899,19,89,0.1890722630083081,0.38895228717747476,0.5486310000494149,0.28945079728663503
