,iteration,median_filter_window_lateral_display,category_count_score,f1_per_timestamp,f1_per_annotation,f1_per_prediction
0,0,1,0.12479738570559762,0.3771114380404237,0.5525081178868406,0.2506467169882641
1,0,3,0.13090794581221737,0.37722156296839254,0.5514838903112056,0.25049746977940607
2,0,5,0.1326425114489094,0.3774030693849747,0.5512622796238151,0.25193890529676705
3,0,7,0.1326704032855678,0.3776348554926722,0.5529203524118331,0.2533772164818066
4,0,9,0.13374216092689842,0.3777172997015675,0.5520282300475682,0.25389307413920487
5,0,11,0.13492339229294112,0.37770058298229975,0.550766208015332,0.2533262302448841
6,0,13,0.13553402922996063,0.37788211660003496,0.5526977134233454,0.2535633598693821
7,0,15,0.13639613537275472,0.3779785598104131,0.5537559144815465,0.25374115288761134
8,0,17,0.13683686563934633,0.378051595441383,0.5524847315644684,0.2537009814256729
9,0,19,0.13704969017752935,0.37811558591326666,0.5522607875626012,0.2533206582186937
10,0,21,0.13729189422295363,0.37819484880799037,0.5522607875626012,0.25424758497685335
11,0,23,0.1373462864009846,0.3781577868367368,0.5532950167000478,0.25441319240248716
12,0,25,0.13725169066804951,0.3781861128175596,0.5532950167000478,0.253283462847026
13,0,27,0.13776624806209478,0.37816764654417684,0.552237037925076,0.2532385545036512
14,0,29,0.1378137853358501,0.3782222225463185,0.5522959307432215,0.25311200163535985
15,0,31,0.13793899015946512,0.37825647192893186,0.5518880688605828,0.2538905818083706
16,0,33,0.1381145589614616,0.3782711483335731,0.553173758318848,0.2538417700504495
17,0,35,0.13814949531062767,0.3784082895612201,0.5528968947194275,0.25428456358135276
18,0,37,0.1383931096503082,0.3784425382756286,0.5520595311782543,0.25459131042396016
19,0,39,0.1383779619816096,0.37861910047772235,0.5522283128028004,0.2551903615444951
20,0,41,0.13850799564292257,0.37869659973668324,0.5514720307552582,0.25560488110357704
21,0,43,0.13877987617421514,0.37888960029393143,0.551752372977503,0.2557086566086656
22,0,45,0.1389172661175183,0.3789673785512843,0.552208946218919,0.25642776099530046
23,0,47,0.13950243046683417,0.3788976214375319,0.5514458396420926,0.256195249219875
24,0,49,0.13935576844721131,0.3790053307095192,0.5514458396420926,0.2560770822248472
25,0,51,0.13936870075150007,0.37901440182424745,0.5514458396420926,0.2557173323673087
26,0,53,0.1399015094292202,0.3790206069532004,0.5507140567349545,0.25481626794170414
27,0,55,0.14033020073438077,0.3790333028938374,0.5492737737188567,0.2551814418889263
28,0,57,0.14061625371028147,0.3789834473762048,0.5492737737188567,0.25514893051717097
29,0,59,0.14068764716055024,0.3789763589792274,0.5490695274036117,0.25435222311741745
30,0,61,0.1406701897958523,0.37899601828610485,0.5490695274036117,0.25489942306960767
31,0,63,0.14084475516009012,0.3789791221770585,0.5470586955759121,0.25427234753306227
32,0,65,0.1409211149690712,0.3789126342547903,0.5479946183594403,0.2538146222774181
33,0,67,0.14108673122509777,0.3789207567584123,0.5481627686122313,0.25387194220822545
34,0,69,0.1413086170264989,0.3790402551581007,0.5472768699568081,0.25457545542183413
35,0,71,0.14173693521093383,0.37894641701821014,0.5466578777167156,0.2542866965723393
36,0,73,0.14235904443861627,0.3791069334441729,0.5466578777167156,0.25394960902068436
37,0,75,0.14272784399300548,0.37903063930948416,0.5466578777167156,0.2547946324215139
38,0,77,0.1425422677069055,0.37912237167585117,0.5481442122313136,0.2548722890353709
39,0,79,0.14243400456319114,0.3792244536807062,0.5481442122313136,0.25497234818412046
40,0,81,0.14275564877577643,0.3793573307697419,0.5472373145100133,0.25349829124681655
41,0,83,0.14298309791864378,0.37937273317091896,0.5466335550316229,0.2543707729598101
42,0,85,0.1430379410961349,0.37939194537285115,0.5467059587389752,0.2549110415912818
43,0,87,0.14352690240310312,0.3794845906253905,0.5467059587389752,0.2544197033177646
44,0,89,0.14357694575437072,0.37956263474231905,0.5463757781937021,0.2545187132030989
45,1,1,0.127884102780224,0.38669585360588005,0.5743840012685325,0.25670521981171207
46,1,3,0.13342416447973363,0.3869739431020989,0.5763841408644399,0.25883618430143773
47,1,5,0.13484707875231125,0.38717924083775124,0.5759590610726303,0.2588699505793553
48,1,7,0.13543101873097413,0.3872789309624514,0.5745467881771911,0.25945337431544646
49,1,9,0.13713198203946061,0.38737656678638804,0.5737595452809277,0.2597710755750895
50,1,11,0.1370486470673221,0.3874179300893587,0.5714702649218018,0.25978983026529273
51,1,13,0.13794508333765934,0.38756098786632015,0.5714702649218018,0.26049157920876653
52,1,15,0.138416908245328,0.38772503844727735,0.5719271752750564,0.2601500448698686
53,1,17,0.13835322355392804,0.3880475199539512,0.5719271752750564,0.259886917358497
54,1,19,0.13848556317114621,0.3882480060212926,0.5719271752750564,0.2596898008487153
55,1,21,0.13843354771299327,0.3884463244193404,0.5719866705392632,0.26010233293536683
56,1,23,0.1387970736680004,0.38858230592320137,0.5716896503671796,0.2604521404959847
57,1,25,0.13894058059198888,0.3887398176443176,0.5724240680487761,0.2613366105784716
58,1,27,0.13925659695195175,0.38890514134332627,0.5724240680487761,0.2615574646664095
59,1,29,0.13924995256657874,0.389155081378395,0.5733764490011571,0.2612636163010601
60,1,31,0.139588917316611,0.3893621355065065,0.5733764490011571,0.2613992609526829
61,1,33,0.13965747204289072,0.3895760396353025,0.5741029919018131,0.26111353859141223
62,1,35,0.13974297333036997,0.38970212475903765,0.5741029919018131,0.26037183732614805
63,1,37,0.1398525208155728,0.38988303719194095,0.5745484935346505,0.25992558765309787
64,1,39,0.13997545613023704,0.39009050828236635,0.5738189187695772,0.26076779013756457
65,1,41,0.1404721919414602,0.39029644268592634,0.5738189187695772,0.2616242040751856
66,1,43,0.1405426231339164,0.3904842027311017,0.5742155348258867,0.2618737310353279
67,1,45,0.1407421289961383,0.390650223933287,0.5744993631115233,0.2616836870394322
68,1,47,0.14084166537933698,0.39077291111176615,0.5744993631115233,0.2610135953772102
69,1,49,0.1412346321023141,0.3909292405117869,0.5744993631115233,0.26178362052598514
70,1,51,0.14132316993439814,0.3910810847614075,0.5737603946381018,0.2622481720164878
71,1,53,0.14166980860978712,0.3912960517913557,0.5735777049604653,0.26323435314631943
72,1,55,0.14221230334014348,0.39149687324405985,0.5735777049604653,0.2622448494489903
73,1,57,0.14258180998626907,0.3915899560079429,0.573653002935103,0.26216753466118087
74,1,59,0.1427734665884241,0.3917197753935495,0.573653002935103,0.2619190692470319
75,1,61,0.14295525485217872,0.39186531440248606,0.573653002935103,0.2621098456272801
76,1,63,0.1427426031085112,0.3919004554020629,0.5729075823969986,0.2618527445664351
77,1,65,0.14279621963719022,0.3919792173075395,0.5722785216960775,0.2621024948337554
78,1,67,0.14277183665744025,0.3920550430196159,0.5722785216960775,0.2627041913151414
79,1,69,0.14277342740553117,0.3921545147040046,0.5722785216960775,0.2623100198869042
80,1,71,0.14323508862946777,0.392234916531062,0.5722785216960775,0.2630104928232205
81,1,73,0.1432426724609632,0.39232940248863046,0.5725173451431242,0.2630192046770278
82,1,75,0.14353794753475832,0.39232772712393665,0.5725173451431242,0.2632228812980347
83,1,77,0.14347264525113787,0.392334224258327,0.5718693627512216,0.26306342634414265
84,1,79,0.14327183885721326,0.392363433641593,0.571180262885231,0.26278809555634297
85,1,81,0.14324428622880253,0.39252243968829503,0.571180262885231,0.262176471189143
86,1,83,0.14321295529204114,0.3924891997020235,0.5704295806256875,0.26149404505763635
87,1,85,0.1433615087491326,0.392523485486052,0.5707673593577199,0.2613822462039711
88,1,87,0.1435519640207612,0.39267379785111134,0.57135200714215,0.2618172956677288
89,1,89,0.14382807858452326,0.39275901461970725,0.5721423195978778,0.2629536276256272
90,2,1,0.12749435496457615,0.38523297393772954,0.5644794507579282,0.27164641952839175
91,2,3,0.13329633400744453,0.3854869000457203,0.5664133790037083,0.27270424168956414
92,2,5,0.1347396166235267,0.38568408090007517,0.5650689586718268,0.2742058205727274
93,2,7,0.13550794562849636,0.3859870045160903,0.5669659499963757,0.27436601373142927
94,2,9,0.13586346678001288,0.38611380330336076,0.5676695836632185,0.2743424760375335
95,2,11,0.13608397551035462,0.38618414104413706,0.568421426135581,0.2741072531594417
96,2,13,0.1365497027216555,0.3862183404240043,0.568421426135581,0.27500958452610225
97,2,15,0.13696451602551135,0.3863575246886012,0.5662878446439904,0.2752179177843673
98,2,17,0.13706008398494676,0.38650757360271043,0.5662878446439904,0.27525733744364483
99,2,19,0.13713829377893233,0.38661210008299235,0.5654204291956209,0.2752198197232628
100,2,21,0.1369446189081177,0.38669791166197376,0.5655298984332123,0.27425187436112325
101,2,23,0.13668388092461187,0.38678996973166413,0.5663962409604429,0.2738428934905947
102,2,25,0.13658549508482712,0.38699206462461083,0.5663404720681411,0.2740291614889808
103,2,27,0.1366477413517716,0.38704482812074614,0.5653547129482281,0.2737805540509803
104,2,29,0.13659544263935955,0.3871500494860159,0.5667294257696056,0.2740240548118166
105,2,31,0.13653518240947907,0.3873067671214881,0.5667294257696056,0.2740058625552956
106,2,33,0.13652736413815003,0.3875598354160874,0.5674344684976929,0.27413478339637126
107,2,35,0.1369779085364312,0.38777656299614055,0.5674344684976929,0.2745022001891235
108,2,37,0.1375030885713557,0.3879290313891381,0.5674344684976929,0.27430290480827785
109,2,39,0.13745145497513753,0.3880190441088384,0.5674344684976929,0.2741253803588731
110,2,41,0.13769474864055004,0.38806171645397136,0.5660198968038979,0.2742114967516147
111,2,43,0.13795364357764758,0.38818245885871433,0.5647594965579756,0.2742645970562914
112,2,45,0.1381908635571023,0.388225282702891,0.564284378336498,0.2740500888984199
113,2,47,0.1386626697127236,0.38833358981505045,0.5646904731564992,0.27448665851556825
114,2,49,0.13848452136936185,0.388431502221487,0.5646904731564992,0.27390999062208177
115,2,51,0.13850628032380882,0.38858676524503716,0.5640817503486371,0.27404427896283295
116,2,53,0.13848290943294164,0.3886996848417068,0.5640817503486371,0.27398725015456543
117,2,55,0.13893674737573716,0.3888555660480478,0.5628326952026976,0.27359154490304477
118,2,57,0.13908284429241802,0.3889558098477951,0.562205857684326,0.27383468931702115
119,2,59,0.1393046497559626,0.3890667685157741,0.5604729385803565,0.2738328162880557
120,2,61,0.13968615649438565,0.3891830093097826,0.5598765784166202,0.274589543304746
121,2,63,0.13952765275908272,0.38927209546601305,0.5598765784166202,0.2748035459659762
122,2,65,0.13939858092701093,0.3894900809390771,0.5598765784166202,0.2751486679196638
123,2,67,0.13975091816690685,0.38963435245825556,0.558129474960983,0.2759194535431707
124,2,69,0.13971555047569975,0.3896870682500605,0.5574819686554375,0.2755892223974852
125,2,71,0.14006450287583444,0.389879985831686,0.5562348954620245,0.2757703587316378
126,2,73,0.14036738966805434,0.3900660651813753,0.5554608395250471,0.2758470012295181
127,2,75,0.14044871997302757,0.3902126762888701,0.5556805479586522,0.27581040186503913
128,2,77,0.1404533008748716,0.39029361059846485,0.5556805479586522,0.2758883841446983
129,2,79,0.14089866009503144,0.39032616977417334,0.5562504109548375,0.2762425410824771
130,2,81,0.1410103290191,0.3905643940858953,0.5557412888112695,0.2763879318351107
131,2,83,0.140744410974693,0.390757981419838,0.5557412888112695,0.2758036418929966
132,2,85,0.14076456232354825,0.3909577259966826,0.5556824574704357,0.2760155861039425
133,2,87,0.14074557469815774,0.39115161284546546,0.5537451273996165,0.27625079769463146
134,2,89,0.14094113055744387,0.39134695125462865,0.5538564298339865,0.2757062298640848
135,3,1,0.12795409528129784,0.3892474730530943,0.5806199731733045,0.25966406340017795
136,3,3,0.1337842233379018,0.38947503557835994,0.5791979641391324,0.26125799968939667
137,3,5,0.13531831440475178,0.38975219399297323,0.5812986077888672,0.2615039492820694
138,3,7,0.13636073829777662,0.3899627106733031,0.5834994183861301,0.2616267226218065
139,3,9,0.1370875717497326,0.3900638012322379,0.5836667415700004,0.26104833526785726
140,3,11,0.1378340201634589,0.3901974243379523,0.5829478985717962,0.2616823717970273
141,3,13,0.1381701922828375,0.39034679123192406,0.5817985224657469,0.2618312399965466
142,3,15,0.13828591424492365,0.39052564542152945,0.5817985224657469,0.261960952921393
143,3,17,0.13870367088139562,0.39066070491974303,0.5810139664391586,0.2614519502080735
144,3,19,0.13915033968765048,0.3908529810421481,0.5810139664391586,0.2616974609257349
145,3,21,0.13930818281402887,0.39091610694852713,0.5810139664391586,0.26211750564118186
146,3,23,0.13941861768258934,0.39108107471409104,0.5812942711150493,0.26240055409545576
147,3,25,0.1395601374425779,0.39119128907097445,0.5808098394445853,0.26235114725736974
148,3,27,0.13971384820979627,0.39131709527332265,0.5800801705186673,0.2618910459702843
149,3,29,0.13956243466601223,0.3915304019120767,0.5802468133295715,0.26187803267467485
150,3,31,0.1395469403688549,0.39169226771264015,0.5805289858334169,0.26217462441044403
151,3,33,0.13972193425525314,0.391881454252884,0.5805289858334169,0.26267990433520333
152,3,35,0.14021079355348848,0.3920430385761354,0.5805656490386651,0.26287775420983145
153,3,37,0.14035410493848885,0.3921636850309457,0.5806265958868432,0.2632373949330735
154,3,39,0.14031053962294462,0.3923205484798919,0.5807949400417306,0.2627566305608584
155,3,41,0.14042548199139585,0.3924136767627814,0.5807949400417306,0.262940101827025
156,3,43,0.14028836946987364,0.39258004491789883,0.5807949400417306,0.2630145923110873
157,3,45,0.14028928245356057,0.3926765504295046,0.5808992744967834,0.2626063656242576
158,3,47,0.14055463328189918,0.39280464684090166,0.5807524523027213,0.26216995535973336
159,3,49,0.14083513851449037,0.39295267130041783,0.5810184244222528,0.2621248332441087
160,3,51,0.14144821811395833,0.3931302221958507,0.5805272409314793,0.2624529539630686
161,3,53,0.14168826700248677,0.39327669971863694,0.5805272409314793,0.26206950987235866
162,3,55,0.14225541263604363,0.39336978570416264,0.5789286833555869,0.26353510261398455
163,3,57,0.14222054679175536,0.39349647988278014,0.5785173284945717,0.2638952871240975
164,3,59,0.14231800782782356,0.3936321850860001,0.5771790354401161,0.2643564314574192
165,3,61,0.14273576774227562,0.3937524397090874,0.5771790354401161,0.26507250185486864
166,3,63,0.14307345559616216,0.39390780194519615,0.5771428951592663,0.26553779869935557
167,3,65,0.14276285106324804,0.39402392297818395,0.5771428951592663,0.2661699384934683
168,3,67,0.1431809635075616,0.3941439000613686,0.5771428951592663,0.2663750949597642
169,3,69,0.14304002057352624,0.3942675865037772,0.5771428951592663,0.2659996459467214
170,3,71,0.14360009278085478,0.39435057239523225,0.577314139247968,0.2662373157247227
171,3,73,0.1437893006036837,0.39441061177291636,0.5764883132021633,0.26635803739296954
172,3,75,0.14415087814628522,0.39437804132776844,0.5764883132021633,0.2676454721797115
173,3,77,0.1439905215575868,0.39450686554715514,0.5764883132021633,0.2671386582637942
174,3,79,0.1438306355882728,0.39459996183953383,0.5767728518451017,0.26692969588031257
175,3,81,0.14450819440461068,0.3947488674975882,0.5767728518451017,0.26575718587984787
176,3,83,0.14485548060874878,0.39501138417228654,0.57600037245539,0.26599634209432393
177,3,85,0.14519987359659542,0.3950966623267426,0.57600037245539,0.2665444042633619
178,3,87,0.14523994169868798,0.39523328308857486,0.5763737595997133,0.26706055631215114
179,3,89,0.14489192835675382,0.3953941510112436,0.5763737595997133,0.26739926404571607
180,4,1,0.1282747712429982,0.39001501396561833,0.5968102372713219,0.2657448132032167
181,4,3,0.13364962427996363,0.3901680355936504,0.5997820039635596,0.26686249589995426
182,4,5,0.1355643814485519,0.3902450156201978,0.5985338745055323,0.26758628135227674
183,4,7,0.13674666919284165,0.39035948840876195,0.5978266655745443,0.26833654240636473
184,4,9,0.13730264291111713,0.3905049582212844,0.5978599839830449,0.2683381628714584
185,4,11,0.1370409829803419,0.39065501888928056,0.5972294243707533,0.2693707221976059
186,4,13,0.1379226209065983,0.39091043531933545,0.5972294243707533,0.2696154906533984
187,4,15,0.13802788224501175,0.39110320802127446,0.5979412245340681,0.26997457919764095
188,4,17,0.1383377699538748,0.39134972530932893,0.5979412245340681,0.26941823270767096
189,4,19,0.13882983583934286,0.39150040383461926,0.5972294243707533,0.2689473332081784
190,4,21,0.13893838344751935,0.3917166589428503,0.5972294243707533,0.26851030418296845
191,4,23,0.13917186896660402,0.39182456091606416,0.5975310308720163,0.26893643481336177
192,4,25,0.13902057869982481,0.3919936368131426,0.5975310308720163,0.2688003399735626
193,4,27,0.1390429852782746,0.3921120587876456,0.5972294243707533,0.26880697398810965
194,4,29,0.13966106569786974,0.3922885287674007,0.5972294243707533,0.2689008570439232
195,4,31,0.13925932865405605,0.39253453793711784,0.5972294243707533,0.2696422495101261
196,4,33,0.13942328633854492,0.39268177086894523,0.5972294243707533,0.2695203566661555
197,4,35,0.13939664318033698,0.39284049682166017,0.5965129871710458,0.2696697170305305
198,4,37,0.13966356306049285,0.3929778010221563,0.5966121422841786,0.2702489498904774
199,4,39,0.13973284356269794,0.39304820052216954,0.5968985247576973,0.2705450127776627
200,4,41,0.13992132370020963,0.3931741646737165,0.5969845963624293,0.2699435175326029
201,4,43,0.14004276137140753,0.3933754183685175,0.5984806232892674,0.26971775743878157
202,4,45,0.1401128249109708,0.3935714291320725,0.5982972865155957,0.26954408150022124
203,4,47,0.14030243632355371,0.39377205722313086,0.5967925115038065,0.27053581145659117
204,4,49,0.14038948559670256,0.39397103594912763,0.5975165212694252,0.27048699829742184
205,4,51,0.14074737370935916,0.3942214644584784,0.5977062921117505,0.27030020085933326
206,4,53,0.14073627362160626,0.3943472528847648,0.5977380192223122,0.2708038662523051
207,4,55,0.14138290655922112,0.3945781012495809,0.5970110891479619,0.271242322302167
208,4,57,0.1415446030582242,0.39471573454996267,0.5969500368647032,0.2712138486922405
209,4,59,0.1417056616575519,0.39483915409847586,0.597110112481353,0.27140757937600435
210,4,61,0.1417055695223546,0.39495417440502634,0.597110112481353,0.2711571754650549
211,4,63,0.14174393041902897,0.3950219521789661,0.5962874414681065,0.2719469216177234
212,4,65,0.14197225171116407,0.3951106641137261,0.5958639683867233,0.2716829737400882
213,4,67,0.1423149377864297,0.39519756066687434,0.5958639683867233,0.2716328012878576
214,4,69,0.1425337126079651,0.39524343154316693,0.595119334724908,0.2714587833570653
215,4,71,0.14292722455458265,0.39520972205851873,0.5943764522792991,0.2714150827436738
216,4,73,0.1425996490791685,0.3952837246745971,0.5943764522792991,0.2710074086161239
217,4,75,0.1430109190430909,0.3953267573648232,0.5931741686866474,0.27143989134449165
218,4,77,0.14314119637842396,0.39544062101089306,0.5931741686866474,0.27138679694648676
219,4,79,0.1437184762608282,0.3956209986463791,0.5927385565619145,0.2719481613054138
220,4,81,0.14396901269923676,0.39573514915121305,0.5930425835009644,0.2714945827713984
221,4,83,0.14436401303725435,0.395885444038545,0.5922134447653364,0.2722931424046352
222,4,85,0.1446401333494593,0.3960392307100147,0.5914395470649302,0.2730595480472635
223,4,87,0.14502665970157272,0.3961558538476874,0.5898755380295359,0.272211465265586
224,4,89,0.14452028568982178,0.39626652177649174,0.589085309001093,0.27293134550832787
225,5,1,0.1282767965655172,0.3922435719888024,0.5759259077580732,0.26410466117672204
226,5,3,0.13318730368496987,0.3922572841658451,0.5740896789230813,0.2642515576386032
227,5,5,0.13477360309034644,0.3924541419602406,0.5761134524135542,0.26379834991119766
228,5,7,0.1356675645441444,0.39258867728907637,0.5757501359730267,0.26632190181434146
229,5,9,0.1363450015765589,0.39269922668296514,0.5761528578475249,0.26613532953085917
230,5,11,0.13681618311623714,0.3929372337956288,0.5756147950505586,0.2663894365025376
231,5,13,0.1372180768641712,0.3931213131709838,0.5756147950505586,0.26630372927867235
232,5,15,0.13734293283675886,0.39331745097045445,0.5756147950505586,0.2665736401245117
233,5,17,0.13736168444143754,0.3934129853891246,0.5755561520612039,0.2663864374747999
234,5,19,0.13734629089705888,0.39364138198936444,0.5759139663042856,0.2671293494867117
235,5,21,0.1377836103601493,0.39372467313097104,0.5759139663042856,0.26766247041742375
236,5,23,0.1380677053200299,0.39383707825315223,0.5759139663042856,0.2679036640577564
237,5,25,0.13803868498071756,0.393856446627638,0.5759725650532725,0.2682187764843538
238,5,27,0.13844689273605595,0.39402745190654703,0.5759725650532725,0.26871318073507383
239,5,29,0.13854673401395576,0.3941703076780949,0.5752508470047608,0.2689662357154123
240,5,31,0.13901327890753648,0.39433791618488057,0.5752508470047608,0.2696164343160063
241,5,33,0.1390639301148031,0.3944566976358198,0.5752508470047608,0.26931060815489877
242,5,35,0.13973761143106406,0.3946310538870385,0.5751922393211549,0.26938076388786164
243,5,37,0.13989869363287358,0.3948028082569036,0.5744499525002895,0.2686714442667185
244,5,39,0.13979673203522078,0.3949615258238105,0.5734719366684278,0.2690217793802141
245,5,41,0.1398678806173621,0.3951454090112345,0.5735305443520335,0.26898670645256567
246,5,43,0.1399818938103481,0.3952717719730742,0.5728537592548051,0.2696546034556902
247,5,45,0.14037883099140677,0.39547252752425843,0.5728537592548051,0.26997216510717903
248,5,47,0.14028670779876828,0.395671114831027,0.57313421400856,0.26924734727459887
249,5,49,0.14069334672393158,0.3958185178667593,0.5736009188945707,0.2694100167310446
250,5,51,0.14102491508513917,0.39592899087358135,0.5736009188945707,0.26956872065702897
251,5,53,0.14136695290444912,0.3960180765945972,0.5737771417304762,0.26935316048995656
252,5,55,0.1415748607433174,0.39608393837411005,0.5734204942563232,0.2688620546745832
253,5,57,0.1418869513309121,0.39604807034170586,0.5731876964118306,0.2692679344862646
254,5,59,0.14203703175978702,0.39618118288139587,0.5723904096282073,0.26922070978462936
255,5,61,0.14179327825680615,0.396287820931455,0.5705968965706398,0.2697512188679044
256,5,63,0.14178522926242704,0.3964452086173404,0.5708249224182252,0.2694903688611009
257,5,65,0.14191656025039173,0.3964072698733792,0.5724965792231963,0.2693395844615682
258,5,67,0.14196037242090878,0.3965960007773419,0.570724303243262,0.2693356918696031
259,5,69,0.14199553741206936,0.3968258199255684,0.5707973524777816,0.26879118554148
260,5,71,0.14208678252802323,0.3969644776970503,0.5707973524777816,0.2688475491559065
261,5,73,0.14210230987800074,0.39709074036026293,0.5699655289567074,0.26908816406030367
262,5,75,0.14246906157325617,0.3973453972807867,0.5702519315717366,0.2698219569523615
263,5,77,0.1426003263322927,0.39733891482221423,0.5687437851830958,0.2695906021404034
264,5,79,0.1424488279052905,0.3974766123325387,0.5679497450426493,0.27047790514339515
265,5,81,0.1428780638188512,0.3978231563141352,0.5682343780446527,0.2719868842959909
266,5,83,0.14377219172115696,0.3979655872664142,0.5678413948705179,0.2701985436641237
267,5,85,0.14395688455259953,0.39805739855768935,0.5670304324823828,0.2707676583601889
268,5,87,0.1446930479965752,0.39824027966761016,0.5670304324823828,0.2707215512190443
269,5,89,0.14478488575508686,0.39820822720138427,0.5652206672351595,0.2712044564214559
270,6,1,0.12713370670184582,0.385981019503736,0.5802945655703889,0.2562758378478362
271,6,3,0.13241909996930853,0.38607116397360636,0.5810053230296556,0.25774537403942227
272,6,5,0.13368963069399922,0.3863129024458621,0.5827337699151827,0.25760247697342564
273,6,7,0.13497618647060794,0.3865004088383131,0.5825580545185866,0.25806605268683436
274,6,9,0.13564235804619146,0.38664662618978596,0.5832905129906052,0.25864202502856787
275,6,11,0.13651646636318268,0.3869339240765907,0.5832905129906052,0.25849354010351794
276,6,13,0.13695957963199892,0.3871062026474988,0.5832905129906052,0.2584025949328695
277,6,15,0.13702290406153686,0.38739399737121316,0.5844589453989367,0.25787424591958424
278,6,17,0.13719809061535904,0.38755950820732415,0.5845506686863455,0.25721665595554005
279,6,19,0.13765978064901455,0.38776402812843436,0.5840602574003934,0.25820158203821764
280,6,21,0.13803294302392563,0.3879796746349186,0.5833629878467068,0.25889853804929797
281,6,23,0.13840032399776625,0.3881282466178977,0.5830675955238906,0.2590495578563992
282,6,25,0.13854875341440015,0.3883694867648994,0.5837635319984401,0.25918988700570444
283,6,27,0.1389321331509262,0.3885112164544596,0.5837635319984401,0.25986868609791725
284,6,29,0.13910499919489677,0.3886299107786724,0.5846073516002431,0.25971116459063065
285,6,31,0.13930087029335184,0.3887530875223072,0.5851568929766565,0.2592099227331313
286,6,33,0.13928412487703287,0.38896093893250017,0.5846453425347343,0.2589538783831969
287,6,35,0.13928098405864547,0.3891388462469072,0.5838782701062445,0.2591218053849299
288,6,37,0.1394931982514207,0.38923717717892226,0.5831665146004489,0.25926812003800015
289,6,39,0.13937817613168646,0.38928343531555687,0.5831665146004489,0.25858411240381113
290,6,41,0.1392909743588078,0.3894206670134555,0.5823903410289073,0.2585783231663614
291,6,43,0.13960814580448422,0.3894959786695014,0.5823903410289073,0.2581361808492212
292,6,45,0.13944635675086747,0.38957838118966615,0.5813654618024103,0.2582081200776806
293,6,47,0.13958498088156,0.389730976639511,0.5803924592738007,0.259092453079159
294,6,49,0.13957267285937158,0.3898644041204547,0.5805756616485461,0.25943683511958104
295,6,51,0.1396678416029425,0.3900585038354453,0.5805756616485461,0.259465720933264
296,6,53,0.13966925293199814,0.39021181838691393,0.5801407983203684,0.25908522762011527
297,6,55,0.1398390521458275,0.3903503353167544,0.5801407983203684,0.2593369907538455
298,6,57,0.1399093687761959,0.39049682836285005,0.5796471476531471,0.25959463279192035
299,6,59,0.14002493761845072,0.3906593714024333,0.5796471476531471,0.25971160272561616
300,6,61,0.1401669359479562,0.3908016308344999,0.578749715708847,0.259767261859353
301,6,63,0.1400883427574398,0.3908439658189122,0.5779996907106401,0.2600203733515432
302,6,65,0.14029421243548978,0.39096045318648764,0.5771310246964403,0.2601984437234254
303,6,67,0.14059701409766687,0.39104740212992156,0.5771310246964403,0.2603018335314216
304,6,69,0.14100035829487972,0.39116515941568236,0.5771904109452732,0.2608233744033472
305,6,71,0.14139700524256743,0.3912982973650828,0.5776914268210526,0.26223698078313057
306,6,73,0.1417101012339621,0.39150427261742626,0.5777860449988191,0.262876161410874
307,6,75,0.14183927940725913,0.39153146355272844,0.5746340761808272,0.2630661554422002
308,6,77,0.14209993264674375,0.3917168045061406,0.5746340761808272,0.26320353843718436
309,6,79,0.1420553225779427,0.39184154724236203,0.5749305332361171,0.2635724645407321
310,6,81,0.14247646397004074,0.3919873849104132,0.575224322749584,0.2640032325366805
311,6,83,0.14203338449006234,0.39206067888235924,0.5752294150594285,0.2643936986084844
312,6,85,0.1420376481165955,0.3921574537199695,0.575224322749584,0.26552101148789475
313,6,87,0.14229482617171105,0.39225175410976354,0.5740607756693458,0.2654865761769303
314,6,89,0.1427344402167899,0.3922048897015447,0.576022985096942,0.2648033706798813
315,7,1,0.1264783752684485,0.38713309406121965,0.576076986174993,0.25749738369614905
316,7,3,0.1314016465849697,0.387281917834912,0.5757309311658025,0.2590150795833144
317,7,5,0.13301905116149684,0.3874277583394323,0.5761986939073304,0.25973667394801775
318,7,7,0.13399695952820476,0.3876105169954992,0.5752597451682754,0.2603584223333016
319,7,9,0.1343743032535822,0.38770417788275596,0.5753212445037966,0.2605608964706026
320,7,11,0.13518483693472907,0.38787372854197383,0.5754932833258256,0.26115337243176084
321,7,13,0.13570160528247746,0.3879969641180579,0.5754932833258256,0.2616666625744658
322,7,15,0.13677503291153043,0.38814795827478354,0.5754932833258256,0.26116580461849753
323,7,17,0.13718864897372765,0.388308842168316,0.5754932833258256,0.261543866285173
324,7,19,0.13716903303163247,0.3884406213865805,0.5754932833258256,0.26117170188113137
325,7,21,0.13707118407012261,0.38857058123064,0.5743400386330905,0.26077702747381765
326,7,23,0.13752067593215828,0.38865393040990276,0.5744540385163539,0.2610088376068275
327,7,25,0.13756324052545274,0.3887889645572364,0.5744540385163539,0.2601906612039739
328,7,27,0.1374562534234711,0.3889691225388355,0.5744540385163539,0.2602721844693438
329,7,29,0.13780161608161243,0.3891004833718421,0.575144433715188,0.2606326787606414
330,7,31,0.1379151054486151,0.38927544371277845,0.5770272613202722,0.26025627161518766
331,7,33,0.13829521905821449,0.3894021962244417,0.5769131991415261,0.2610876284343532
332,7,35,0.13859295159312573,0.3894114128635185,0.5772105631525797,0.2614114453107245
333,7,37,0.1387196146648545,0.3894951364185319,0.5766575266091746,0.26122461899170996
334,7,39,0.13877104505932716,0.38963723565855296,0.5766575266091746,0.2612877643356403
335,7,41,0.13903361831621788,0.3897482438568157,0.5766575266091746,0.2612297777159751
336,7,43,0.13901549912194416,0.38982031161994807,0.5766575266091746,0.2617932974693878
337,7,45,0.13874539160912042,0.3899298890812154,0.5768574764720199,0.261669900464681
338,7,47,0.13860931548447383,0.3900736836971429,0.577344039071263,0.261477762252983
339,7,49,0.13886539496641762,0.3902870262281473,0.5767433035333974,0.2616367877989402
340,7,51,0.1388796939753845,0.39035747290442036,0.5740353705096768,0.26176342696128335
341,7,53,0.13895068963663015,0.39041938745297167,0.5732244287071839,0.2622435930842249
342,7,55,0.13919574154962647,0.39059675493159896,0.5732244287071839,0.2622586839098285
343,7,57,0.13927102159627425,0.39084994962579733,0.573299448004721,0.262563291988721
344,7,59,0.13972797754937907,0.39106715027649164,0.5734022944964411,0.26204262026618724
345,7,61,0.13977449169226347,0.39119374874642304,0.5734812842418647,0.26252872037767655
346,7,63,0.13968870994979565,0.39124877697539473,0.5728960234523435,0.2630057758529195
347,7,65,0.1400350338539655,0.39142486478849337,0.5741943588752184,0.26298975700171284
348,7,67,0.14039950114370073,0.3914887325597053,0.5735485825396588,0.263486026195977
349,7,69,0.14099653525858732,0.39158882879066315,0.5726451033734252,0.26322476304016645
350,7,71,0.14169437782285452,0.39158895387761217,0.5726451033734252,0.2632363368324256
351,7,73,0.1422809885496391,0.3917176093747767,0.5726451033734252,0.26344085815507856
352,7,75,0.14220479525589863,0.3917860623224989,0.5729473829507342,0.2633434591111416
353,7,77,0.14222417496574502,0.3919674223127262,0.5730605295006347,0.26294060432499705
354,7,79,0.14249278835964652,0.39207936240040847,0.5735660873753481,0.26335636211982577
355,7,81,0.14253181009346905,0.39202536498455565,0.5725243396168992,0.26335889392835005
356,7,83,0.14302028634136335,0.3921631862511286,0.5716621465573509,0.2640653539681411
357,7,85,0.14359179520851453,0.39228972778267596,0.5717755669434423,0.2644314789046914
358,7,87,0.14369335792929938,0.39249680974269274,0.5730881058415722,0.26494785433199197
359,7,89,0.14411858921416904,0.3926119925770938,0.5733945842219842,0.26516027599507835
360,8,1,0.12681360450506882,0.38864831993252796,0.5756508423543326,0.25396143891021616
361,8,3,0.13254492659964726,0.388977303444237,0.5777037815279176,0.2569577564187832
362,8,5,0.13400841591111387,0.3892743448780442,0.5780512022656366,0.25771709318575525
363,8,7,0.13509306548232466,0.389372630652434,0.5777716380835614,0.2579463018978113
364,8,9,0.13566936999880239,0.389432584951897,0.5780090375630438,0.25834987184882574
365,8,11,0.1361405390979687,0.38961841231056266,0.5787784590474457,0.2586223803849908
366,8,13,0.13634413244985225,0.38973494778275286,0.5785484609521251,0.2579025259994364
367,8,15,0.13648253379884737,0.3898655872629571,0.5785484609521251,0.25823131331294147
368,8,17,0.13679661446870742,0.38998122859452117,0.5785484609521251,0.25810734045032874
369,8,19,0.13708174907699666,0.39005200436484805,0.5785484609521251,0.2577778661371875
370,8,21,0.13743082816510013,0.3901582540696534,0.5785484609521251,0.25816627825556704
371,8,23,0.13748179453181528,0.3903569120945762,0.5785484609521251,0.2585906567213653
372,8,25,0.13773374305776673,0.3905201887935756,0.5785484609521251,0.25894763058393144
373,8,27,0.13749938644283796,0.39081341598914954,0.5775677116618283,0.25881818326179173
374,8,29,0.13763569898219022,0.3909399135663368,0.5778489370520589,0.2590788897860074
375,8,31,0.13815737480620394,0.3910998684260921,0.5780179515781505,0.25896071049611485
376,8,33,0.1381157638404677,0.39132537767938774,0.5772630968877532,0.2589338661684468
377,8,35,0.13831867474802245,0.39148415509498,0.5762744143429673,0.25891658474276175
378,8,37,0.13845682656821365,0.3916565112206865,0.5765577651634356,0.25897425196386087
379,8,39,0.13858862144406778,0.39190459509960485,0.5765577651634356,0.25925441073190186
380,8,41,0.13883095138120377,0.3921066661860214,0.5769023148615605,0.25878743416763217
381,8,43,0.13875478680493658,0.39223736011178584,0.5769023148615605,0.25884837190314747
382,8,45,0.13876656304161916,0.3923625808655879,0.5769023148615605,0.25889483787673623
383,8,47,0.13905605536377133,0.39248550555531636,0.5769023148615605,0.25939099022495044
384,8,49,0.13907699638289817,0.3926802922618623,0.5769023148615605,0.25974206930205107
385,8,51,0.1391261864897591,0.39265827241963464,0.5761121642094548,0.2601470835878806
386,8,53,0.13924443411723328,0.39278981708646005,0.5761121642094548,0.25982789860996863
387,8,55,0.1393151356151826,0.39289742981466075,0.57659980547244,0.259532160537621
388,8,57,0.13936028850468027,0.39301170339836383,0.5758018795739036,0.25913336685384786
389,8,59,0.1394781672677345,0.39316058070140175,0.5749992130092298,0.2592770553664157
390,8,61,0.1395702095677287,0.3933003941477518,0.575462808155495,0.2595766141208206
391,8,63,0.14003525764157984,0.3934244239372601,0.575462808155495,0.25980768918214053
392,8,65,0.1402147986034882,0.39347841993202215,0.5743703755513095,0.2595607139143018
393,8,67,0.14022084547800698,0.39361037751452893,0.5747754144311665,0.2599831813445916
394,8,69,0.1403691235524653,0.3937239601321641,0.5747754144311665,0.26035426764044284
395,8,71,0.14073739230907129,0.3938327609061785,0.5732077511076918,0.26087715101100595
396,8,73,0.14069914770973144,0.3938748916701519,0.5729097229843407,0.2607998625796964
397,8,75,0.14111853776961342,0.3940188797168914,0.5721460521097901,0.2605882484586758
398,8,77,0.14141091629121508,0.3941623262234996,0.5711147377876954,0.2618135130832022
399,8,79,0.14158958799280166,0.3942587962722625,0.5711147377876954,0.26153898343302096
400,8,81,0.14144519059562424,0.3943663784716584,0.5711147377876954,0.2616345885612469
401,8,83,0.14193546496038298,0.39444463075337566,0.5712274301809154,0.26180654901915
402,8,85,0.142653838587053,0.3945482499206627,0.5716442709867551,0.26036365380410487
403,8,87,0.1424233618209698,0.39458254857476216,0.5692403513925818,0.2606166684297016
404,8,89,0.14279968654944505,0.3946547634798349,0.5680386378908101,0.2602647048515326
405,9,1,0.12914458311222005,0.38670154728677847,0.5689258024275494,0.25792531948142466
406,9,3,0.13462371049203767,0.3869894964513395,0.5691966444623808,0.26079853558926375
407,9,5,0.13610518970583932,0.38708734373199893,0.5682975594783358,0.2610670203406945
408,9,7,0.13680364541973225,0.3872869726392106,0.5680092770467023,0.2619832048194495
409,9,9,0.1372875727423622,0.3874013551259295,0.5661393939416186,0.2613145178064703
410,9,11,0.13806007079012897,0.38759420588035176,0.5633838812227656,0.26193264119939863
411,9,13,0.1385579410279786,0.38773452526326524,0.5644985776025132,0.2625601768762205
412,9,15,0.13866792729848618,0.38791005847346943,0.5652963668703811,0.2630347290329692
413,9,17,0.13892949159626117,0.3879846709517893,0.5652963668703811,0.2628275611200081
414,9,19,0.1394900474760307,0.3882003873675316,0.5659089928052474,0.2627599405633581
415,9,21,0.1394139157632472,0.3883328608122366,0.5654443893907762,0.2633325731572577
416,9,23,0.13977920710235023,0.3885202686696839,0.5652107666014892,0.2630556569675501
417,9,25,0.13991451010814032,0.38870820554443525,0.5656240545334963,0.26327105933091843
418,9,27,0.13984550146098765,0.38890684373500317,0.5656240545334963,0.2639600603134809
419,9,29,0.139989228090803,0.38909029883457563,0.5659123573182134,0.26341435571652044
420,9,31,0.1401417306168369,0.38913448304347914,0.5659123573182134,0.26370817369863514
421,9,33,0.14011627025666942,0.38925442831393425,0.5659123573182134,0.26410213222689255
422,9,35,0.14040785115995952,0.3893437382006729,0.564772737012792,0.26404604422448386
423,9,37,0.14070741022911615,0.3894332568767431,0.5652078226761637,0.264320160688464
424,9,39,0.14089495031626326,0.3895124818810722,0.5652078226761637,0.26407393076181745
425,9,41,0.14137206947839126,0.38962454488739084,0.5653824068372911,0.2631803055175111
426,9,43,0.1412533830470068,0.3896841953704334,0.5666689852127489,0.26251102133623255
427,9,45,0.1413458617086187,0.3897700228496446,0.5654671266071906,0.2625586098774449
428,9,47,0.14115672420495193,0.38981039696523195,0.5667556217311761,0.26301557892166977
429,9,49,0.14109890912210563,0.3899966432580196,0.5664634397858641,0.2625966940923397
430,9,51,0.14116379207781143,0.3900224900184531,0.5668488837712503,0.262127993869632
431,9,53,0.14130408114157272,0.3902000227909426,0.5670210561924008,0.26271807431342914
432,9,55,0.14145356546700372,0.39042515300115793,0.5670210561924008,0.26327455884286727
433,9,57,0.14188723619948668,0.3905593510401322,0.5674063262402969,0.2632470936577614
434,9,59,0.14220329851527713,0.3906519841279254,0.5674063262402969,0.2641378091206178
435,9,61,0.14217185541947935,0.39081967893948727,0.5674063262402969,0.2634747920112556
436,9,63,0.14233151409353284,0.39089786557909445,0.5677958130554032,0.26424129958035036
437,9,65,0.14268963925703979,0.39097505283215744,0.5677958130554032,0.263906612095354
438,9,67,0.14320506039978512,0.39109133180628214,0.5681871938526307,0.26465863875518025
439,9,69,0.14336924490108147,0.39118641623117206,0.567651125993828,0.26488734549403575
440,9,71,0.14362580745251383,0.39127348392306976,0.5667599415079979,0.26451034148528707
441,9,73,0.1438632837475982,0.39148479682794235,0.5667599415079979,0.2645086950114565
442,9,75,0.14393516760135996,0.3916505792157426,0.5673054823339211,0.26472427429196094
443,9,77,0.14376459607049918,0.39178039235321693,0.5658267002306373,0.2646765757865499
444,9,79,0.14377488006264352,0.3918145026624153,0.5660138397195202,0.26486310237197697
445,9,81,0.14426609807468707,0.39193429483150993,0.5660138397195202,0.2649875085291676
446,9,83,0.14429658416053842,0.3921065492694998,0.5662032096419154,0.2649816895671978
447,9,85,0.14459337126738778,0.39226225908687296,0.5665075791018567,0.2655993858525017
448,9,87,0.14520042322545468,0.39232866968252766,0.5669965111333285,0.2655267222861922
449,9,89,0.1456446032248073,0.3924628583245226,0.5669965111333285,0.26602556813379913
450,10,1,0.12546545789964397,0.38528394604996014,0.5623340436079872,0.25575470555923346
451,10,3,0.1306520745540709,0.3854315282013147,0.564697258698701,0.25702908520899276
452,10,5,0.13238496951565665,0.38556424784500487,0.5635271890833325,0.25728030347811376
453,10,7,0.13349818587935272,0.3857188853346246,0.5633808986334692,0.2587484981238494
454,10,9,0.13386054842817904,0.385843201068604,0.5643496146780781,0.25825866553831817
455,10,11,0.13435062019379002,0.385872886043303,0.5620812967831484,0.25806984832601904
456,10,13,0.13499334771024948,0.3859135879695386,0.5626661991445062,0.25848843342960626
457,10,15,0.13501871198389098,0.385961664531739,0.5626661991445062,0.25888882047487216
458,10,17,0.1351061967654344,0.3861058511939296,0.5637541788146432,0.2583398309588986
459,10,19,0.13557711922712012,0.3862508803233487,0.5637541788146432,0.25879597880807365
460,10,21,0.1356358462058919,0.38635574134522255,0.5637589623356599,0.2586410181042541
461,10,23,0.13584367084014318,0.38648830018757047,0.5639897309361782,0.25837897026841133
462,10,25,0.13577301193644017,0.3864646103716494,0.5639325347204341,0.25790483783348517
463,10,27,0.13610472910380658,0.3866468909968472,0.5647321882249756,0.2584628768001275
464,10,29,0.13658385104478352,0.38671621342392193,0.5647321882249756,0.25749687385606906
465,10,31,0.13713252598788409,0.3867930168603371,0.5637017750586217,0.2578502000268464
466,10,33,0.1373189532237851,0.38676923923304185,0.5637017750586217,0.2582997913343611
467,10,35,0.13733552531835705,0.3868675907959271,0.5637017750586217,0.2575151496748488
468,10,37,0.13789653384843054,0.3869742790529816,0.561799822540627,0.2583173071836534
469,10,39,0.13788538059165564,0.3870109525860164,0.5630385746124709,0.2578780130459701
470,10,41,0.13804803487175094,0.387003282391495,0.5622655809710358,0.258071432056475
471,10,43,0.1381090832335446,0.38714019419620066,0.5622655809710358,0.2579199127631854
472,10,45,0.138189879383571,0.38716846307133146,0.5626816871198799,0.2582140928160176
473,10,47,0.13833818576313225,0.38724912620330354,0.5620882633086635,0.2582653518794538
474,10,49,0.1384613068987875,0.3873235122543882,0.5609140144907862,0.2583207773969261
475,10,51,0.13859792116492134,0.3873996980033768,0.5609140144907862,0.25824339391187534
476,10,53,0.13852786850965496,0.38748617338076075,0.5602390481674415,0.2582627713050398
477,10,55,0.1386027426296913,0.38746726300574413,0.5602390481674415,0.25809631368920644
478,10,57,0.13916135558991366,0.38755777869958535,0.5617602456563779,0.2571092078620173
479,10,59,0.1390245889849602,0.3877092831359378,0.5617602456563779,0.2575434306237983
480,10,61,0.13897081962174065,0.3878023603169086,0.5621776951259183,0.25726395596771123
481,10,63,0.13947432697343645,0.387935850567496,0.5621776951259183,0.2571554629132351
482,10,65,0.1395577297707202,0.3880002854099134,0.5621776951259183,0.2574072927447964
483,10,67,0.13957487150242356,0.3881176676639227,0.5621776951259183,0.2570237024700275
484,10,69,0.13963565218063892,0.38827242839350534,0.561304689634577,0.25695304276938474
485,10,71,0.13983090207761836,0.38835107350605774,0.5622375392861679,0.25735558872569253
486,10,73,0.14014140973049632,0.3885189704878077,0.5605372448856986,0.25725901194340384
487,10,75,0.14039533168979054,0.3885971107134349,0.5617505743187748,0.2572882181123518
488,10,77,0.14060356432308208,0.3886172598670747,0.5617505743187748,0.25725536478793715
489,10,79,0.14057879289561975,0.38868897413300096,0.5617505743187748,0.257041900030167
490,10,81,0.1406467257868945,0.3889032151981322,0.5617505743187748,0.2574948128761994
491,10,83,0.1407164023637137,0.38901966022819207,0.5608588951273988,0.2573274885208044
492,10,85,0.14087576966875695,0.3891098678147816,0.5609396715791035,0.2573918268502156
493,10,87,0.14137570767390975,0.3892529218157321,0.5611227133587782,0.2569278060449365
494,10,89,0.14192162560081104,0.3893721663400361,0.5603230934720553,0.2578179270262045
495,11,1,0.12536230815223112,0.38936621842703906,0.5699082930947388,0.2581394318760004
496,11,3,0.13078015784105093,0.3895288167135141,0.5712530360368456,0.26048091016241054
497,11,5,0.13252443392923122,0.38965053109838305,0.5711743142485627,0.2605890614748658
498,11,7,0.13333114006992422,0.3898942120961781,0.5723077131442578,0.2609364857946331
499,11,9,0.1342492668766024,0.39010762233199064,0.5724594945747074,0.26167167471430225
500,11,11,0.13427197147466483,0.39023963331011985,0.5724594945747074,0.26104750711329566
501,11,13,0.134912158987806,0.39039810965357236,0.5731857933875298,0.2614032087340741
502,11,15,0.13493219795171715,0.3905807675731439,0.5743550476422404,0.26074732509973925
503,11,17,0.1351869379261003,0.39070751721271346,0.5734247455399583,0.26103627721605915
504,11,19,0.13532032496276766,0.3908559814402678,0.5734247455399583,0.26137013329904984
505,11,21,0.1355175030126141,0.3909548530651558,0.5729990092558197,0.2613900025974377
506,11,23,0.13582960646407136,0.3910823990478119,0.5716474682417754,0.2620430343076863
507,11,25,0.13583371897636937,0.39118891201553757,0.5716474682417754,0.2624907752429505
508,11,27,0.13588269464161445,0.3912797667788349,0.5716474682417754,0.26228080598637316
509,11,29,0.13615073666685967,0.39146540137956565,0.5716474682417754,0.2622906244418297
510,11,31,0.1361700901440025,0.3916039085760216,0.5716474682417754,0.2619725428150995
511,11,33,0.13666292469903657,0.39180722050297234,0.571715984424081,0.26186335477243716
512,11,35,0.13709649017211026,0.39201074529274377,0.571727928562601,0.26198987598261747
513,11,37,0.1374459135841964,0.3921944047852225,0.571727928562601,0.2625280684022957
514,11,39,0.13756435298803577,0.39232474002048895,0.5719118990809291,0.2623374509335176
515,11,41,0.13784215160460564,0.39248540324270254,0.5711226948205271,0.2629409905916106
516,11,43,0.13831208603184283,0.39258539094446754,0.571064408313471,0.26217424723566257
517,11,45,0.13809445902124642,0.39267111435160473,0.5702706399201525,0.26183770002794154
518,11,47,0.13831183495959942,0.39283257086894086,0.5703287892311449,0.26174249811349615
519,11,49,0.13861472848447748,0.39289147425003484,0.5707926041592877,0.2616000410501778
520,11,51,0.13874055711535568,0.39305499896506485,0.5707926041592877,0.26221753790017616
521,11,53,0.13903000879878227,0.39323720866887096,0.5700505590409605,0.26234876624601994
522,11,55,0.13904069148487957,0.39337129225953305,0.5699653042127599,0.2627888788544507
523,11,57,0.1391078241442131,0.3934771944128564,0.5690495859034151,0.26259198972159475
524,11,59,0.13936967901083047,0.3936360131848328,0.5690495859034151,0.2629713754648806
525,11,61,0.13985087491623266,0.3938632088448308,0.5704022501756529,0.2635619768557044
526,11,63,0.13982504701267814,0.39401739487028314,0.5704901937895557,0.2639765712159652
527,11,65,0.13953738121103468,0.39414992778110064,0.5704022501756529,0.2641676025231096
528,11,67,0.13950746073684409,0.39431143838272054,0.5708140932408368,0.2642295155600354
529,11,69,0.1398638920319624,0.39438543164179424,0.5734135936848671,0.26437097265469606
530,11,71,0.13998948477777143,0.3945104721057053,0.5728943952823047,0.2650561411205742
531,11,73,0.14004852664324144,0.394601261222388,0.5728943952823047,0.26494896189476574
532,11,75,0.14039283185525533,0.39468552097382076,0.5709714783419755,0.2645622582780224
533,11,77,0.14053142800937976,0.3948452857964754,0.5701938136477415,0.26542323093924375
534,11,79,0.14116272528169213,0.3949821793369384,0.5701938136477415,0.2656979389427692
535,11,81,0.14120952342954976,0.39509127347065703,0.5683856058382416,0.2659659931904171
536,11,83,0.14154370059126303,0.39516334730797587,0.5683856058382416,0.26619377016351825
537,11,85,0.1420175008544435,0.39533490619947453,0.5691621374357224,0.26729684252155533
538,11,87,0.14228120891147583,0.3953851204629699,0.5691621374357224,0.2673012669258649
539,11,89,0.14289925670360523,0.39550062432030575,0.5688890304666332,0.26685978536048743
540,12,1,0.12491096663237199,0.3912327896081034,0.5845698317970424,0.25507101075099187
541,12,3,0.13024716506218398,0.3915570030361838,0.584442580811181,0.25694926301916776
542,12,5,0.13238805716177765,0.3917080158970144,0.5833489307293064,0.2564763798989032
543,12,7,0.1331042159763421,0.391917954480795,0.5834219708300327,0.25742253597924153
544,12,9,0.13361315677153476,0.3920467903350809,0.584634307383575,0.2570656762014664
545,12,11,0.13449019158640163,0.3921541534853227,0.5846949924869208,0.25756069789436953
546,12,13,0.13490284687558723,0.3922904084694273,0.5861713137985793,0.2566471009239017
547,12,15,0.13513515305013155,0.3923597601601307,0.5861713137985793,0.25741996322011396
548,12,17,0.1353081259548829,0.39243069418897714,0.5872534322435964,0.2563621034949054
549,12,19,0.135500597181185,0.39257799500602797,0.5872534322435964,0.256550755989625
550,12,21,0.13561897925995045,0.3927218002347027,0.5860506261860687,0.25681090261481787
551,12,23,0.13607800784423432,0.3928074627964785,0.5862882197009941,0.2576853940858371
552,12,25,0.13621406766165473,0.39288380510977206,0.5870185223799983,0.25786252181193126
553,12,27,0.13664505286606132,0.39300889395318767,0.5867791481645721,0.2574440718133877
554,12,29,0.13641500984704635,0.3930608892483801,0.5864279673193538,0.2584105459685852
555,12,31,0.1368305216557749,0.393236334543477,0.5873932182846046,0.2583516733841533
556,12,33,0.13712225276956086,0.3932752631233981,0.5866655527219763,0.2583961260463874
557,12,35,0.1373402347737393,0.39339114151958077,0.5874319850690403,0.25971112272657637
558,12,37,0.13745629499097758,0.3935568300057399,0.5875057588337057,0.25983018505888866
559,12,39,0.13738766144683637,0.39368154155142493,0.586941191379273,0.2600663815697178
560,12,41,0.13757978011975885,0.39383339209835955,0.586941191379273,0.2595059392647395
561,12,43,0.13741347930470688,0.393995910275797,0.5861354699770462,0.2597901738307424
562,12,45,0.137856892598533,0.39418396168594017,0.5861354699770462,0.25854697606597427
563,12,47,0.1383882498689159,0.39425410615494677,0.5861961534415585,0.25848337265832705
564,12,49,0.13852991831304143,0.3943968495686766,0.5861961534415585,0.2583888876898578
565,12,51,0.13856196852284453,0.3944342190738979,0.5859345699161107,0.25920537057759324
566,12,53,0.1387802154971654,0.39448605432741346,0.5859345699161107,0.2591629591356371
567,12,55,0.13870306008762529,0.3946374795684913,0.5850432798310402,0.25896393959405456
568,12,57,0.1391953743349479,0.3947311533477462,0.584278070463738,0.25901712210930583
569,12,59,0.13993581473327132,0.39489253938703733,0.584278070463738,0.2573944079365383
570,12,61,0.14004915250825803,0.3950201205785125,0.584278070463738,0.2571195223640773
571,12,63,0.14021829559534163,0.39510699606616884,0.5845852543131534,0.25735284178277834
572,12,65,0.14011611368429347,0.39515168894055863,0.5843608098796361,0.25733841758419873
573,12,67,0.1399600613471032,0.39523114224200107,0.5843608098796361,0.2576439346283546
574,12,69,0.1400785363950045,0.39540046344587726,0.5846112881326749,0.2574006442148701
575,12,71,0.140320829928124,0.39547312869317,0.583828568143961,0.2581150372286559
576,12,73,0.14056003505076858,0.39559403684677547,0.5835271914977641,0.25822689758727174
577,12,75,0.1415253958611496,0.39574665210406057,0.5827407440324397,0.258756404599407
578,12,77,0.14161409957253615,0.3958708929598765,0.5827407440324397,0.25896268246501947
579,12,79,0.14164215429838506,0.39591710664881546,0.5817864152690781,0.25865680705268895
580,12,81,0.1418141536826813,0.39608294982480713,0.5818375225930149,0.2579221946590536
581,12,83,0.14185819194370194,0.3961689602964621,0.5804238639829974,0.2579181378818732
582,12,85,0.1424447470070276,0.39634565813387196,0.5804238639829974,0.2590974363625325
583,12,87,0.14220165626793643,0.39638747503307264,0.5807197874176049,0.2590885868137014
584,12,89,0.1428051233980218,0.39646902996183414,0.5807197874176049,0.2591934442919344
585,13,1,0.12896250016238256,0.3848010977485408,0.5663278834891512,0.25950657950114986
586,13,3,0.1350158985587494,0.38492493457067933,0.5668577989162735,0.26067371063959627
587,13,5,0.13699701010239274,0.38509796531250756,0.56512473990284,0.26001326711944234
588,13,7,0.13803029310293752,0.38521447658113006,0.5650394862993197,0.25997681710716886
589,13,9,0.13840769503657194,0.38550659060590403,0.565276667359726,0.26017285189121836
590,13,11,0.13888439244899226,0.3856655547849764,0.5659725383685573,0.25991266861757406
591,13,13,0.13902268188883887,0.38583708755340046,0.5674300384226886,0.26007727967532335
592,13,15,0.13919191192072503,0.3859988903213936,0.5677706898688882,0.2600157509927977
593,13,17,0.13949708810618563,0.3860864951860656,0.5674750975783378,0.25989234817112755
594,13,19,0.13978206595904008,0.3861835792181285,0.5675612198247731,0.2601478962985507
595,13,21,0.14038644652909113,0.3863341181892938,0.5662275612357388,0.2598497041605845
596,13,23,0.14017470925898673,0.3865289189480476,0.5666336826154146,0.25995964993556014
597,13,25,0.14097994038646444,0.3866405178957746,0.569050086652544,0.25882153632928806
598,13,27,0.14084232821881068,0.38675964354606723,0.5687192343140344,0.2594346341593705
599,13,29,0.1412107329788184,0.38694656881844425,0.5687192343140344,0.2596125708248071
600,13,31,0.1419927533783936,0.3870755926365511,0.5689620436254194,0.25993383517991664
601,13,33,0.14214735947397444,0.38722071342267145,0.5689620436254194,0.2603302072990458
602,13,35,0.14224582366876284,0.3872900394347211,0.5689620436254194,0.26001727025955473
603,13,37,0.14268946817888067,0.3873185002918043,0.5689620436254194,0.26033473922812134
604,13,39,0.14270555895670683,0.3874929597714177,0.5686664610806184,0.26069313732629035
605,13,41,0.14309995539595252,0.38765355410490615,0.5687525833270537,0.2597533352419125
606,13,43,0.14323857479332253,0.38780217117266286,0.5688632519899007,0.2599484682161514
607,13,45,0.14307280964942043,0.3879545918259705,0.5692067826462989,0.2600495069279702
608,13,47,0.1433923346196911,0.388108264026608,0.5689620436254194,0.2599777697641398
609,13,49,0.14311622616677,0.3882230699619558,0.5683642381338739,0.26047161750554515
610,13,51,0.14294322752614821,0.3883566575140949,0.5686669366215994,0.2605416486541832
611,13,53,0.14305143755128955,0.38849763999318876,0.568422012659193,0.2613663306614987
612,13,55,0.14318252314713575,0.3885098506891886,0.568422012659193,0.26078029549553944
613,13,57,0.14345136670721823,0.38868572163825293,0.56840275468689,0.26116454836349445
614,13,59,0.14334764904770678,0.38878950031418996,0.56840275468689,0.26049416246646917
615,13,61,0.14358733940634538,0.3889921230742244,0.5694701675057486,0.26089438459611414
616,13,63,0.14383188203998906,0.38908779456628817,0.5689933123486777,0.26114208221043056
617,13,65,0.14411676467856904,0.3891310497465343,0.5688396388401367,0.2617495743707117
618,13,67,0.14441288393553048,0.38915283682105123,0.567842173620501,0.26235844445343337
619,13,69,0.1446615214811629,0.38927947283496833,0.5670274469690213,0.26240722743431805
620,13,71,0.14489396324216,0.3894412509641215,0.5675879070976682,0.2636562944721735
621,13,73,0.1445247973569475,0.38951222000062025,0.5658713468005514,0.2631593662660581
622,13,75,0.14429766401118066,0.38958088131880625,0.5659704205320695,0.26319002780292705
623,13,77,0.14443669159605996,0.38987866684676037,0.564900412942209,0.26304354294015647
624,13,79,0.14440618856995666,0.390080332248037,0.564716453667435,0.2648608909704767
625,13,81,0.14449909591582602,0.390265054716646,0.5636227910260578,0.265677962052437
626,13,83,0.1445797126615631,0.3904215231677758,0.5636227910260578,0.2650131750310163
627,13,85,0.1443740675794869,0.39046535305708663,0.5610619753260312,0.26535314281350453
628,13,87,0.14421672818278794,0.3906011278031868,0.5609713729500608,0.26545907993502554
629,13,89,0.14451684492438358,0.3906274874633161,0.5594174343023084,0.26546585023780167
630,14,1,0.12849633487349474,0.3798074501198638,0.5580819226095581,0.257360618594016
631,14,3,0.1338923898502702,0.3799588715837225,0.5561632606977069,0.2592752743964486
632,14,5,0.13575248444172694,0.38006278539378663,0.5570348663781155,0.26022041937812646
633,14,7,0.13670830552778085,0.38018786353157324,0.5570932258161598,0.2607310176174541
634,14,9,0.13718720704441772,0.38021414090182476,0.5568157987220755,0.2604059717808739
635,14,11,0.13749460639775998,0.3803551858387492,0.558313978493428,0.26025499340024866
636,14,13,0.1373833479244643,0.38041265813761077,0.558106397042097,0.2596699927073432
637,14,15,0.13795217005216712,0.3805423383121881,0.5582511305445982,0.25959195463120494
638,14,17,0.1382146167536102,0.3806912715088968,0.5583587354654331,0.25967263134950375
639,14,19,0.13843533808041614,0.3806449132198839,0.5583520730055455,0.2598869591905895
640,14,21,0.13898924567603935,0.3807797829016866,0.5579268295320665,0.2605857996705337
641,14,23,0.1390856567876474,0.3808455880728106,0.5579813503081285,0.2607100111745286
642,14,25,0.1391748486000631,0.3809127652466116,0.5579229908700841,0.2611821547236632
643,14,27,0.13984868807596587,0.3810335372450034,0.558348040076898,0.2620316266180044
644,14,29,0.1398876844302754,0.3812188249013794,0.5584062600584867,0.2626741414816906
645,14,31,0.1401220296286205,0.38136051980888014,0.5575262692541273,0.2624552360659022
646,14,33,0.1403231035839379,0.3814654930327898,0.5575809064378799,0.26234281758022837
647,14,35,0.14103882449951335,0.3814970190000203,0.5575809064378799,0.2630160531961355
648,14,37,0.14143917259479616,0.3815641150291588,0.5566931949915505,0.2632443527908185
649,14,39,0.14178557286983462,0.38161851815712616,0.5566931949915505,0.2630742237055401
650,14,41,0.1418000128619009,0.3816718566607446,0.5566931949915505,0.26339791089572223
651,14,43,0.14182156136341267,0.381613118641329,0.5569004460809625,0.2635877926045937
652,14,45,0.14238386414966492,0.3816322389379815,0.5560048682121753,0.261773049888046
653,14,47,0.14279518680643133,0.3817923318565938,0.5560048682121753,0.262294101454262
654,14,49,0.14282799497668583,0.3818655173975079,0.5560048682121753,0.26206414266107075
655,14,51,0.14302531195001772,0.3819684261640771,0.5565206551612232,0.26219720959039416
656,14,53,0.14301218557419443,0.38211288368577406,0.5565206551612232,0.2622194777298534
657,14,55,0.1433287898845265,0.3821947818606981,0.5567309104907842,0.2631643924197981
658,14,57,0.14361691530883824,0.38223508561440356,0.5567309104907842,0.26319289607867885
659,14,59,0.14359604039542548,0.3823367935353283,0.5567309104907842,0.26326671823324316
660,14,61,0.14371310268801482,0.38237279110737166,0.5565140076833363,0.26244363264692755
661,14,63,0.14418062509104632,0.3823529638666777,0.5565140076833363,0.26336155472171163
662,14,65,0.14436604539161998,0.3823976020098785,0.555658933299404,0.26368102006482713
663,14,67,0.14451778219995143,0.38243234453464986,0.5569391194509457,0.2634596904080805
664,14,69,0.14492797332987561,0.38243503380156474,0.5560507939616111,0.2631258595491114
665,14,71,0.1449216740190912,0.382459374816482,0.5556427417514739,0.2629604844410241
666,14,73,0.14502561478373616,0.38249729681177486,0.5556427417514739,0.26381356063035694
667,14,75,0.14547358915020983,0.3825963553423434,0.5547604128855106,0.26345535110258755
668,14,77,0.1458155895120373,0.38257321009954015,0.5547604128855106,0.26326084759511775
669,14,79,0.1454443047093236,0.38264412864269165,0.5547604128855106,0.26277066690932627
670,14,81,0.1452892003661616,0.3826467457629631,0.5529181760364811,0.2628044567530894
671,14,83,0.14551324906830176,0.38264570683461024,0.5520054769783261,0.26267463744652036
672,14,85,0.14603739766572588,0.3825509138368867,0.5523018933425253,0.2619900452136739
673,14,87,0.14624046861222342,0.38251534840300044,0.5524428151367581,0.2624965113044172
674,14,89,0.14609714022481582,0.3825778215861492,0.55198780659482,0.2642110161406193
675,15,1,0.12833856774938748,0.38928544943367843,0.5600791323364048,0.2594492362086078
676,15,3,0.13342824510729703,0.3894014126391944,0.5610142753775088,0.26154946681367947
677,15,5,0.1350712616302878,0.38953225895303756,0.560385794555857,0.26182566355343334
678,15,7,0.13604618321048256,0.38969729918802865,0.5604529955176059,0.26385114859737036
679,15,9,0.13628006533296938,0.3898909937836256,0.5656556061950451,0.2643816868837206
680,15,11,0.13733864809531524,0.39001503259274867,0.5651928896875712,0.2647396189540501
681,15,13,0.13758084895503278,0.390307212611995,0.564823398545669,0.2644290051216105
682,15,15,0.13803882271854986,0.3905181203056519,0.5632518173905661,0.2656117938487674
683,15,17,0.13817685204992405,0.39076092620286945,0.5625206757111784,0.26622158438439164
684,15,19,0.1383988107600453,0.3909196834874444,0.5604486840479834,0.26683664098196475
685,15,21,0.1383484604494672,0.39115635181255887,0.5619721454237643,0.2676355169518256
686,15,23,0.13818211321586166,0.39131476966028106,0.5611830449906215,0.26796576685810963
687,15,25,0.1383661052344553,0.39146330768679855,0.5611830449906215,0.26816664011141567
688,15,27,0.1388134641357635,0.39164553644669986,0.5611830449906215,0.26788039396589014
689,15,29,0.13854000662283075,0.3917364972372899,0.5611830449906215,0.267241539688793
690,15,31,0.13880251335848884,0.39199997448383567,0.5610830768806346,0.26758723026998854
691,15,33,0.13863746014504832,0.39220405193290186,0.5613634901334136,0.26819888127653874
692,15,35,0.13864936539977782,0.3923461391331208,0.5613634901334136,0.2676165470211136
693,15,37,0.13885797141993803,0.3924571486540808,0.5603898623378238,0.26702846298256794
694,15,39,0.13902668441284655,0.39258998096283626,0.5604590462264795,0.26648760240403496
695,15,41,0.1392363376117545,0.3927607144905595,0.5630193827406131,0.26704628994435325
696,15,43,0.1390461355666112,0.39290958005801996,0.5622803697331952,0.26763392034155953
697,15,45,0.13945980744745506,0.3930917166443763,0.5620958961975114,0.2670293969098581
698,15,47,0.13944746547946535,0.393266768735995,0.5607564036001234,0.26725713668634626
699,15,49,0.1398073627588091,0.3933432753264405,0.560828149501055,0.2674292275068032
700,15,51,0.1402528689811738,0.39348973741528825,0.560828149501055,0.2682318609787701
701,15,53,0.1401103084584084,0.39353090343544145,0.5615671625084729,0.2682161220991441
702,15,55,0.14033979819418,0.39373247733567285,0.5619153869424663,0.2683749861988505
703,15,57,0.14055046079053685,0.3938180730487756,0.561113887024708,0.26875984724124
704,15,59,0.14040450918354866,0.3937844017260534,0.5602604848383906,0.26874383322441
705,15,61,0.14100585017363276,0.3939195685503219,0.5597401424334093,0.26847006628150233
706,15,63,0.14121768358573344,0.39407224007697106,0.5591367235908428,0.26893223543933076
707,15,65,0.14132939391278784,0.39410200530064676,0.558133427647118,0.2695495151968252
708,15,67,0.14119964900037746,0.39418544343031464,0.5601874741302514,0.2690700363749912
709,15,69,0.14141594781263925,0.3942418997483715,0.560246661659231,0.2692398006552987
710,15,71,0.14131938021989826,0.394399288504915,0.5603059992761386,0.2693023105197648
711,15,73,0.14120105986896717,0.39451447117492494,0.5595404830509211,0.269263314016747
712,15,75,0.14081987541826624,0.39468029427191925,0.5597722790390979,0.26950792693171544
713,15,77,0.14088081697280763,0.394761838370997,0.5597722790390979,0.2695405985165527
714,15,79,0.14101120372202988,0.39478716551106796,0.5594925914240264,0.26924817063789963
715,15,81,0.14111946319079174,0.3947858168984654,0.5587077408879043,0.26933300885769806
716,15,83,0.14114214459345426,0.394801418852342,0.5591761667862098,0.2696629567252176
717,15,85,0.14139269023676343,0.39480178642271463,0.5579248902369494,0.26877634658979155
718,15,87,0.1413595391833894,0.39486122189110034,0.5564265718240683,0.2688679309781705
719,15,89,0.141756278666627,0.39496923306613174,0.5556177215547833,0.2692863262426355
720,16,1,0.1256836733014122,0.38239343442501894,0.5693572256170701,0.25866316090488156
721,16,3,0.1307543070734,0.3825714639421841,0.5687098841562545,0.26031727360213364
722,16,5,0.1322405690325871,0.38266895289548064,0.5686284135096991,0.2614005606671227
723,16,7,0.13313505630941633,0.3827166055858285,0.5680433540379505,0.261386935016385
724,16,9,0.13449900519842145,0.38289072681844866,0.5680433540379505,0.26178868832475793
725,16,11,0.13446024682031427,0.3829530884807892,0.5671114822678885,0.2616653887147367
726,16,13,0.13493590262718355,0.38303774312861805,0.5672726697072082,0.26218532527450183
727,16,15,0.13564724204995743,0.3831509530508726,0.5682001976486667,0.2622466391525133
728,16,17,0.1363487804101386,0.3832773086575866,0.5682580898922632,0.26286535365726765
729,16,19,0.13699194388444844,0.38337601244111913,0.5684391044335227,0.2613174989298289
730,16,21,0.1373788479820269,0.3834610763216286,0.5681474925599904,0.26171910811594795
731,16,23,0.13745777549076427,0.3837106948850283,0.5681474925599904,0.2618201527033147
732,16,25,0.13764212486821462,0.3838219503859707,0.5681474925599904,0.262427418876296
733,16,27,0.13763466220868623,0.38402948827066063,0.5681246630238299,0.26283239020777377
734,16,29,0.1376765414319339,0.3841854099786614,0.5684739825492825,0.26328322543772076
735,16,31,0.13793630095054793,0.3843708575327733,0.5688755948106498,0.26288513209770065
736,16,33,0.1381326513620223,0.3845298053403695,0.5688178224190822,0.26292207704187776
737,16,35,0.13812387414149027,0.3848235434340665,0.5689027821555557,0.26377517656389377
738,16,37,0.13806865974394097,0.3850022053879943,0.5689027821555557,0.2626730040337552
739,16,39,0.13797387818952694,0.38513932710904486,0.5689027821555557,0.26316534092834903
740,16,41,0.1380948056528771,0.3852855219254693,0.5689027821555557,0.2635842452850761
741,16,43,0.13812489689770158,0.3853540060974745,0.5683829175055966,0.2633068001179425
742,16,45,0.1386586588415844,0.3854938913625701,0.5676174897846281,0.26386699742951614
743,16,47,0.13858274624363967,0.3856058000239552,0.5679090895083093,0.2635316310966222
744,16,49,0.1388560099541985,0.3857802833149106,0.5679090895083093,0.2638833146932131
745,16,51,0.1389454569979297,0.3859140015457623,0.567988674545149,0.2639261721126556
746,16,53,0.13913728520217042,0.3860313112875902,0.567988674545149,0.2637317598675681
747,16,55,0.13921096273124417,0.38620687799185316,0.567988674545149,0.2639975224155672
748,16,57,0.13937893019933154,0.38623004579138215,0.567988674545149,0.26428091316051366
749,16,59,0.13918733380939002,0.3864031177322587,0.567988674545149,0.26416247039452206
750,16,61,0.1391555202855137,0.3864609265985931,0.568266200876424,0.26365304032580555
751,16,63,0.1391186574967823,0.3865816802863142,0.568266200876424,0.26384287852175137
752,16,65,0.13979284905304412,0.38674892634324715,0.5681287917589778,0.26435736061822795
753,16,67,0.13990534980282368,0.3867405215919863,0.5684260372674518,0.26450368366591553
754,16,69,0.1399584548193107,0.3868489330256583,0.5684011844311798,0.264134041388033
755,16,71,0.14036512595587977,0.38700461631036226,0.5684011844311798,0.2635350660102523
756,16,73,0.1403526839790031,0.38713666898592364,0.5684011844311798,0.26423084698196625
757,16,75,0.14073723245214206,0.3871080766930293,0.5677087456558252,0.2656247426799624
758,16,77,0.14121227735832062,0.38716798589773616,0.5677087456558252,0.2654251568603963
759,16,79,0.14131350277675286,0.38725079526327344,0.5666482504131071,0.26583681157366645
760,16,81,0.1414250140136716,0.38739218594976166,0.568372067135972,0.2656374832709089
761,16,83,0.14149143862907138,0.387442957750653,0.5665660704516845,0.2652088175198159
762,16,85,0.14144623119290486,0.3874400494451306,0.5649537049979142,0.2649031545204084
763,16,87,0.141578157231764,0.38739338299643267,0.5650353641768097,0.2642446911106485
764,16,89,0.14181821122769,0.3874633554832702,0.564400515659003,0.2642196820023365
765,17,1,0.12833218036064492,0.384907439561551,0.5639897753315914,0.2603412220685208
766,17,3,0.13357648365416921,0.38504828188331297,0.5648076787887902,0.26107798013418215
767,17,5,0.1350138339781942,0.3852299984458597,0.5669616196146356,0.2620060458934755
768,17,7,0.13598260825734867,0.38537463710890796,0.5649341919833685,0.2625364406837731
769,17,9,0.13686951818787393,0.38555348382140053,0.5658323671725932,0.2627415366010368
770,17,11,0.13738608250395673,0.3856675691498622,0.5645350638081267,0.2625868636625433
771,17,13,0.13760421143570284,0.3858617816784024,0.5645350638081267,0.263106474123552
772,17,15,0.13821553110857215,0.3859966280784598,0.5645350638081267,0.26362881854218895
773,17,17,0.13838585842250498,0.38612585395666976,0.5643489287103872,0.2634679303682465
774,17,19,0.13844008629376928,0.3863214767588154,0.5640263117479667,0.26286758468138655
775,17,21,0.138843738940076,0.3865123205533322,0.5640263117479667,0.2641617397247968
776,17,23,0.13889518186479954,0.3866133976085696,0.564242697882354,0.26425801905996943
777,17,25,0.139042043277624,0.3866829205250916,0.565659696930822,0.2643341463989152
778,17,27,0.13921417459699117,0.38680468273912805,0.566545718793267,0.26463147101639506
779,17,29,0.13914203300489264,0.38694984133286664,0.5668194720992403,0.2642050880838545
780,17,31,0.13964481299776493,0.3870621339557992,0.56585655198025,0.26480126125452147
781,17,33,0.13970582431046522,0.38704694827888914,0.56585655198025,0.26510159711579656
782,17,35,0.13972994212453185,0.38709046987894646,0.5653419035853042,0.2654366570507962
783,17,37,0.13996487780171923,0.38717477838882314,0.5647012721131854,0.26500902597019454
784,17,39,0.13991835162677363,0.38728624220520447,0.5647012721131854,0.26517893512631496
785,17,41,0.1402279935605175,0.3874080542104171,0.5647012721131854,0.2648210262561238
786,17,43,0.1403113566763699,0.3874558408191947,0.5629789491935921,0.2646223355559603
787,17,45,0.14047582985560012,0.38750685479161223,0.5629789491935921,0.26392225000471614
788,17,47,0.14041214878248032,0.3877186451424705,0.563301080168366,0.26436195709123306
789,17,49,0.14043849209599463,0.3878734487795856,0.5623738932436174,0.2644375224550332
790,17,51,0.14053428147783106,0.38799482409564406,0.5626445680782487,0.26479303313146024
791,17,53,0.1402868228297853,0.38806327129064916,0.5631383527750286,0.26470409828518404
792,17,55,0.14046346831333673,0.3881864569709124,0.5631383527750286,0.2648176029146227
793,17,57,0.14082709914913893,0.3883317430423068,0.5633615168871932,0.2645249150988582
794,17,59,0.14069946149656978,0.38841349780923545,0.5644198429697915,0.2651059960935988
795,17,61,0.1408611374684155,0.38849207903908595,0.5650096101489911,0.26448561668146986
796,17,63,0.14104233417887244,0.38849446322732345,0.563349755852896,0.26418388234468804
797,17,65,0.14113935452891765,0.38865758461268757,0.563349755852896,0.2639734092053078
798,17,67,0.14167337165518437,0.3888109275099305,0.5646476783013445,0.2641071971367802
799,17,69,0.1418382090323997,0.38888217632384564,0.5638665266586622,0.26398425442336476
800,17,71,0.14195426006310777,0.38899704461361645,0.5638665266586622,0.2643670834504576
801,17,73,0.14184708434356505,0.38901109725851274,0.5613915708826686,0.2647118022075086
802,17,75,0.14177064661682617,0.3888334556936354,0.5598218009816937,0.26505180365706177
803,17,77,0.1419852791493727,0.3888594760979411,0.5598218009816937,0.2646542714508068
804,17,79,0.14185716826615163,0.38872166784438783,0.5600711170157415,0.2651808658331453
805,17,81,0.14258029249904797,0.3887803742766658,0.5600711170157415,0.26509434579404134
806,17,83,0.14302939898554842,0.38886315353256373,0.5592528972823247,0.2652825657229211
807,17,85,0.143257140843901,0.3888128454642196,0.5596857119727835,0.2645791062807764
808,17,87,0.14380063980055485,0.38883820621755777,0.5595076429355728,0.2648120371682216
809,17,89,0.14381655010496938,0.38893461345770153,0.5595076429355728,0.26480309292485177
810,18,1,0.12910154599137819,0.3892513905951415,0.5717222458294833,0.2610983175768806
811,18,3,0.13486759459348574,0.38947729862558533,0.5768917595186689,0.26182402352817274
812,18,5,0.13620583222935154,0.3896857999721268,0.5769913999318229,0.26215459869685487
813,18,7,0.1370131218529192,0.38978050878390336,0.5754958496335529,0.2625482338001333
814,18,9,0.13770389814383036,0.38982530437020413,0.5752762381511617,0.26267695438079436
815,18,11,0.1383174202705989,0.38999669930683106,0.5752762381511617,0.26283323881265525
816,18,13,0.13863864981180726,0.39012073656393953,0.5757682656884292,0.2634532848452009
817,18,15,0.1390059724252401,0.39036738966377815,0.5760470533993179,0.2642984517587552
818,18,17,0.13951638908394998,0.3904517226770897,0.5757682656884292,0.2636884284845961
819,18,19,0.13988510946380942,0.39046930591317014,0.5758260221660036,0.26368047999519983
820,18,21,0.1399041119307956,0.39066657126393134,0.5755397480467818,0.26438711331324866
821,18,23,0.13991345550447273,0.3908093991397084,0.5744909086813575,0.26430006154976954
822,18,25,0.14024749342064954,0.39090811270876846,0.5744909086813575,0.26466976397546155
823,18,27,0.14048006644116054,0.3910024408731325,0.5726295812666594,0.26526843907472014
824,18,29,0.14081005233728394,0.39110613630851987,0.5726295812666594,0.26448235198873477
825,18,31,0.14050030348266462,0.3912886305999204,0.5726295812666594,0.2637147340733877
826,18,33,0.1404733460818433,0.39136882996489536,0.5707224134615816,0.2643038500719987
827,18,35,0.14052439087672755,0.391491827173761,0.5707224134615816,0.26439071183713964
828,18,37,0.14091650460531605,0.3915488617205017,0.569925642539009,0.26480364152524477
829,18,39,0.14066050844923902,0.39155226949924965,0.569527555592046,0.264277999484605
830,18,41,0.14081359953618075,0.391777235545859,0.5695820788878799,0.2645289456377861
831,18,43,0.14120983135758886,0.3919460400226732,0.5695820788878799,0.26470934954971914
832,18,45,0.14152834519563556,0.3920609347434902,0.5695820788878799,0.2651939052125672
833,18,47,0.1415491889554584,0.3922484260967076,0.5696394974759996,0.26558810149848905
834,18,49,0.1417129209833456,0.39242300222753373,0.5707555132662891,0.2656366402217252
835,18,51,0.14151039390252473,0.3925607034061925,0.5710779689190878,0.26479043936637975
836,18,53,0.14215493072456548,0.3926403598082646,0.5701127179538369,0.26456028574293405
837,18,55,0.14236706831020943,0.39273085852294626,0.5701697627368809,0.2640169100848032
838,18,57,0.1426078431408903,0.3927882919204997,0.5701697627368809,0.2643166077165437
839,18,59,0.14277637966103734,0.39289757660629326,0.5703893322110373,0.26437030703531367
840,18,61,0.14311535153053723,0.39301548650383367,0.5698550335864054,0.26416928093755254
841,18,63,0.14312903081227674,0.3931084075706934,0.5689801466250485,0.2638826898744859
842,18,65,0.14310152775282628,0.39323703672813226,0.5682162255868548,0.26338840687032794
843,18,67,0.14333009650763096,0.39336645749853993,0.5683752430717885,0.2633109655841441
844,18,69,0.143520036239553,0.39342208201840595,0.5685369684194683,0.26377603813097555
845,18,71,0.14376994451352207,0.3935731539132994,0.567695234041891,0.264011243734402
846,18,73,0.1442311709750304,0.393669625467962,0.5681672821164915,0.26438028915498524
847,18,75,0.14410029855237796,0.3937702384132133,0.5681672821164915,0.26509858371716516
848,18,77,0.1443463792085744,0.3938188063567686,0.5690145172407088,0.2650588411994883
849,18,79,0.1442403942190102,0.3938702304260331,0.5690145172407088,0.26615124062028056
850,18,81,0.1440409591640258,0.393839633017267,0.5685023652873425,0.265479237122901
851,18,83,0.14449434536981928,0.39362641137941895,0.5677047679069414,0.2645455001951574
852,18,85,0.14438417882360643,0.39368580790615565,0.5678301734474374,0.2641100506593454
853,18,87,0.14459343307328537,0.39375377028692776,0.5659846768206027,0.2643877072329772
854,18,89,0.14438538391620948,0.3938285700934155,0.565170273238058,0.26490657158099296
855,19,1,0.1280778082657306,0.37789818442564277,0.5592285869404469,0.25862187078772725
856,19,3,0.13336560516976884,0.3780425768128364,0.5588123026922276,0.2613459124695779
857,19,5,0.13529926077255497,0.3781941713876043,0.5571150001557806,0.2618707844665339
858,19,7,0.13586176241105996,0.37840683317065216,0.557005763946243,0.2628746718091249
859,19,9,0.13657993724613068,0.3784978120280014,0.5568459118103575,0.2623990710693586
860,19,11,0.13670120840341865,0.3786999782945641,0.557881683458347,0.26203728480543415
861,19,13,0.1371314179760485,0.3787815556334507,0.5586114992818753,0.2614067894622687
862,19,15,0.13783241731776047,0.3789551082521199,0.558262506263283,0.26133607881210436
863,19,17,0.13793897796116003,0.3791039001532343,0.5583195719987738,0.26134640855951996
864,19,19,0.13806451357705166,0.3792379605657779,0.5583195719987738,0.26095413261550554
865,19,21,0.13819096720701568,0.3792595662632348,0.5584876705536198,0.26209136982174847
866,19,23,0.13811442445973093,0.3793491067209694,0.5584153928126606,0.26190558622261156
867,19,25,0.1386409198735322,0.37951300334619964,0.5584153928126606,0.26180025883267616
868,19,27,0.13861196393449213,0.37969334305168506,0.5583414095312732,0.2621745506775063
869,19,29,0.13911144102489767,0.37985724966312356,0.5586184776133191,0.26326134679940516
870,19,31,0.13971185332286368,0.3800038972266215,0.5586184776133191,0.2636905679400318
871,19,33,0.13997942826859372,0.3801820024468245,0.5586184776133191,0.26327790591142225
872,19,35,0.13994285545642657,0.380292197552884,0.5585624328734629,0.26375909104293116
873,19,37,0.14005660912948528,0.3804479379295612,0.5585624328734629,0.26452147972660894
874,19,39,0.1401811180327454,0.3805899680851733,0.5581567691543292,0.2642858184569264
875,19,41,0.14026530884537777,0.380709659780078,0.5574254099559773,0.2638908518684184
876,19,43,0.1403602488648355,0.3807674741101584,0.5566893139589798,0.2635882755492108
877,19,45,0.14061965647233127,0.38087571794791025,0.5573674827281107,0.2639452577654652
878,19,47,0.14079191127971244,0.38098093484593226,0.5574633160183842,0.2639904139255039
879,19,49,0.14109417287197884,0.3810800083572254,0.5576335947989556,0.2647368090399004
880,19,51,0.14094220606505498,0.3810686201289157,0.5558082467475984,0.2651129671933075
881,19,53,0.14144704195736651,0.3811761079907675,0.5558082467475984,0.2652341354361031
882,19,55,0.14155321022692852,0.381276069238095,0.5560362335833712,0.26575882248039034
883,19,57,0.14161477721000695,0.3814227138743906,0.5563480079421541,0.26566978832238275
884,19,59,0.14178994957183744,0.38156069407429466,0.5557688824265326,0.26548595716109646
885,19,61,0.14180817186754924,0.38165827087746823,0.5549493334523173,0.2656413335642224
886,19,63,0.14135137040476647,0.38164576734536926,0.5549493334523173,0.26579142153079827
887,19,65,0.14203444409343013,0.3817441938119211,0.5550988041572168,0.26587296656137155
888,19,67,0.14220907478396,0.38174784493066305,0.5542669776920636,0.2650473790293248
889,19,69,0.14246672415526987,0.38173039982875373,0.5547287731026601,0.26551164259767807
890,19,71,0.1427147660358908,0.3818371492180592,0.5549929446714227,0.26564138234591617
891,19,73,0.14317120560961558,0.38190858425335594,0.5540323123745504,0.26555105014684355
892,19,75,0.1433788043127579,0.3819202132054772,0.553299350204534,0.26492757861401045
893,19,77,0.14382920238407765,0.38195272214442066,0.5524497692811325,0.26511521697249985
894,19,79,0.1438397935711456,0.3819775971525172,0.5515947615149102,0.2659225086333434
895,19,81,0.1438518977911603,0.3821190489095097,0.5507895757276564,0.2655471595734637
896,19,83,0.14381462009189785,0.3822249942518517,0.5510176793719533,0.2653016248211926
897,19,85,0.1432318106319251,0.38225787626052776,0.5512489350903131,0.2657819210989089
898,19,87,0.143041360195766,0.3821333449227664,0.5512489350903131,0.26614863231431324
899,19,89,0.14322080998591633,0.38216486225949,0.5514273041389498,0.2658363970155306
