,iteration,median_filter_window_frontal_display,category_count_score,f1_per_timestamp,f1_per_annotation,f1_per_prediction
0,0,1,0.12479738570559762,0.3771114380404237,0.5525081178868406,0.2506467169882641
1,0,3,0.1374971031908978,0.37718671691413086,0.5518051272862784,0.2522489460437981
2,0,5,0.1410899236556398,0.37723621987343103,0.5541136216157748,0.2532318793197066
3,0,7,0.14359479760009772,0.37752962210781316,0.5542856275486229,0.2532865372657841
4,0,9,0.14545211895096394,0.3778186131502335,0.5538079132178646,0.2538963745989688
5,0,11,0.14695167596944417,0.377853106743635,0.5546720191643033,0.2554851065827117
6,0,13,0.14847276525519365,0.3780934750417679,0.5547498513331133,0.25685053992654433
7,0,15,0.1485897638473667,0.3784043042408789,0.5547498513331133,0.25802245757168385
8,0,17,0.14950144102988056,0.3786073789158891,0.5538900674891839,0.25754588392324657
9,0,19,0.149912151575877,0.3788158342193779,0.5538900674891839,0.2570487615540218
10,0,21,0.1500642750680543,0.378993801684227,0.5538380147935356,0.25758168604500803
11,0,23,0.1500222693221667,0.3790986961233684,0.5541097949438262,0.25718476916202065
12,0,25,0.15023264952102494,0.3791902234125929,0.5542583953594625,0.2577064603733087
13,0,27,0.15016349986806352,0.37929769520251455,0.5531708018538926,0.2579295872181218
14,0,29,0.15038479822474118,0.37937840765632186,0.5532304609094439,0.25807702639204677
15,0,31,0.1505599106793487,0.3795384575211602,0.5534930713264681,0.2579349510955037
16,0,33,0.15043321063162668,0.37971302702140985,0.5532719799299503,0.2583818929411941
17,0,35,0.1507976728022739,0.37991608634332713,0.5535307115301882,0.2584761413286426
18,0,37,0.150254358638013,0.3801078531918571,0.55471485092815,0.25891418620598533
19,0,39,0.15009176000496247,0.3802834552397415,0.554883399845284,0.2588288973821625
20,0,41,0.15010975312170613,0.3802795596932506,0.5546192643366008,0.25850044238019393
21,0,43,0.15018610239145455,0.38035645150119735,0.5533887396392921,0.259624932147361
22,0,45,0.15028740956690131,0.38054039761963426,0.552343869552345,0.2577218058565954
23,0,47,0.14956311159726052,0.38073253780133814,0.5517660200847031,0.25890462132502884
24,0,49,0.14917949895500118,0.3808354211534346,0.5529195589519503,0.25858280633997693
25,0,51,0.14900917750184256,0.38090531697045443,0.5527285557376058,0.2582258501241313
26,0,53,0.1492405117703741,0.38101902522656256,0.5515559524656487,0.25792255069326403
27,0,55,0.14906148437511677,0.3810112378706827,0.5515156746062388,0.2573693471381423
28,0,57,0.1494198455216123,0.38108055036643457,0.5521717600945502,0.25788298589370606
29,0,59,0.14971922736279633,0.38119055060865303,0.5518149006995617,0.25904906866579336
30,0,61,0.14998193751683941,0.3811842475722191,0.550859233552764,0.26011282037850886
31,0,63,0.1501156092806173,0.38130228354879453,0.550506788693181,0.2602112030033748
32,0,65,0.1500925282574249,0.3815574628751678,0.550735347401408,0.2606111236386313
33,0,67,0.15018056096741297,0.381581461517786,0.5501607863832007,0.2609857811714589
34,0,69,0.15003499311771362,0.38169361220424997,0.5491119918343886,0.26189178859557816
35,0,71,0.15000862711887106,0.3817382906625131,0.5486096569719574,0.261476310165158
36,0,73,0.15051574260477457,0.3818798344434321,0.5481220917053314,0.2613742548623946
37,0,75,0.14993109063853122,0.38203275252065,0.550445258202166,0.2623448021972859
38,0,77,0.15017646024928305,0.38200878254622417,0.5511401346442303,0.26242754839544574
39,0,79,0.1500375489162948,0.3822598777395042,0.5518141643427724,0.26265985285718313
40,0,81,0.15014934935176633,0.3824976512641112,0.5517449936387779,0.262580338085259
41,0,83,0.15018496991070882,0.38269652614853883,0.5523091448905132,0.26147536180709674
42,0,85,0.14991825361091027,0.3828971041666756,0.551808411956164,0.2611613842325145
43,0,87,0.15045641599394946,0.3831288656878838,0.5514720560630798,0.26172320982200115
44,0,89,0.15041881835875953,0.3834303223740422,0.5517940258749864,0.2616044423860843
45,1,1,0.127884102780224,0.38669585360588005,0.5743840012685325,0.25670521981171207
46,1,3,0.1406658263159292,0.3867591768133266,0.5750370504812249,0.25993347790002574
47,1,5,0.14394279465756127,0.386905215655439,0.5761240015253482,0.26161489653775194
48,1,7,0.14549561306744824,0.38740047153209745,0.5762591047727126,0.2626073536347146
49,1,9,0.1466670233979454,0.3876677651677366,0.5755224117725756,0.2639028079935851
50,1,11,0.14763404485762258,0.3879139938956162,0.575612016436546,0.2649775002144
51,1,13,0.14815272643073127,0.38824690421688896,0.5776243439864971,0.2652735220816654
52,1,15,0.14956037789260476,0.38846473575436524,0.5791918426742152,0.2658834687666195
53,1,17,0.14979633094109895,0.38865368832163194,0.5782792667108705,0.2663550997152771
54,1,19,0.15024750903979958,0.38875602471930193,0.5791445134256333,0.26687467295724127
55,1,21,0.15086770914587236,0.38896874635660267,0.5787153347624461,0.26625994254360613
56,1,23,0.15070100389153515,0.38911423087369595,0.5780976801356879,0.2669560128976161
57,1,25,0.15023154017828794,0.38931818758538767,0.576543154590496,0.2664722363608579
58,1,27,0.1503695251114063,0.38947965126394474,0.5766808669483563,0.2666224348620224
59,1,29,0.15093330870299612,0.3896938736414888,0.5774618051649573,0.2671430807917792
60,1,31,0.15087915490012296,0.3899123172774012,0.5772799183663109,0.2675004398192957
61,1,33,0.15075172707841364,0.39010445434978225,0.5777734479157608,0.2672647256029746
62,1,35,0.15119476817180663,0.39032001973121205,0.5767981591792557,0.26694252212803854
63,1,37,0.15098956722575324,0.39030637427792,0.5769074885278365,0.2676508733630242
64,1,39,0.15116054442237306,0.39059270688187536,0.5764100635969492,0.2674896852027552
65,1,41,0.1514941185130616,0.3906985489876647,0.5766313184794384,0.2676610061741976
66,1,43,0.1513046594453869,0.3907408846805178,0.5766100397210187,0.2683184660891671
67,1,45,0.15110291003198026,0.3908660206579717,0.5758318845595329,0.26868362137820634
68,1,47,0.15067083102559595,0.39096165647468967,0.574904507083765,0.268664022539315
69,1,49,0.15074746175255377,0.39093537784694193,0.5742834625423169,0.2688183809009234
70,1,51,0.15075315295117878,0.3909951035245173,0.573960102471595,0.267884094554126
71,1,53,0.15046647928639456,0.39101929438721683,0.5733758932528962,0.267911693136835
72,1,55,0.15022247421484367,0.3911216159572972,0.5736848444004611,0.2680043528617021
73,1,57,0.15045044950151182,0.391219691896962,0.5742117747065489,0.26747357524698684
74,1,59,0.15056910214484517,0.39123801883955295,0.5736524314263678,0.26721686772217434
75,1,61,0.15049652804394711,0.3911901410511916,0.5732585287904419,0.26688061653237644
76,1,63,0.14999964969521554,0.3912407982537527,0.5739890298240111,0.2675895080638268
77,1,65,0.14994815198589215,0.3912847153009286,0.5745447595362388,0.2674183926748273
78,1,67,0.14958620490356153,0.39135032140539555,0.5749566592843757,0.26726247871632713
79,1,69,0.14896747223362117,0.3914950027793754,0.5761789389292036,0.2666127243974257
80,1,71,0.14829594186598866,0.3916452305035702,0.5757084088216489,0.2670913427133424
81,1,73,0.14823834943188996,0.39184746829456596,0.5743919054631288,0.26695784885842333
82,1,75,0.1487554113527291,0.39198852229903974,0.5758258229693549,0.2669707958805581
83,1,77,0.14875711153879737,0.39203191716015223,0.5754471355045759,0.26702704114069314
84,1,79,0.14926957838535132,0.3920537113282227,0.5753322400468249,0.26752545966015223
85,1,81,0.14914007691106795,0.3920344156760499,0.5746033882288325,0.2676865351896677
86,1,83,0.14977414998437122,0.39203644030582147,0.5733820204458289,0.26768012809682545
87,1,85,0.1494051643737316,0.392055052297951,0.571270698511627,0.26730357658117876
88,1,87,0.1491781401022481,0.3921428895207808,0.5695166741550258,0.26767439612648
89,1,89,0.14944493063108552,0.39210573822252426,0.5689380526742641,0.2672323280928649
90,2,1,0.12749435496457615,0.38523297393772954,0.5644794507579282,0.27164641952839175
91,2,3,0.13948272632956885,0.3854715903050546,0.5695789211923021,0.2733451116415768
92,2,5,0.14371989487117523,0.38554893095647597,0.5683866092325017,0.2737911529606288
93,2,7,0.14615794181527547,0.3857428275050151,0.567919119251456,0.27583499358576963
94,2,9,0.14684694385270694,0.3859259653918685,0.5647907119271304,0.27705057744732076
95,2,11,0.14753051720910076,0.3861150109089408,0.5642142927895636,0.2776135642143987
96,2,13,0.14836376454500105,0.3864831852156782,0.5635387846913336,0.2783764868755302
97,2,15,0.14889346308767953,0.38673411821667564,0.5646966851124786,0.27968641147891365
98,2,17,0.1489231771239685,0.38682331661699515,0.5638969009710237,0.2806587498624977
99,2,19,0.14920897675525766,0.386873789353006,0.5638379422784492,0.2785881015148525
100,2,21,0.14945479914939988,0.38695330479587575,0.5624562311428866,0.27811106525601065
101,2,23,0.14992638080252693,0.38702417881266743,0.5607208822416119,0.2772884876598531
102,2,25,0.14991481677629676,0.3869725043981858,0.5605576682762287,0.2767425264076961
103,2,27,0.14963034038339715,0.38708327242554846,0.5604286333130345,0.2761582067534435
104,2,29,0.14960899119067708,0.38726530755417393,0.5609991363184258,0.2767667092521316
105,2,31,0.14990113906151753,0.3873919070080717,0.5620733780197896,0.2762929790045372
106,2,33,0.15022168099460817,0.3874987123845416,0.564420227076148,0.276771495214298
107,2,35,0.15007329721982923,0.3876701728283538,0.5653761433210968,0.27655988170163565
108,2,37,0.14990683329562574,0.38775400272890365,0.5621509936348349,0.27705371276342716
109,2,39,0.15038904880011641,0.38772414935741706,0.5650310607899013,0.2772319787178582
110,2,41,0.15060184513126912,0.38793556492470804,0.5676546678722644,0.27663753411157815
111,2,43,0.15091933986118758,0.3881729718005741,0.5680539663979723,0.27651299668616974
112,2,45,0.14999650375688015,0.38833509777774616,0.5678050711556076,0.276390759672711
113,2,47,0.15028687383863373,0.3884937414649575,0.5671690136046887,0.2769657849272157
114,2,49,0.1501948080079731,0.38871768251778654,0.5676434109313245,0.27755128210546914
115,2,51,0.15024860681564656,0.38882712564158645,0.567547679838124,0.27751286754488386
116,2,53,0.15053578073738313,0.3889368790055915,0.567547679838124,0.27781330612968413
117,2,55,0.15058356049101856,0.38907789475132387,0.5673626566420165,0.2766195183598001
118,2,57,0.1497884481321791,0.38900238691067374,0.5666334076174782,0.27681969137861373
119,2,59,0.14979016683475813,0.38910739790814536,0.5659133202103795,0.27586373450151774
120,2,61,0.1499917255136521,0.38932662211239494,0.5665076573349157,0.27517978676005084
121,2,63,0.14984394084843472,0.38943954842253675,0.5663530933719423,0.2752204682695266
122,2,65,0.15001486275728967,0.3895269809608185,0.5660854904189607,0.27438398985481305
123,2,67,0.14995100988483132,0.38966497571180403,0.5640863951363917,0.274094744793834
124,2,69,0.14957223492469612,0.38985430730367254,0.5633373035028887,0.27405280125641324
125,2,71,0.1493407189633142,0.3899418565684778,0.5640265982129254,0.2742116325893704
126,2,73,0.14894040109813306,0.3899701648879466,0.563269783467916,0.27503069382989176
127,2,75,0.14912212951347475,0.3901661246800261,0.5654041768959905,0.2755076659730827
128,2,77,0.1490395182892031,0.39033718660951455,0.5654197912609885,0.275971020336578
129,2,79,0.14935737942616784,0.39048825488110506,0.565305240130977,0.27532833335454865
130,2,81,0.14949079385615335,0.39066649091377587,0.5655310891147193,0.27486983291444894
131,2,83,0.14918665021957903,0.3908202494751009,0.5646034270371161,0.27572302942570087
132,2,85,0.1490663838803513,0.39099703300123584,0.5646703529423881,0.27623333053206645
133,2,87,0.14953010028870237,0.3912263332676346,0.5644418772450459,0.2756604568316341
134,2,89,0.14930462883448575,0.3915108474151928,0.5633892445134882,0.27497159640601027
135,3,1,0.12795409528129784,0.3892474730530943,0.5806199731733045,0.25966406340017795
136,3,3,0.14093299490267883,0.3895160461188802,0.582345026652505,0.26213253689161814
137,3,5,0.14469807274403965,0.389809050446392,0.584144240168037,0.26225897166737505
138,3,7,0.14696429018054577,0.39005226847790997,0.5823885274168569,0.2626220630810558
139,3,9,0.14820596332561603,0.3902485018774123,0.5827256310183581,0.26293233170439606
140,3,11,0.14890453228621342,0.3903684563741452,0.5839622825178798,0.2643190978079278
141,3,13,0.1498461534064037,0.3903902148501958,0.5799002292696754,0.2637721526985917
142,3,15,0.14967493700787485,0.39066585364564366,0.5826418716947867,0.2646248431547449
143,3,17,0.1500299432504238,0.3908295984654773,0.5805695713305796,0.26492404667969643
144,3,19,0.15089131156673763,0.39087444446564484,0.5820005443052091,0.26624073692186
145,3,21,0.1502113024085531,0.39117290502021695,0.5821794314474117,0.2653759095244198
146,3,23,0.14994281121955857,0.39135758239468077,0.5815047812075315,0.2650003659544883
147,3,25,0.1499306050580942,0.3915493219353278,0.5808310392497252,0.2656424106406424
148,3,27,0.1495695664742356,0.39176223777294855,0.580651016218612,0.26549302097510036
149,3,29,0.14942962611839233,0.3919260842044558,0.5798462430817557,0.2662878566580659
150,3,31,0.14970475355012616,0.39205015155813555,0.5799953289425867,0.2675209060782325
151,3,33,0.14967183752881746,0.39222329623726243,0.5804329093917232,0.2671831177770477
152,3,35,0.14982644988175053,0.3922178505107006,0.5797820795837181,0.26761810640937655
153,3,37,0.1503978162267132,0.3924698756339888,0.5797820795837181,0.26769031295395695
154,3,39,0.1500349139518679,0.39258016203104423,0.5794463299731316,0.2676663503010605
155,3,41,0.15012374890044874,0.3927759381865651,0.5787419938045616,0.267554718091241
156,3,43,0.15015928771377826,0.39289669458608933,0.5784785017483214,0.26736648357088816
157,3,45,0.14981703566643684,0.3929584209800219,0.5781355528892254,0.2670718368577484
158,3,47,0.14955740366201575,0.39317197564027495,0.5788984304067528,0.26749761282141027
159,3,49,0.15027726666818686,0.39332792998225524,0.5787761502470599,0.26801396905383035
160,3,51,0.15045499121828168,0.3935204474186858,0.5782196199929839,0.26839144513228747
161,3,53,0.15063275668224888,0.3935740947123705,0.5776228025781036,0.26794108067104505
162,3,55,0.1517188923721263,0.39367737950953346,0.5767320402494969,0.26810212164928243
163,3,57,0.15192441225652267,0.39384842292155614,0.5760288885868718,0.26905259718885205
164,3,59,0.15219287252657301,0.39387551564454765,0.5754969747742927,0.2694879679127723
165,3,61,0.1521765090651837,0.39396167559199363,0.5775267716087754,0.26916734256163755
166,3,63,0.15234092868534418,0.39402024452351986,0.5775986121229526,0.2689119207029797
167,3,65,0.15219222980061684,0.39429471149736534,0.5795206016674129,0.26971713525798896
168,3,67,0.15214364513739825,0.3944017088261497,0.5793337252399903,0.2700536015810602
169,3,69,0.15269567542973858,0.39451888337088226,0.5786902171450831,0.2697589741547672
170,3,71,0.1523891550578093,0.3945739937374913,0.5787352671858713,0.27030806058152396
171,3,73,0.15250490280394594,0.39471312232248223,0.5781394083006965,0.2698668775390952
172,3,75,0.15268919383121807,0.3947420376505447,0.5777981713875224,0.2699907757327025
173,3,77,0.15269493248313815,0.39486348053027387,0.5774023906614364,0.27069762491428234
174,3,79,0.15320136846977997,0.3949126846820185,0.5790924052317337,0.27106112641210417
175,3,81,0.15381075206664493,0.39497878500762373,0.5782156121402097,0.27109040275075735
176,3,83,0.15398917937428844,0.395006513893097,0.5835694089845357,0.26959744731494323
177,3,85,0.1538449409889874,0.3950680282844323,0.5833776811101862,0.26985735324148197
178,3,87,0.15388487154104794,0.3952433265460403,0.5832670205443594,0.2703313794889492
179,3,89,0.15320920309238215,0.3951951325575792,0.5811163702719593,0.2694729724076903
180,4,1,0.1282747712429982,0.39001501396561833,0.5968102372713219,0.2657448132032167
181,4,3,0.14175546015500787,0.3903049941037439,0.5987342503384102,0.2677680176146232
182,4,5,0.14551080703900562,0.3904535802223939,0.5997951831940945,0.2702888267799216
183,4,7,0.14752062550631556,0.3907551868650546,0.5992605079193805,0.27122668051762194
184,4,9,0.15006749093051136,0.39082929959532287,0.5989035667750416,0.27059351925780845
185,4,11,0.15162514626608672,0.390984823140906,0.5986604056808166,0.2704346272834223
186,4,13,0.15218249757578065,0.39114728885823025,0.5992456686838222,0.27092984922715463
187,4,15,0.15184236083767624,0.39125277981316314,0.5993705419175555,0.27329065307156203
188,4,17,0.15269884936879463,0.3914575154549887,0.5988876234180956,0.2734875229416717
189,4,19,0.1532745886964621,0.39168606531735445,0.5985159349098259,0.2731069496649072
190,4,21,0.15348807018249752,0.39169107655179414,0.5981579061776684,0.27347269335596275
191,4,23,0.15391429470866097,0.3919084940208512,0.5969735423811681,0.27323798480969896
192,4,25,0.15463747175874312,0.39200584385235426,0.5975713888812724,0.2730821964474022
193,4,27,0.15448832201005339,0.3921804336715215,0.5969937363098426,0.2735212532595243
194,4,29,0.1546810452703305,0.39240947068833953,0.5970630649110019,0.2735154896216276
195,4,31,0.15457270568955533,0.3926609441227544,0.5963751508295613,0.2724469030276671
196,4,33,0.1543739092230316,0.39293820869023355,0.5953011971465436,0.2727083827840374
197,4,35,0.15388815928822028,0.39314120307546435,0.5948707555748033,0.2717800615193792
198,4,37,0.15340014471992383,0.3932707390834588,0.5945020567511116,0.27183651278373516
199,4,39,0.15333148415882483,0.3934506669868819,0.5939690581171841,0.270627600526901
200,4,41,0.15325159440650138,0.3936004826049318,0.5961567652399417,0.27055302304507484
201,4,43,0.15364419694319342,0.3937338743538174,0.5944948106071356,0.2719483377038906
202,4,45,0.15391856638081672,0.39384808721936926,0.5962739402720795,0.27245797570674396
203,4,47,0.15359016140545143,0.39401019477219057,0.595386805125278,0.27132223706972797
204,4,49,0.1538431537885554,0.3941615350866402,0.5957870029512684,0.27167461512286156
205,4,51,0.15343663040419106,0.3943945782646594,0.5979460946794019,0.27234115246745194
206,4,53,0.15291093875894307,0.3944230977685161,0.5973653760515998,0.2718131258847079
207,4,55,0.15284717380449292,0.3945090973726333,0.5981042304476164,0.27143034266404503
208,4,57,0.1525856976968148,0.39450064023979653,0.5978025412326881,0.27175767061119177
209,4,59,0.15278573924676242,0.3945909731851546,0.5976753679023102,0.27146366667883004
210,4,61,0.15279269355890088,0.39469271628231145,0.5976753679023102,0.27049991059090067
211,4,63,0.15341246529734204,0.3947870636739438,0.5965221539844056,0.27022198620480725
212,4,65,0.15278170453461842,0.39491320115800016,0.5971088744579884,0.2713613000117387
213,4,67,0.15240058805456047,0.39494929107356597,0.5970922011037566,0.27184967743238186
214,4,69,0.15199469098850216,0.39513758528341614,0.5967117248006202,0.27264088697599415
215,4,71,0.15207134855667376,0.3954538638337573,0.5968323927548401,0.2722049303860591
216,4,73,0.15181128766344631,0.3955962883687282,0.5958651400485502,0.27229767604100164
217,4,75,0.15223967911249153,0.3957722172001715,0.5951760248408313,0.2718748214182865
218,4,77,0.15186994696623315,0.39573529185435147,0.5941415402829087,0.27170501456360824
219,4,79,0.15242989434402915,0.39590555958323864,0.5941415402829087,0.27167886486233994
220,4,81,0.15249813917390184,0.39603880792440815,0.5936991588221062,0.2705330393558583
221,4,83,0.15255558569806274,0.39604221493103314,0.5925637207588597,0.2709832755437845
222,4,85,0.15231560917650339,0.39603818040280536,0.5914951789689559,0.27152536084543766
223,4,87,0.15237823477847942,0.39613594655980017,0.591397134382187,0.2716001056035718
224,4,89,0.1526925433718247,0.3960733798233947,0.590961940241766,0.27197515357486485
225,5,1,0.1282767965655172,0.3922435719888024,0.5759259077580732,0.26410466117672204
226,5,3,0.14024892850024445,0.3921838232852923,0.5735502141161327,0.266083450330658
227,5,5,0.14404001790768842,0.39246513896824137,0.5744869403821511,0.2678931627910152
228,5,7,0.1460788663659587,0.3926327471282378,0.5751291691895357,0.2692112872669263
229,5,9,0.14750977733357587,0.39275571248058166,0.5737787087949239,0.2691335465496004
230,5,11,0.14857078040903307,0.39293018024872556,0.5744729396132583,0.269590116205802
231,5,13,0.15014157433346248,0.3930785149849046,0.5734630290667214,0.2695865008495909
232,5,15,0.15058748566191313,0.393142451427293,0.5729532600653265,0.27035245646580286
233,5,17,0.15115785762050296,0.393369055601595,0.5722096162299856,0.2699912509355189
234,5,19,0.1508989336924811,0.3936258536548524,0.5722096162299856,0.27039078335716404
235,5,21,0.15113465499401474,0.3937690662142393,0.5723740764393648,0.26950363494823826
236,5,23,0.1510413648474648,0.3937620319151071,0.5713667828324235,0.2689292078612921
237,5,25,0.15092088796330624,0.3938557912983032,0.570566787154213,0.2701739160613713
238,5,27,0.15080748155692306,0.3940139556588494,0.5712805430498925,0.27010264431611486
239,5,29,0.15118384295101667,0.3941552216810872,0.5708290002768137,0.26997190766035606
240,5,31,0.15120020645229376,0.39415820198313717,0.5706975133616524,0.27051667653049866
241,5,33,0.15122079784559808,0.39414354725027423,0.5705350702702321,0.27039938966913696
242,5,35,0.15141767268004622,0.39426805156400796,0.570520341251677,0.27066052562637377
243,5,37,0.1510419983479737,0.3943837046055242,0.5697060348779285,0.2702144959527069
244,5,39,0.15054196873311798,0.39451480906003467,0.5700545802393334,0.2713305123157779
245,5,41,0.15050336190674538,0.3946779148916302,0.5722390396756047,0.27060923677895626
246,5,43,0.15072292906089022,0.3948694711359709,0.5721361793689027,0.2710579332238957
247,5,45,0.15066286316326766,0.39496382128476615,0.5725169229457753,0.2699937519353723
248,5,47,0.1508563619441061,0.39514893881181795,0.5715902344232012,0.2702561099303144
249,5,49,0.15077786619018832,0.39530604508451883,0.5712439285287828,0.2691705107177087
250,5,51,0.1505229804470487,0.3953800963797255,0.5716776773392415,0.2692192895216577
251,5,53,0.1504587316562988,0.3954272929656382,0.5724716795568555,0.26936791515705955
252,5,55,0.150392990448726,0.39555237973595064,0.5716084779322015,0.2704036446142069
253,5,57,0.15052336154714965,0.3955936606193159,0.5715357858932535,0.27029327811014486
254,5,59,0.14996562543073128,0.39562417364125785,0.571067312328947,0.2701120320497138
255,5,61,0.14957354467380263,0.39575495674563577,0.5697053710389198,0.27003288811264337
256,5,63,0.14969100842752328,0.3958145484999882,0.5692683280262596,0.26883182067032824
257,5,65,0.1497809827699331,0.3958875208350613,0.5689680790593028,0.26854258155375765
258,5,67,0.15000616140546705,0.39612613512954425,0.5695798711577721,0.26801213203162205
259,5,69,0.1497644307816357,0.3963152751294342,0.5686581567626341,0.2683028126095595
260,5,71,0.1493361475474999,0.3964209346537227,0.5683174028251253,0.2684074873746378
261,5,73,0.1491878051532751,0.39647072497884045,0.5677135507268722,0.26842233671410487
262,5,75,0.15023574183911892,0.396494049603679,0.5659439368323451,0.26822840190619746
263,5,77,0.1499287298614977,0.3964979596107388,0.5649346939230993,0.2678801551154542
264,5,79,0.15025198709505005,0.39662859449959675,0.5649346939230993,0.26798514830304265
265,5,81,0.15039883100527698,0.39657354974576187,0.5656626796606851,0.26794414953354745
266,5,83,0.15008620560933633,0.39660778553433623,0.5642725985843512,0.26766596524055697
267,5,85,0.15006697385568632,0.3967534534665861,0.5639878650816328,0.26761727095616245
268,5,87,0.1488750501830634,0.3969983765357434,0.5636287013760922,0.267786705592259
269,5,89,0.1494594831974341,0.39694406120090686,0.5631067546298015,0.26871066728806753
270,6,1,0.12713370670184582,0.385981019503736,0.5802945655703889,0.2562758378478362
271,6,3,0.1399896292145743,0.3862457674495645,0.5808085376093252,0.2600254262472573
272,6,5,0.14306512912151406,0.38648396269033597,0.5813717373570972,0.2605611301355561
273,6,7,0.14520125344857435,0.3865693633935339,0.5816720819144185,0.2610438736865287
274,6,9,0.14620995134160095,0.38667601968427606,0.5808743162209896,0.26042930558414235
275,6,11,0.14635867235488173,0.3869419559786845,0.5832485189465199,0.2608936915790492
276,6,13,0.1471800390228675,0.38712689104959974,0.5831314705182862,0.26123062729161434
277,6,15,0.14833733867641738,0.38722207765707767,0.5831694240539331,0.2620524358705326
278,6,17,0.1486063633986168,0.3872671385407817,0.5837377097305617,0.26190495696054616
279,6,19,0.14898862587937053,0.3873940227388046,0.5831694240539331,0.2627255022040737
280,6,21,0.14860705522531217,0.3874393047207486,0.5832293046439946,0.2631554041411962
281,6,23,0.14921632066230622,0.3875272816267921,0.5837977336991156,0.2617783405758628
282,6,25,0.14948391649423995,0.3875575757001513,0.5834619638226013,0.2610217272158452
283,6,27,0.1497193295707256,0.38760770073298006,0.5832458208332322,0.2604659634592065
284,6,29,0.149748206400727,0.387792457797126,0.5833270161365556,0.26155624064888167
285,6,31,0.1499064370381032,0.3880831612241295,0.5829013946794939,0.26241523818605067
286,6,33,0.15039370803296356,0.3882889853974549,0.5822502664829508,0.2632554158033348
287,6,35,0.15096544684376492,0.38847727295432977,0.5820657203563456,0.26303744176139243
288,6,37,0.1509207698493369,0.38886625960736193,0.5826874779961185,0.2645512630784471
289,6,39,0.15129832647297656,0.3889643885997938,0.5820146864452439,0.2654204625419255
290,6,41,0.15140567327451523,0.3892386208051661,0.5814388309136396,0.2660659094882617
291,6,43,0.15181806886289048,0.3895475589629368,0.5805530147518896,0.26550986987499287
292,6,45,0.15224856739481865,0.38981345826828423,0.5805530147518896,0.26476125669515077
293,6,47,0.15206445906105823,0.38995555638936114,0.5816094129040741,0.26447237834566023
294,6,49,0.15246846917959508,0.39008396182223176,0.5807261039717435,0.26371226411751614
295,6,51,0.15226574292966608,0.39034192291467845,0.5808796788217182,0.2635786037393483
296,6,53,0.15227845434626963,0.3906098413578673,0.5808796788217182,0.26331763706964095
297,6,55,0.1520345831951311,0.39065138912645286,0.5799631533486643,0.2628964877739214
298,6,57,0.15219994891817154,0.39094247458654713,0.5821038826613071,0.263165286809737
299,6,59,0.15218805808539781,0.3910394438318319,0.5817694369884394,0.263105704806949
300,6,61,0.15215088668596446,0.39134209453585383,0.5797695556384662,0.2630696125450861
301,6,63,0.15179708894026914,0.3914382489633082,0.579832265986556,0.2625711915159599
302,6,65,0.1519346666572392,0.3915846116459247,0.5803565997585094,0.2627063044182969
303,6,67,0.1522106246225916,0.391753991188258,0.5800162162070938,0.26183601372105025
304,6,69,0.15283469384001688,0.3918876992158921,0.579677966910156,0.2627253533355735
305,6,71,0.1522945067245854,0.39191538881346105,0.5823331299191532,0.2617496502927226
306,6,73,0.1527191237533132,0.3921519246906794,0.5836420317995454,0.2616412213469347
307,6,75,0.15311230864879932,0.3922827760161162,0.5836420317995454,0.26199758524735517
308,6,77,0.1530865618206827,0.39232068790080493,0.5830804393073078,0.26118947275553406
309,6,79,0.15306262085224115,0.39241024984685685,0.5826501415558073,0.2614457571892564
310,6,81,0.15334032604020292,0.3925978514798188,0.5824561941751317,0.26117643600114426
311,6,83,0.15359534219148316,0.39256157463179336,0.5816635540598715,0.261229854482146
312,6,85,0.15362997822511007,0.39266490130289716,0.5811910184215504,0.2614825019399815
313,6,87,0.1533872303945411,0.39279815774151755,0.5806770072705032,0.2609827340220857
314,6,89,0.15303764188369887,0.39284247146582957,0.5805672505795033,0.2611177366837442
315,7,1,0.1264783752684485,0.38713309406121965,0.576076986174993,0.25749738369614905
316,7,3,0.13901595930957988,0.3872698419530013,0.5756734970723576,0.25996662675525384
317,7,5,0.14305213161446817,0.38732344590231726,0.5736530950391758,0.2605266096618716
318,7,7,0.14511976615727584,0.3876419887020888,0.5732232697204489,0.26075318320966195
319,7,9,0.14629788736852697,0.38772880896023515,0.5755197204226837,0.26156508463926037
320,7,11,0.1464449250174991,0.3879796297943133,0.5757849091205237,0.2618829653334972
321,7,13,0.14779250086909698,0.38821563848311685,0.5762144703088234,0.26192488653920687
322,7,15,0.1482872808872673,0.38854524445795974,0.5759616396887559,0.2618506228262237
323,7,17,0.1495255452859577,0.38857357473673815,0.5758615701520876,0.2633204440687787
324,7,19,0.14993754809857268,0.38871984958648953,0.5762582054730123,0.26388214442371805
325,7,21,0.1500560970031081,0.3889221299650232,0.5762582054730123,0.26295198163242156
326,7,23,0.15009766765787,0.3891886402487449,0.5753745493320671,0.26350586745499344
327,7,25,0.15044695086321738,0.38938241382091593,0.5759767311368208,0.26434752014295376
328,7,27,0.15049782333570697,0.38949178222050446,0.5762338165362948,0.2653158080783761
329,7,29,0.15032516810569443,0.38948667060451037,0.5755953893257332,0.2650851794373508
330,7,31,0.15077258770540694,0.3896604775636268,0.575406552263926,0.26472301828514644
331,7,33,0.15088185874955842,0.38978508519536464,0.5751232798512372,0.2641979300765312
332,7,35,0.1509651350924486,0.3898338999044787,0.5744589051526552,0.2649434903760663
333,7,37,0.1508565944452159,0.3899263902260846,0.5744589051526552,0.26454135638916576
334,7,39,0.15042235988631422,0.39005260681240017,0.5735596377101808,0.2645896256333564
335,7,41,0.15046034056379587,0.39025505258615484,0.5735866954922991,0.26512034209523494
336,7,43,0.15057882343655016,0.39047698799628133,0.5734889513642994,0.2662019895720301
337,7,45,0.15048935532895688,0.39069868384482354,0.573013950406189,0.26601770805938696
338,7,47,0.1506663055704794,0.3907738284703939,0.5721712725165651,0.2644382966084534
339,7,49,0.15085903086476332,0.39097922879619024,0.5723476614353873,0.26554549673276223
340,7,51,0.15020562263818477,0.39118665947080544,0.5725299130291749,0.26580572234848876
341,7,53,0.150201082643428,0.3913106041822684,0.5719152748776126,0.2661965482381568
342,7,55,0.15037504209512892,0.3915044354467693,0.5712441710534791,0.26568596933961913
343,7,57,0.1503271015372829,0.39174175431959046,0.5709711084562975,0.26462428743558514
344,7,59,0.15065279496479048,0.3920246317354928,0.5712085724507031,0.2648353395708621
345,7,61,0.15112900199085724,0.39210469918588825,0.5720181004893534,0.26520999681640195
346,7,63,0.1511664200276932,0.3923094540755275,0.5718315552851859,0.2664728831746309
347,7,65,0.1509415098768479,0.39249950854398785,0.5723846517041291,0.26601835429547804
348,7,67,0.1511652141179203,0.39262799475631616,0.5718956355972808,0.2660196313643321
349,7,69,0.15087034452576356,0.3926470570270962,0.5716333671199016,0.26562467941725515
350,7,71,0.1508967789382139,0.3927492004926765,0.5724792385733349,0.2648898045361535
351,7,73,0.15100022067411126,0.39274153909811194,0.5718131070311706,0.2643398821701526
352,7,75,0.15096070662427657,0.3928417925145672,0.5718131070311706,0.26370753461369884
353,7,77,0.15106124504327667,0.3929123425577866,0.570357811116671,0.2648903396424619
354,7,79,0.15046922715374936,0.3930537116677858,0.5688497482207532,0.2643590211797288
355,7,81,0.15050330834071488,0.3930681324762039,0.5710274262788493,0.264487646385233
356,7,83,0.149907025292231,0.39312777649632996,0.5703702563191257,0.2643191698502519
357,7,85,0.15042523273886843,0.3932267122019546,0.5705389498885968,0.2641722821503247
358,7,87,0.15053564937097802,0.39329399173003626,0.5705389498885968,0.2631996911714384
359,7,89,0.15076911305421276,0.3932714162046706,0.5698970943790387,0.2634923577060689
360,8,1,0.12681360450506882,0.38864831993252796,0.5756508423543326,0.25396143891021616
361,8,3,0.13901253675207215,0.38876649475830344,0.5761707171254018,0.25667975865382636
362,8,5,0.14266777450449122,0.38896951538148566,0.575530525563642,0.2580385750830437
363,8,7,0.14470296921921405,0.3892921137512184,0.5750472699201944,0.25934856203895107
364,8,9,0.1454918063239565,0.3896079772180703,0.5746606598400914,0.2605874365217117
365,8,11,0.14677842441838898,0.38987906136850203,0.5741554713919541,0.2610594592019904
366,8,13,0.14717714167934073,0.3899345363165451,0.5745743786332775,0.26063020304463014
367,8,15,0.14719732564517682,0.390076060506001,0.5759064068625558,0.2604450968700807
368,8,17,0.14788625262739433,0.39019725305913383,0.5771214513152797,0.26150915316495454
369,8,19,0.14786502517846944,0.3903852178630376,0.576973583165327,0.2604375605911863
370,8,21,0.1484169066605861,0.39042238505403865,0.5763981705586109,0.2605321845982743
371,8,23,0.14838088511730876,0.3906545528317825,0.5769621281096518,0.25995937127172386
372,8,25,0.14900590456837245,0.3908399693914994,0.5776594109936822,0.2599412859909243
373,8,27,0.1490565790077299,0.3911225319804759,0.5777748201893173,0.2610027963547076
374,8,29,0.14963532997277884,0.39124388465967236,0.5782762781893178,0.2609553747568784
375,8,31,0.14946788449125017,0.3913735351318285,0.5778928546276505,0.26049808729474977
376,8,33,0.1493293878077488,0.3915916394692172,0.5775500084264263,0.26074296412140857
377,8,35,0.14924093378405048,0.3917092197345247,0.5766029449910535,0.260173562515016
378,8,37,0.1492195336562661,0.3918855059781046,0.5765871976577605,0.2607873642981642
379,8,39,0.14981363996703825,0.3920656985051699,0.5762525502407044,0.26074585919405563
380,8,41,0.14993275143628285,0.39209508588060976,0.5772665924223231,0.26154094877298034
381,8,43,0.14988580173734253,0.39224103971324054,0.5768073527794292,0.26155569887470714
382,8,45,0.14934178655988942,0.3924211625114341,0.5761062880176198,0.26185430369900425
383,8,47,0.14953394455248323,0.3925306643605034,0.5747412847190623,0.2620606016915395
384,8,49,0.14938531715015838,0.3927457079003739,0.5749581013762283,0.26300754689640915
385,8,51,0.14926872312632994,0.3928623202480937,0.5758830956975006,0.26200469408861493
386,8,53,0.1495321698195541,0.3930111679348504,0.5770622947077986,0.26175945960353003
387,8,55,0.1500033037874577,0.3931068611298331,0.5771234231659061,0.2606086723331505
388,8,57,0.1503100156096456,0.39324024321694345,0.5764496505769034,0.2592156691187154
389,8,59,0.1506095506307754,0.39332065873877115,0.5764510393383108,0.25991520618774727
390,8,61,0.15071155654311733,0.39360178282060626,0.5769409502449804,0.26050809736027886
391,8,63,0.15100159902989232,0.3936697921383226,0.5769230133396486,0.2602341810779443
392,8,65,0.15150997291728246,0.3936845053218949,0.5758074973772713,0.26099950969399693
393,8,67,0.1509217922105022,0.39374637571479126,0.5754946512694387,0.2614598962676199
394,8,69,0.15073477443416478,0.39391281087466135,0.5748461761674172,0.26155477139486005
395,8,71,0.1507738286640461,0.39386489050866336,0.5743692140176344,0.26107766632217183
396,8,73,0.1508097029319893,0.39401865152069726,0.577136913650641,0.2615497713603601
397,8,75,0.15054137618259378,0.39405113674958364,0.576164498688796,0.26171044526840714
398,8,77,0.15118376074582018,0.39414766761104536,0.578394482560463,0.2620424499507963
399,8,79,0.15104273380574232,0.39426704404532076,0.5765737802561135,0.2613239461054306
400,8,81,0.150742274218829,0.39442382031105805,0.5752810374581795,0.26185215811073076
401,8,83,0.15084164056029517,0.39441738358080514,0.5750881272294613,0.26171268689145355
402,8,85,0.14963088526864426,0.3943793986887699,0.5756351618554268,0.2610737111478363
403,8,87,0.14946443851751143,0.39442619068375956,0.5752483133950531,0.2604871887820356
404,8,89,0.1497013943313519,0.39451409486435157,0.5750134533789695,0.26175294283856104
405,9,1,0.12914458311222005,0.38670154728677847,0.5689258024275494,0.25792531948142466
406,9,3,0.14113098310758007,0.386787714380921,0.5684867134758081,0.26156804485640534
407,9,5,0.14453625979299414,0.3868506084733247,0.5693982201337725,0.26229187283916694
408,9,7,0.1469240407337286,0.38689397569584644,0.5664250545063546,0.2624058981858881
409,9,9,0.14839999068313775,0.38715771353033357,0.5662443175701689,0.26325445618193805
410,9,11,0.1494856786324965,0.38734617620387424,0.566579137868873,0.2629837035170031
411,9,13,0.15039430894823907,0.38751516849229434,0.5662620495532263,0.2637466186509781
412,9,15,0.1502017101632809,0.38766741289003087,0.5666928241895677,0.2647987662593963
413,9,17,0.1509307487567933,0.3877598992911185,0.5656619902498186,0.2641033054055786
414,9,19,0.15123408948935904,0.3878782528472901,0.565233662758495,0.2643648889425622
415,9,21,0.15149773114814447,0.38799390430751757,0.5645575253676223,0.2642648655747836
416,9,23,0.15224861612778726,0.388104831891797,0.567492500705008,0.26528416886168066
417,9,25,0.1518498333709392,0.3882692748281674,0.5639736206217892,0.265515100891815
418,9,27,0.15297229365829487,0.3884105094021673,0.5642669721915005,0.2650678132057148
419,9,29,0.15294930566120243,0.388539853917006,0.5632978847843159,0.2659910915664348
420,9,31,0.15283840474727586,0.38881700270662295,0.5663939465706289,0.2668139414863669
421,9,33,0.15291375869476037,0.3889046006580221,0.565707318953951,0.2669267665686846
422,9,35,0.1526688326077375,0.3890173003748664,0.5662523429502773,0.26789100126809295
423,9,37,0.152515056584847,0.38920345593016076,0.5661248586528148,0.2679847206051539
424,9,39,0.1526518630126922,0.38929265483177095,0.5650828211373432,0.26759902545837816
425,9,41,0.1528611685880314,0.3894553544881337,0.5643316346025483,0.26761546578828965
426,9,43,0.15339225215981744,0.3896588316557682,0.5637293920377646,0.2672992683956774
427,9,45,0.15297404484701385,0.38966515834401777,0.562563587942127,0.26753245019897526
428,9,47,0.15368846544890608,0.38968149504603045,0.56212587034163,0.2682655737851209
429,9,49,0.15345105375563198,0.38984760557696635,0.562000736699713,0.2682950325858909
430,9,51,0.1536673898871265,0.3899806196787049,0.5621291827554867,0.2671170071523475
431,9,53,0.1534912974890644,0.3900038789393703,0.5619267134420737,0.2664475730480374
432,9,55,0.1535105662415254,0.39001806323231153,0.5619267134420737,0.2668029949287558
433,9,57,0.15403247945900334,0.39007821192706377,0.5617565863246973,0.26691357599311194
434,9,59,0.1541209268179609,0.39005801868052664,0.5618773052884832,0.26708959496188733
435,9,61,0.15375150517072475,0.39014333177504346,0.5624154218210239,0.2673445385599852
436,9,63,0.15365403076517486,0.3902651472946534,0.5622287903379714,0.26815567374219845
437,9,65,0.15349681246434374,0.3903002435275285,0.5620418866225771,0.26650503759955174
438,9,67,0.15381748152724975,0.3902678355498531,0.5616775978789104,0.26669430330989363
439,9,69,0.15354600390456247,0.3904518580481941,0.5614322979027294,0.26656559024592597
440,9,71,0.15367542738407478,0.3906346056913707,0.5607736558030454,0.266486540764364
441,9,73,0.1533710059234368,0.39070945785200456,0.5610792587817955,0.2660774131117798
442,9,75,0.15358356519470268,0.3908730942172721,0.5601356898717793,0.2662706109556704
443,9,77,0.15298101920891158,0.39090173057729677,0.5604253326101785,0.2660885324366737
444,9,79,0.15274970134038338,0.39094011596839867,0.559036261017792,0.26672435623980595
445,9,81,0.15240119536307034,0.3909451410877189,0.558903987870429,0.2660206270825069
446,9,83,0.15314890465793524,0.3908649693169344,0.5586265607802726,0.26601211000141795
447,9,85,0.15305311489112317,0.39090405372613446,0.5607083391863191,0.26614076290770394
448,9,87,0.15233928023893797,0.39083765673684095,0.5601596380381556,0.26580222195793507
449,9,89,0.1519918570668901,0.3910929754968041,0.5604158513024469,0.26616237541766524
450,10,1,0.12546545789964397,0.38528394604996014,0.5623340436079872,0.25575470555923346
451,10,3,0.13777481805467437,0.38546611938871067,0.5615564374522017,0.2582122067193887
452,10,5,0.14214218452011085,0.3857123721750063,0.5606031765034815,0.2586492850479217
453,10,7,0.14350518553273597,0.385948072716731,0.5606633632424362,0.25882880843220135
454,10,9,0.14426864127896663,0.3859040120951686,0.5576141433258244,0.2604848709069242
455,10,11,0.14569378720256015,0.38613780125128433,0.561139546128363,0.2613548772341568
456,10,13,0.14617347949029216,0.38625045535697405,0.5618675684235132,0.2611898543989401
457,10,15,0.14708299846593823,0.3863596697982646,0.5625865844040424,0.2602424363375531
458,10,17,0.14748856412330044,0.38646675587109447,0.5628439857625666,0.26046711753775076
459,10,19,0.14749574471602434,0.38647506116872465,0.563000206563545,0.2606313826825327
460,10,21,0.14746723773024842,0.38659993870642867,0.5631840054164331,0.26086136356612893
461,10,23,0.1474792097420185,0.38654962841646323,0.5631840054164331,0.26112562416549895
462,10,25,0.14721545303546643,0.3865651822778694,0.5632421322923462,0.26252646780178723
463,10,27,0.14780787060492548,0.38661359588423494,0.5627011502009359,0.26322873155164517
464,10,29,0.14874736502051364,0.3867387431860045,0.562627891279193,0.2631257516528308
465,10,31,0.14932319625865384,0.38693116127137933,0.5621606362029772,0.2645643309375413
466,10,33,0.14961629040181987,0.38702879522234135,0.5615942632936775,0.26378872771623646
467,10,35,0.14954024272606106,0.3872304973864994,0.5609163813394628,0.26408981927773567
468,10,37,0.14971154816888627,0.38736166006782236,0.5617824140043913,0.2637966469329223
469,10,39,0.14963634579604929,0.38746277401377766,0.5617497961668491,0.26415686511978986
470,10,41,0.14907087546166625,0.387584451028865,0.5617678609723554,0.26418208545441274
471,10,43,0.14935745690688723,0.38770197689757024,0.5612355728354363,0.26397233601342707
472,10,45,0.14928849372617478,0.3877751897048392,0.5609921477038996,0.263340246068601
473,10,47,0.14952501393414594,0.38788158707250703,0.5608194480363432,0.2629637101846605
474,10,49,0.14922658399572947,0.38810432522512367,0.5622293957829226,0.26230447267416285
475,10,51,0.14969701293576795,0.38818249616075545,0.5630102863399762,0.2620354483987663
476,10,53,0.14991539628165187,0.38826824264084375,0.5627390361882318,0.26197103305763003
477,10,55,0.1498765322326923,0.3883534609381095,0.5628357270538359,0.261758439116459
478,10,57,0.15027527549471245,0.38842388966922947,0.5631251625726829,0.2625862135235704
479,10,59,0.15058629207905724,0.3886686279278508,0.5652938981320372,0.2622371568758425
480,10,61,0.1503989734539748,0.3887696978000496,0.5652938981320372,0.26337395856833085
481,10,63,0.15073656808361524,0.38894047281941335,0.5659722635286121,0.26316744841252154
482,10,65,0.15077936851461976,0.38909517314140935,0.5669098241176144,0.2633004935232341
483,10,67,0.15082733164239356,0.3891941046029386,0.5666877713001981,0.26228815764448776
484,10,69,0.15106091706329144,0.38929002364783577,0.5661551933647919,0.2624870508112432
485,10,71,0.15115170340684672,0.3894267082920929,0.5643421314099777,0.26217112980228846
486,10,73,0.15140713667753042,0.3895913743234614,0.5641751213114355,0.2619932188463407
487,10,75,0.15146944105463472,0.38968546825797495,0.5637029581613533,0.2620441845213107
488,10,77,0.15114415693113967,0.389670206828291,0.5631984867469055,0.26233317129504424
489,10,79,0.1510967574577232,0.3897029702593118,0.5651690408166484,0.26295061063654296
490,10,81,0.15119339343710766,0.38979092543110344,0.564635138188197,0.2628976500682593
491,10,83,0.15065323856078836,0.3899247718718894,0.5639270170835464,0.2637657986430349
492,10,85,0.15027601955733821,0.3900508535808447,0.5636676261363537,0.26421479973517165
493,10,87,0.15110274749787297,0.3902453343282321,0.5652026200752446,0.2635168752265961
494,10,89,0.15093697418197288,0.39037042305715836,0.5652605526925347,0.26381990107127606
495,11,1,0.12536230815223112,0.38936621842703906,0.5699082930947388,0.2581394318760004
496,11,3,0.1373330627729294,0.389639771436088,0.567522677222048,0.2603497944539705
497,11,5,0.1410972088999406,0.3897300881398465,0.5689672486697716,0.26187798138994406
498,11,7,0.14326889806660661,0.38990066524452066,0.5672627322477811,0.26324153320625526
499,11,9,0.14485975585684224,0.39021133874831504,0.5672627322477811,0.263636462566349
500,11,11,0.14581557864194208,0.39049447421291106,0.5684431576526845,0.26344827718157005
501,11,13,0.14607078837150686,0.3907674079145851,0.568853616817077,0.2641935428119985
502,11,15,0.14629506743190643,0.3910429425068062,0.569015713667427,0.2655494448386562
503,11,17,0.14683856968909886,0.3911360773366948,0.5678888147754647,0.2658478251043012
504,11,19,0.14740812098793657,0.39135915103771407,0.570760142332708,0.2661063714655405
505,11,21,0.1480072396941856,0.3914014802143247,0.5724994554169919,0.2656049569463826
506,11,23,0.1482592628797281,0.39144287001774364,0.571967304957391,0.26469617414949576
507,11,25,0.14816448129428614,0.3915723655587585,0.57213019039548,0.2645785466396563
508,11,27,0.14878305567869493,0.3916734157961721,0.5694904842732025,0.26607723256742866
509,11,29,0.1491696126864479,0.3918583524176676,0.5694904842732025,0.26609023943272453
510,11,31,0.14944740626374467,0.39212850110242264,0.5691483713868063,0.2663586796826692
511,11,33,0.14901329109036315,0.39247764459764617,0.5688885055982863,0.26687754916819106
512,11,35,0.1491943521273214,0.39284608116206954,0.570097542499837,0.2667634107488669
513,11,37,0.14938788609460815,0.393030392805181,0.5700202253634888,0.26688188416520714
514,11,39,0.14924376497081265,0.3932989570353382,0.5694268507849559,0.26657769702206113
515,11,41,0.14908464661835077,0.39349634247337467,0.5693046169051871,0.26690063423542115
516,11,43,0.1494072097202577,0.3937072434166518,0.5675427010484169,0.2671359453424165
517,11,45,0.14982855698925626,0.3940843247158133,0.5675945447549592,0.2686156319570388
518,11,47,0.1498319329912728,0.39421738723780664,0.5675945447549592,0.2680713895069828
519,11,49,0.14961579598835775,0.3943514847915945,0.5672486053243376,0.268312730965832
520,11,51,0.14931664002273437,0.3946579354414846,0.5697908226417606,0.26763222683083054
521,11,53,0.14923836986852382,0.39483501627065415,0.5694367471158378,0.2682856959271525
522,11,55,0.1495940502097446,0.39502871950468144,0.569771505353436,0.2682485680701959
523,11,57,0.15013395292922085,0.3950927784987584,0.5688937185507754,0.26837188083604346
524,11,59,0.14963108011341833,0.3951315666455128,0.568418040661102,0.2681983977382248
525,11,61,0.1497372827841766,0.3952917925303434,0.5682453775418131,0.2688958169175997
526,11,63,0.1496648581703186,0.3953813069586987,0.568304896880747,0.2690766259487381
527,11,65,0.14984253801073288,0.39547928449712516,0.5683055127434268,0.2691263269138561
528,11,67,0.14944033042611782,0.39556313731389653,0.5706760762038651,0.2689660607541541
529,11,69,0.14918357622203526,0.3956687002118331,0.5705979247893763,0.26873429337972693
530,11,71,0.1495104284910081,0.3957994021793499,0.5704103988354662,0.26843315234261017
531,11,73,0.15002958675463968,0.3959352148876722,0.5704398805761939,0.26790239366215074
532,11,75,0.14953457155501446,0.3960864305289736,0.5710606593425286,0.26766619580132645
533,11,77,0.1496895121854224,0.3962125099274503,0.5712478968186302,0.26709599363508285
534,11,79,0.1492945446983551,0.39625659160804244,0.5723107327101697,0.26701758442816464
535,11,81,0.14854578975108246,0.39635138516389523,0.5706178089571251,0.2676055011794055
536,11,83,0.1484034686823555,0.39645628969033736,0.5706178089571251,0.2665960290862579
537,11,85,0.14829772460160767,0.39658080281582114,0.5704855010688676,0.26660009759694225
538,11,87,0.14807519963206967,0.3966587060385205,0.5693714652793836,0.26549816614788685
539,11,89,0.14820743044527265,0.39678839062103693,0.568715176371623,0.26577258154135286
540,12,1,0.12491096663237199,0.3912327896081034,0.5845698317970424,0.25507101075099187
541,12,3,0.13771285856933066,0.39138035124728227,0.5865523886662853,0.2555380401895844
542,12,5,0.14097698437682038,0.391663191040009,0.5841965691068821,0.25561665619038204
543,12,7,0.1430028379155148,0.3916756119391874,0.5831151277518932,0.2565552692703948
544,12,9,0.14442626327070446,0.39184491636419383,0.5834649095523365,0.2545282636503762
545,12,11,0.1446294630733258,0.3918306416850979,0.5836312302121309,0.2548733773909271
546,12,13,0.14479322148958199,0.39217877002003165,0.5841892164591526,0.2562337175681048
547,12,15,0.14560111711729615,0.3923381939313219,0.5869529298083099,0.2559845139627944
548,12,17,0.14664657789722665,0.3925317282588668,0.5869529298083099,0.2560995837049517
549,12,19,0.14721337252062608,0.3925944728071444,0.5880198540563636,0.2553684233932127
550,12,21,0.14737824039822806,0.3927530561966299,0.5882041849117312,0.2561330419659408
551,12,23,0.14714779379658058,0.3928162235630161,0.5880198540563636,0.25607558900277544
552,12,25,0.14687449821732848,0.39293309848596764,0.5878531122551093,0.25671213766781753
553,12,27,0.1482726922645634,0.39304229703655535,0.5876772501763321,0.25704161892845484
554,12,29,0.14846972187406762,0.3930418702783255,0.5869375783353237,0.2571371174899204
555,12,31,0.1480309177678258,0.39304205114111535,0.5856754095476507,0.25695338822628144
556,12,33,0.14832073098917758,0.39308195771592164,0.5847127535183717,0.2565179731782257
557,12,35,0.14807025554887493,0.3932853153372559,0.5847127535183717,0.25651724762725037
558,12,37,0.14790837084375652,0.3934967230170568,0.5854150064495951,0.2566891973026667
559,12,39,0.14815757704082552,0.3937297307007766,0.5859027933831726,0.2577520782781563
560,12,41,0.14841315728796928,0.3939053868435547,0.5859027933831726,0.2577001008931114
561,12,43,0.1491070161589164,0.39411438656905273,0.5861391041291463,0.2567433942660281
562,12,45,0.14892602652145195,0.394278986085178,0.5859637908644686,0.2578109422118931
563,12,47,0.14955941866769987,0.3942251531591178,0.5844060916925882,0.2571063866034274
564,12,49,0.14908599964223027,0.39430113477983664,0.586208684471461,0.2573853937105922
565,12,51,0.14873551759305634,0.3946171339642905,0.5859077091128791,0.25855505085426894
566,12,53,0.14877438747133148,0.39481255232572793,0.5857318769045683,0.2584871366705219
567,12,55,0.14902582045628304,0.39499435966012514,0.5857318769045683,0.25933977529193525
568,12,57,0.14842619737648313,0.3952081555336216,0.5850739018353817,0.25927994693240447
569,12,59,0.14875044023244802,0.395308558909406,0.584722489641803,0.257769177098459
570,12,61,0.14884491227779328,0.3954641113594022,0.5851419896056612,0.25881986038752247
571,12,63,0.14902096213618135,0.3956395365612154,0.5851419896056612,0.25926192521364394
572,12,65,0.14886441941077652,0.3958274158025247,0.5856877162453189,0.2577558574969919
573,12,67,0.14919469198939692,0.395841203717883,0.5852064998354264,0.2576598422641824
574,12,69,0.14906464012098844,0.3959365950398079,0.5844105046105051,0.257401627883065
575,12,71,0.14904238728980992,0.39612238702545916,0.5847620180602474,0.2590604179928582
576,12,73,0.14890602570853226,0.39621686508300513,0.5849856101600307,0.25753298257384943
577,12,75,0.14864334169161217,0.3964522783811711,0.5833690282158429,0.25722523547448317
578,12,77,0.14827526742414918,0.39667403112984473,0.5854532972193205,0.25722586684970106
579,12,79,0.14794846333688638,0.3969238369283021,0.5854532972193205,0.2559422683520483
580,12,81,0.14798885204041617,0.39708982942138105,0.5867971774629581,0.255428476778902
581,12,83,0.1485048727394132,0.3972586985408194,0.5861465762286054,0.2550471356485098
582,12,85,0.1480579452900516,0.3974469469518701,0.5854690254691987,0.255413183433872
583,12,87,0.14845459203583083,0.39757017850248405,0.584404513406884,0.2557805960545291
584,12,89,0.14867787672412344,0.39780077484502047,0.5877477584257855,0.2563700489707127
585,13,1,0.12896250016238256,0.3848010977485408,0.5663278834891512,0.25950657950114986
586,13,3,0.14072231823863315,0.3849594358767693,0.5662422457746569,0.26126916668630684
587,13,5,0.14430366284254623,0.38499943907866463,0.5655242302566805,0.26301399899603584
588,13,7,0.14635224644036043,0.38510882879162095,0.5650600773614244,0.2635802862195593
589,13,9,0.1476230657859261,0.3852955598046167,0.5648453210737032,0.26439929731623135
590,13,11,0.14864098471944248,0.38558522449536214,0.5656070106910163,0.26409939770548824
591,13,13,0.1490017314818901,0.3858164121613586,0.5640415421155146,0.2638525205279501
592,13,15,0.1494386619654818,0.3859492413644601,0.5645603017189266,0.26448495870029826
593,13,17,0.15004713577892242,0.38605185775537604,0.564076040217716,0.26504119338402893
594,13,19,0.15032422236323312,0.3862152703764164,0.5660706461055799,0.26548040695029346
595,13,21,0.15065412911000994,0.38627471199505886,0.5667050819182965,0.26600485967546633
596,13,23,0.150795807186716,0.38631408574141135,0.5668876140042777,0.26688030890618775
597,13,25,0.15098782795644294,0.3863843942499797,0.5669992693877539,0.2652565738140321
598,13,27,0.1504831470642861,0.3865219292465794,0.5648987417574675,0.2648659760855233
599,13,29,0.15036941245697427,0.3867455339066379,0.5645568810632287,0.26547294169751173
600,13,31,0.1506678366958262,0.38689544742320586,0.5645568810632287,0.2639470165467669
601,13,33,0.1510579431197435,0.38723827259877774,0.5658932352253945,0.2637452308555267
602,13,35,0.1514585570403357,0.3873477765977499,0.5660350228994039,0.26167405610241307
603,13,37,0.15144996788431705,0.38755534768661243,0.5657520887517279,0.26213483796853515
604,13,39,0.15150745484142297,0.3876959054227793,0.5654398590114166,0.26319396459874317
605,13,41,0.15173716967642895,0.3879391864443118,0.5654398590114166,0.2633248600384181
606,13,43,0.15106254503098285,0.3881387700297959,0.5653126053854686,0.26323357572023987
607,13,45,0.15163606408552446,0.3882526763465543,0.5652965732187026,0.26189071596154634
608,13,47,0.15181004552506944,0.388454573431659,0.564815668409104,0.2619119513241633
609,13,49,0.15170225829428205,0.388562192379691,0.5642428057022733,0.26172749978027227
610,13,51,0.15153945161045676,0.3888309473046507,0.5651995088366631,0.26251927422792054
611,13,53,0.15168741903591756,0.38887697579414526,0.5662508497625265,0.26261040856596835
612,13,55,0.15190789522852086,0.38903809195877875,0.5681138520952318,0.2623795546507513
613,13,57,0.15143520481724734,0.3892493668876675,0.5684772816049634,0.2630548550057494
614,13,59,0.15143612588197827,0.38942485035782415,0.5678500312795219,0.2640775517600485
615,13,61,0.15089920001825452,0.3895004995255314,0.566961825424643,0.26493546835285947
616,13,63,0.15108298917364515,0.38957806123791755,0.5674576909079166,0.26522331374948843
617,13,65,0.15114271697835474,0.3895871434049184,0.5680286354466668,0.26448001794325077
618,13,67,0.1513146701593196,0.3897943020486182,0.5692323470121414,0.2646354049154266
619,13,69,0.15122424244767937,0.3898313089972845,0.568946109425221,0.26557286019508874
620,13,71,0.15090687700310612,0.3900520154140005,0.5669234285423337,0.265903654904433
621,13,73,0.1509857833051004,0.3902575973285707,0.5668672518251568,0.26582902747377163
622,13,75,0.15123905715615255,0.39044695873813157,0.5665206906476168,0.2654114491954632
623,13,77,0.15143425527198673,0.3908210560167305,0.5656270984267582,0.26539200434178317
624,13,79,0.1512162726120534,0.39103091957667097,0.56437018050501,0.26526146416980534
625,13,81,0.15095454989601179,0.3910795807406115,0.5629217537974738,0.2642142535418464
626,13,83,0.15105141296614746,0.3909684666011744,0.5627262630274188,0.2636315702131852
627,13,85,0.15121501669220502,0.39095296749088837,0.5620581776941024,0.26350717126866796
628,13,87,0.15068862071289327,0.39114535574701953,0.5610823814866797,0.2636393402387431
629,13,89,0.1507351108549205,0.39109732149730564,0.5612639572963085,0.26331588729431826
630,14,1,0.12849633487349474,0.3798074501198638,0.5580819226095581,0.257360618594016
631,14,3,0.1414973506587196,0.38007566731331305,0.559000482093828,0.2635377686902766
632,14,5,0.14463436424177584,0.38015731932084235,0.5596651042483433,0.26549383900757856
633,14,7,0.14685808647720378,0.3802850075701248,0.5591551902333584,0.2670421431896553
634,14,9,0.1475941345085043,0.3804672772296896,0.5592923387937424,0.2668282052097392
635,14,11,0.1481528765613884,0.3807133998461955,0.5586184974806802,0.26768431226571715
636,14,13,0.14899150311984824,0.3810855083119157,0.5596381841747095,0.2690450527742129
637,14,15,0.14888579229218474,0.38111875744069573,0.5602015980360386,0.26931640861183687
638,14,17,0.14895700709129572,0.381388141831664,0.5601000045555972,0.2681336600016875
639,14,19,0.14918166020125076,0.38170397470838785,0.5600422380322129,0.2685600117487997
640,14,21,0.1496729294625081,0.3820040083031314,0.5600369275787498,0.26753730053270774
641,14,23,0.15016716373828412,0.3820560339019833,0.5553396313137983,0.2677511790867157
642,14,25,0.15055706876346714,0.38225603050624174,0.5555390814568213,0.26701382327360296
643,14,27,0.14997304024161479,0.38247322522785165,0.555003814470214,0.26570454880779887
644,14,29,0.15035116798201195,0.3826345282065861,0.555003814470214,0.26673921294503017
645,14,31,0.14975321464870953,0.38269338661513885,0.5558231757284834,0.26606408665813785
646,14,33,0.1500758230749298,0.38282180473641647,0.5560929337166052,0.2669446525926077
647,14,35,0.15059601187439595,0.3828972131347878,0.5556495522367124,0.2668222925185149
648,14,37,0.1505928862596862,0.3829609636809615,0.555948286467421,0.2667219904175552
649,14,39,0.15100472388301545,0.383077603230412,0.558144268526732,0.26658353585352346
650,14,41,0.15156746151664488,0.3832310432840301,0.5601202056654438,0.2674606925985426
651,14,43,0.1518194366202785,0.3833243319247553,0.5601783389802438,0.2680098492426138
652,14,45,0.15196519842276995,0.38346672216222044,0.5596542398512984,0.2682848258324803
653,14,47,0.15243934232410922,0.3835510801129809,0.5586775835811724,0.2689285794862067
654,14,49,0.15225634757242612,0.38374808741715943,0.5581216506757618,0.2697041938797772
655,14,51,0.15247866023393192,0.38384850696894945,0.5581521655534959,0.26889716044639755
656,14,53,0.1525423073408502,0.3839202090884787,0.5579656979042519,0.2684334830473311
657,14,55,0.15271419843704553,0.3840891333094148,0.5572721857385627,0.26937834003022576
658,14,57,0.1523927319231523,0.3842827092805749,0.5572721857385627,0.26960298105376196
659,14,59,0.1519763602756084,0.3845113792037455,0.5567260353872283,0.26991464329826603
660,14,61,0.15189579644107806,0.3846399769137759,0.5560417504693901,0.27055872634642963
661,14,63,0.15184216292400105,0.3848407979963759,0.555273394063455,0.2705092223384982
662,14,65,0.15167565112781647,0.38487249516527283,0.5549211906825164,0.26921787588363055
663,14,67,0.1514091341830339,0.38502401151398435,0.5555859808660143,0.2687476051319665
664,14,69,0.15070394021324182,0.385080337854721,0.5560510955796146,0.2679212660514871
665,14,71,0.15116502256327363,0.3852724096527506,0.5555999985306654,0.2679417296235619
666,14,73,0.1513620818129611,0.38523934469481047,0.5546926814654471,0.2676058371938937
667,14,75,0.15162561511849723,0.3852990062096671,0.553910903643228,0.2671846893151312
668,14,77,0.1522221623185178,0.38542859159635723,0.5524889729973391,0.26745851693671957
669,14,79,0.15226836142541195,0.3856085608782358,0.55198057401919,0.2675791912599524
670,14,81,0.15236981968523605,0.38591321912041765,0.5529493803759192,0.26740619428249746
671,14,83,0.15219264026468363,0.38606268180995823,0.5528914067466016,0.26605576608838566
672,14,85,0.15232212670615208,0.3861653540519536,0.5535562040742666,0.26544128096974945
673,14,87,0.152242241305564,0.3861935014788002,0.5526178479615366,0.2657830441948238
674,14,89,0.1516837053691432,0.38618728482309567,0.5518412200068875,0.2649445528442956
675,15,1,0.12833856774938748,0.38928544943367843,0.5600791323364048,0.2594492362086078
676,15,3,0.14181205092550447,0.3895316345022125,0.5637733056408527,0.26050647445473224
677,15,5,0.14524711555125225,0.3897106654258597,0.5631114814381173,0.26295044418008534
678,15,7,0.1468967706619984,0.38984781787595285,0.562988766982221,0.262678794365414
679,15,9,0.1483472494049871,0.39020458705632866,0.5615184752273734,0.2630320808647738
680,15,11,0.14904478497187884,0.3902501475368078,0.563047260079561,0.2625531151868006
681,15,13,0.14985832471039678,0.3901524626659956,0.5649474961209983,0.263650464747187
682,15,15,0.15057387277703624,0.39027344980537704,0.5632405997245691,0.26491843934849646
683,15,17,0.14964777834960077,0.3905347870576085,0.5638161755764225,0.26471171450654374
684,15,19,0.1498075009809861,0.39065093262950507,0.5639705817907058,0.2666057587712757
685,15,21,0.14994476436575152,0.3906450094309267,0.565003934487251,0.2674750934291561
686,15,23,0.15026615368437377,0.39081470684600583,0.5648381971673647,0.26649440895881116
687,15,25,0.15103764325473784,0.39078742014848256,0.5642650161225534,0.26635914433776015
688,15,27,0.1509776084270815,0.3910817467728502,0.5636338411075283,0.26733783146332074
689,15,29,0.1510177087290103,0.39115002989493025,0.5638760538905776,0.266637621412876
690,15,31,0.15193258694010808,0.3912888310690451,0.5626253536731108,0.26720479174526673
691,15,33,0.15214921773434062,0.39141649657511113,0.5631769729993479,0.26812194034199927
692,15,35,0.15211264538017058,0.3915499493192201,0.5637409258110605,0.2679949012916346
693,15,37,0.15213195949868924,0.3916678782955149,0.563955857059723,0.2680194348114363
694,15,39,0.15185896018048956,0.3917270193403362,0.5644152205848043,0.2687294428378399
695,15,41,0.15202982332308884,0.3918753986316846,0.5627529325942221,0.2684587955963806
696,15,43,0.1525403477978739,0.3919113076705578,0.5618374907939366,0.26899602234377185
697,15,45,0.15154740124577373,0.3921252817704728,0.5618374907939366,0.2696244739006936
698,15,47,0.15132327304016155,0.3922060812015324,0.56179921709823,0.27028482899212863
699,15,49,0.15157022324597658,0.3924040373814834,0.5601468594925944,0.26991397815394425
700,15,51,0.15129148380687188,0.39260122609320897,0.5596885824341634,0.2694443073791054
701,15,53,0.15129335317456083,0.3926416520424306,0.5605576258922326,0.26906542988317855
702,15,55,0.15136629566273133,0.3926635928837201,0.5598682221869823,0.2697098205602743
703,15,57,0.1515115018643234,0.3929412726053743,0.5592199570624239,0.2697589164155985
704,15,59,0.15184567250038752,0.3931555533530254,0.5601369694859588,0.2694808621843169
705,15,61,0.1518434367282499,0.3935083468031169,0.5614168636031225,0.26893811619413566
706,15,63,0.1515769646556624,0.39374882326243804,0.5603331468004821,0.26982495803507284
707,15,65,0.15202232545368058,0.3938654803616778,0.5598631575495395,0.2691415057371619
708,15,67,0.1522929481965814,0.3939549132170685,0.5611992149975876,0.26911494415397147
709,15,69,0.152379616148186,0.3940192743412568,0.5621763846078311,0.27044693399641134
710,15,71,0.1520780447014323,0.3941808047337389,0.5621763846078311,0.2705319078503089
711,15,73,0.1523793977175505,0.3943391843055798,0.5652064987595368,0.2699942401310578
712,15,75,0.15256432020860616,0.394543643349416,0.564917636825708,0.2695443130837141
713,15,77,0.15272056305587636,0.3948369963007917,0.565691750155141,0.2703923372088034
714,15,79,0.15281726459080716,0.39498079592022056,0.566114963947823,0.27019094596903576
715,15,81,0.1533838458008538,0.395162099469233,0.5651373023069846,0.27065547689186353
716,15,83,0.1532365202934043,0.39533106624035913,0.5647527672817892,0.2691617615095987
717,15,85,0.1533055616866155,0.39557483383391173,0.5648438029993119,0.26969490498752
718,15,87,0.15358579705799055,0.39575780347228323,0.5644257347901577,0.27048329226691237
719,15,89,0.15354365386060748,0.3959792752272447,0.5617902222498942,0.2712333900109284
720,16,1,0.1256836733014122,0.38239343442501894,0.5693572256170701,0.25866316090488156
721,16,3,0.13804130196890782,0.38268143091244583,0.5673367883108407,0.2615147882532535
722,16,5,0.14176755293259155,0.3828519437134994,0.569002344406307,0.2623929375318363
723,16,7,0.14366728074157198,0.38313017696775287,0.5676184352376766,0.2632558209383514
724,16,9,0.14468616358275974,0.3831808491908294,0.5689152923745069,0.2637260905998056
725,16,11,0.14526048046681642,0.3830210941615855,0.5677134407295689,0.26371861098669547
726,16,13,0.14629153736409628,0.3832668678171284,0.5674289530912263,0.264837894048001
727,16,15,0.14651775240305426,0.383330933146456,0.567216283028201,0.2653613268478648
728,16,17,0.14698694925961905,0.3832777925038813,0.5668753387696484,0.2655008212167062
729,16,19,0.14763812474574892,0.3834320573551381,0.5666348385291481,0.26667728508225175
730,16,21,0.14783589144287881,0.3835117207442022,0.5666348385291481,0.2659978937809362
731,16,23,0.1477151940873764,0.3835175345550333,0.5656876591283976,0.26576938121032834
732,16,25,0.14777388925151871,0.3836930936637802,0.5655048842763176,0.266264304213898
733,16,27,0.1478489606165587,0.3839071751914163,0.5655627565929493,0.26724803761301186
734,16,29,0.14863337170679206,0.3841523695532477,0.5646799717629799,0.2674894825699778
735,16,31,0.1485918962542337,0.38427128402288296,0.5645541772328729,0.2667052500334795
736,16,33,0.14832290324696104,0.3844947199316312,0.5645541772328729,0.26716517112930677
737,16,35,0.14869553826148824,0.3846804888893325,0.5652970470794134,0.2673739793611379
738,16,37,0.1482441282407339,0.38491875147707594,0.5655095374659866,0.2680131296182654
739,16,39,0.14816445237378037,0.38512224782021887,0.5686278783017553,0.2677594728627838
740,16,41,0.1487432430241069,0.38527155120956275,0.5678304884034538,0.2655880832708941
741,16,43,0.1488885383924359,0.38531198561244356,0.5686238349738878,0.2658685406891493
742,16,45,0.14852922188175924,0.38549254783051107,0.5686238349738878,0.26570871681019587
743,16,47,0.14848415011610608,0.3856240324179177,0.567970026539759,0.2647638670072837
744,16,49,0.14851851060811214,0.3858099206812639,0.5692617551724274,0.26498329183323877
745,16,51,0.14818230304305782,0.38594073967724907,0.5670773373337278,0.26473966477381966
746,16,53,0.14777923229017076,0.3861345496783693,0.5671677232088713,0.2646546574351811
747,16,55,0.14787188576140214,0.3863538060547023,0.5684594884097869,0.26463748329004083
748,16,57,0.1479516310773597,0.3865824096224172,0.5680199663329515,0.26471791336967154
749,16,59,0.1481229150278693,0.38681323704499765,0.5678342020825847,0.26456757892543814
750,16,61,0.14799838764717996,0.38703751029280026,0.5663234171182712,0.26475590124157894
751,16,63,0.14899113291043306,0.38721296282206935,0.5657370143763114,0.26537956634197235
752,16,65,0.14902676004904783,0.38736490428254333,0.5655184647927437,0.2654180124655175
753,16,67,0.1487913260488525,0.3877061131269247,0.5652347719851044,0.26572558239046884
754,16,69,0.14827302028117034,0.387689118400343,0.5644802749493337,0.2653018777687057
755,16,71,0.14790707875589684,0.38773247631883895,0.5636162180214377,0.2647650861128814
756,16,73,0.14821530006000924,0.38782640720053035,0.5635815852704406,0.2650996667394659
757,16,75,0.14860011292064934,0.38780530164506555,0.5636954334166157,0.26614199947838957
758,16,77,0.14927336903241353,0.3878108239519576,0.5619782669550667,0.26697931384729007
759,16,79,0.1492938284661279,0.3880056794955785,0.5618064868917075,0.26530315110985475
760,16,81,0.14945901640648268,0.38807346292233996,0.5616946566595138,0.26485419318217046
761,16,83,0.14934325359473788,0.38827258804550796,0.5617985410288311,0.2664516223899316
762,16,85,0.14902784985845965,0.38848152080116305,0.5609366782373119,0.2657044513834723
763,16,87,0.14783490909869437,0.3885502083748091,0.5603550853592804,0.2643092793828839
764,16,89,0.14858073253266188,0.3886255306494121,0.5599523683725984,0.26509560011179933
765,17,1,0.12833218036064492,0.384907439561551,0.5639897753315914,0.2603412220685208
766,17,3,0.14039890243114825,0.3851610807398157,0.5643814971119337,0.26235889649171346
767,17,5,0.14372486123322342,0.38533540679655903,0.5670482338136856,0.26419191212993465
768,17,7,0.14617102192415382,0.3855261415639375,0.5657729653409826,0.26530111104136905
769,17,9,0.14718324060751423,0.3856259554673994,0.5657729653409826,0.26533987843295664
770,17,11,0.14755849110623157,0.38581193595674074,0.5664442930472621,0.2652916048601019
771,17,13,0.14836797625142042,0.3860536284813646,0.5674835735096948,0.26641804073835096
772,17,15,0.14944953565208122,0.38611003411921013,0.5670366766758271,0.26693414594680503
773,17,17,0.14999381528843067,0.38622442637186877,0.5675692657981136,0.26744098886738843
774,17,19,0.1501095581380762,0.38630837061684653,0.5679151885076436,0.266796601372579
775,17,21,0.1504012020876761,0.3864461458084539,0.5685683706732811,0.26811731606468814
776,17,23,0.15056461436501864,0.38656878985191506,0.5694357327362276,0.2687827204462602
777,17,25,0.1505821187390445,0.38663449766750174,0.5692715111619243,0.2684025853121413
778,17,27,0.15097005459357232,0.3868272286806071,0.5694301416824417,0.2681053851586271
779,17,29,0.1510705609521181,0.38704072357503955,0.5694301416824417,0.26917380258631396
780,17,31,0.15132520460015125,0.38727456457835036,0.56908356567692,0.2685169703835891
781,17,33,0.1513051604009847,0.3874082611608252,0.56908356567692,0.2687118741085973
782,17,35,0.15101601878495527,0.38766053703500125,0.56908356567692,0.269366446824494
783,17,37,0.15099309027324534,0.38775821086368417,0.5693198559298547,0.2688215197914223
784,17,39,0.1508253980300497,0.3879856342399089,0.567618729102984,0.2679969160894925
785,17,41,0.15045873773715915,0.3884379330121347,0.5676681443729009,0.2685514910162888
786,17,43,0.15026599458522963,0.3886574583555597,0.5668645322138272,0.2681050019385168
787,17,45,0.15035344675652243,0.38879124366391027,0.5673404910896572,0.26742427145524095
788,17,47,0.15032027161647318,0.38912377123909386,0.5665203095415905,0.2679637496917579
789,17,49,0.14987407845566497,0.3892445310213321,0.5665203095415905,0.26711614397293715
790,17,51,0.14989242973858713,0.38950313711242884,0.5654403197679867,0.2674480325187575
791,17,53,0.14939833610385392,0.38964577791828686,0.5645011749416101,0.26788265531616207
792,17,55,0.14962573049495415,0.38981925850637544,0.5644434183751802,0.26774063342791127
793,17,57,0.14981339542423147,0.3898927345354464,0.5633971085466523,0.26746751197013335
794,17,59,0.14984973255387427,0.39004333665595015,0.5640244799970106,0.2676494449980702
795,17,61,0.15010062996080326,0.3903088994385255,0.5638340058826566,0.26759488359239286
796,17,63,0.15013013664768793,0.3904554076448587,0.5634930758297177,0.2673131553757391
797,17,65,0.1504510566332964,0.390734005473576,0.5636128155608148,0.2667004619439829
798,17,67,0.1502852440810777,0.391051176406725,0.5630988601302825,0.26538383666393833
799,17,69,0.15033299809079617,0.39125549989993663,0.5630988601302825,0.26550577008100434
800,17,71,0.15022674101842343,0.3914756241621354,0.563055511987948,0.2667107259634563
801,17,73,0.1503925427060287,0.39168161101275023,0.5628144476616358,0.2670665993493923
802,17,75,0.15097606402861277,0.3919460148714347,0.5625312281281815,0.2668026412602237
803,17,77,0.15100868986170685,0.3919756693644288,0.5624407763586113,0.26684256137025547
804,17,79,0.15034701854856566,0.3920907309928824,0.5647896016268337,0.266602333678383
805,17,81,0.15051410093253645,0.3922641467187065,0.5659786183669389,0.26696989367302565
806,17,83,0.15065113908411984,0.39221002258747484,0.5644050124623421,0.2681852996079214
807,17,85,0.15061262303170325,0.3923160130927326,0.5664079063578454,0.26783018627406247
808,17,87,0.1509953519474183,0.392374931371331,0.5633854593941481,0.26819280633524223
809,17,89,0.1507275291718336,0.3925832764427311,0.5633710298199992,0.26849564849817703
810,18,1,0.12910154599137819,0.3892513905951415,0.5717222458294833,0.2610983175768806
811,18,3,0.14276232837164035,0.389724579003928,0.5744206247712913,0.2622003203849419
812,18,5,0.14654074737852593,0.38987151497261774,0.5751889602991136,0.26238597331121843
813,18,7,0.14801526742528018,0.39007187084387673,0.5749109801903772,0.26326866997228243
814,18,9,0.1496124128133934,0.38985595438810294,0.5718017849449196,0.26460364495486305
815,18,11,0.15048818283205162,0.38999183613639454,0.5711488524610867,0.26622704472823716
816,18,13,0.15143326009774247,0.39009541193676084,0.5694911783177862,0.26754650752868775
817,18,15,0.15193618039149767,0.3901850633614169,0.5694430344852345,0.2677869017571974
818,18,17,0.1526669495390108,0.39035058322494504,0.5696925821342455,0.268432468186607
819,18,19,0.15202694509670972,0.3905660286208769,0.5697504395562765,0.2680302122125298
820,18,21,0.15251560089865906,0.3906912955260042,0.5692561789048939,0.2692454513463911
821,18,23,0.1526488754742886,0.39084412634107224,0.569944396375499,0.2681831097011025
822,18,25,0.152865940445496,0.3909175546059904,0.5682337075047277,0.2678494387187009
823,18,27,0.15332397999332179,0.39097982795054137,0.5674943733885909,0.2685053440362414
824,18,29,0.1528983676830644,0.39123760238787514,0.5703964204033481,0.26858870609847874
825,18,31,0.15404889443652062,0.39123877236673815,0.5693700764836419,0.2678737276983755
826,18,33,0.15387955584614935,0.39136014647131584,0.569092017344457,0.2679908816231546
827,18,35,0.15354339851937285,0.391382558272098,0.5692119511540275,0.2683273028955892
828,18,37,0.15354125699898816,0.3915990434032892,0.5675035953817229,0.2682064527830365
829,18,39,0.15377673492860525,0.39152514990477394,0.567587580344789,0.2681031896013927
830,18,41,0.15400939109710585,0.39160021417222,0.5670206369577405,0.266925535819695
831,18,43,0.15473018361209534,0.39168945802174276,0.5670206369577405,0.26716131961170114
832,18,45,0.15477036045468986,0.39177341759256906,0.5676599737473286,0.26754402109287156
833,18,47,0.1550006833547868,0.39195473793710384,0.5692607463926961,0.2676943816035345
834,18,49,0.15466015285284668,0.39207287356861087,0.5693188383976006,0.26701279375738945
835,18,51,0.15467806151366495,0.3921257437515866,0.5693770802659704,0.266730586412428
836,18,53,0.15424035085321205,0.3921809162546256,0.5703739578690878,0.2665920001787461
837,18,55,0.15403396536823602,0.39233905299665744,0.5693981707400013,0.2673309628906295
838,18,57,0.1538615660037487,0.3924468481314928,0.5686345439416943,0.26637525037365645
839,18,59,0.15388049702209164,0.39244063753531294,0.5688511586576289,0.2668150008622749
840,18,61,0.15382074433986137,0.39258992236848833,0.567731326897654,0.2681688889822594
841,18,63,0.15399424020076752,0.39263046857677286,0.5669722009480395,0.2678541132380269
842,18,65,0.15437170461643826,0.39284761528771484,0.5651362223540182,0.267095815898219
843,18,67,0.1543933041836097,0.39292385742176084,0.5643937724972219,0.26781585889894005
844,18,69,0.15465475269887288,0.39303118141008564,0.5649886247676277,0.26749848876963134
845,18,71,0.15484204560087686,0.39311420369631495,0.5641657600685658,0.2680548587304853
846,18,73,0.15467971269007322,0.39341273559319434,0.5691845287269418,0.2684348952467211
847,18,75,0.15444536008220147,0.393602947379866,0.5696785598955144,0.26863934973690606
848,18,77,0.15497190729266416,0.39394683305683814,0.5703147596473148,0.2696861364352095
849,18,79,0.15478980634174358,0.3940472215702346,0.5730240528987421,0.27116117827455005
850,18,81,0.15472180441380148,0.3942058774776259,0.5728732245530928,0.2714112762975548
851,18,83,0.1546520193903696,0.39434457452368205,0.5726771297481025,0.27025319235189477
852,18,85,0.1543065754079402,0.39454296022388274,0.5720061989079612,0.2707444402085066
853,18,87,0.1541350741182337,0.3947253810946935,0.569588831516436,0.26990880456064326
854,18,89,0.1547833258970324,0.3948252415032269,0.5674020511135568,0.26978953719349
855,19,1,0.1280778082657306,0.37789818442564277,0.5592285869404469,0.25862187078772725
856,19,3,0.14006260177268318,0.37797453759529404,0.5597649338424894,0.2623249664678778
857,19,5,0.14391034600935462,0.3779928298191345,0.5600781262055321,0.2626408083102141
858,19,7,0.1454958810940677,0.37799394258237584,0.5604815257193898,0.262379577439836
859,19,9,0.14656626936432995,0.3781833421877711,0.5607799679696102,0.2631333585878753
860,19,11,0.14727666822249538,0.3783204556371879,0.563020304040148,0.2635576379094511
861,19,13,0.1477979850039555,0.3782636453514375,0.5636998632105307,0.2621599865656329
862,19,15,0.14790634694491467,0.3783632100131254,0.5617152461519443,0.2620566468728694
863,19,17,0.1479463057588239,0.37856974574886826,0.5608305728741462,0.26239476516368276
864,19,19,0.1476044128150183,0.3787195806755826,0.5635595664726154,0.26297725603947164
865,19,21,0.1479013072282718,0.3789322200973455,0.5629381049410588,0.26261422016815406
866,19,23,0.14746135458338608,0.3792323924607767,0.5624696952904007,0.26156380537523766
867,19,25,0.14726120672791315,0.3794284419360925,0.5626627664310156,0.2619912502879806
868,19,27,0.14783174030131035,0.37964931209485464,0.5627579828354244,0.26202638972123654
869,19,29,0.14806647573070725,0.3798891939562622,0.5620599730197664,0.2626168766732086
870,19,31,0.14793863647864797,0.3800522860962085,0.5619488217506768,0.26265432072089223
871,19,33,0.14823015336045584,0.3801346942505509,0.5611300419780857,0.26243012078182704
872,19,35,0.14784862075349187,0.3802926256212324,0.5611858110735773,0.2627563308785153
873,19,37,0.14813427356250797,0.3805376980302026,0.5609633956820004,0.26319303478912776
874,19,39,0.14848424128890678,0.38070162748209363,0.5607814777603213,0.2634041283213064
875,19,41,0.14811872661289577,0.3807389154106285,0.5609151147317205,0.26325324380158194
876,19,43,0.1487368612293282,0.38075204798690304,0.5606304073231915,0.26311377270824104
877,19,45,0.14886601604634503,0.3809398862189513,0.5600725593454128,0.2629724689163643
878,19,47,0.14881869244970405,0.3810739365789818,0.5597404446509289,0.2624760587274078
879,19,49,0.14886147621708243,0.3812875415739136,0.5611363478548569,0.2623454507668407
880,19,51,0.14967476295228163,0.38137037723138223,0.560053844726949,0.2635107863663727
881,19,53,0.14960926368891342,0.38140009449450424,0.5599340047321203,0.2635562125635401
882,19,55,0.14926466094586674,0.3814617857915142,0.5602217331950003,0.26370641449671384
883,19,57,0.1485179419944332,0.3814646344345715,0.560727819115013,0.2636317517053063
884,19,59,0.1485378911608244,0.38152958281235116,0.560638712370879,0.2642426039729546
885,19,61,0.1486476230993619,0.3817221113095301,0.5599528898448252,0.26543588488631314
886,19,63,0.14813967480398488,0.3819109308422447,0.5591394057054263,0.26496101711849535
887,19,65,0.14790029397497853,0.38191414674060764,0.5595237518086832,0.26435399544950317
888,19,67,0.1477987246436863,0.3820127247089005,0.5583917393018186,0.26471761567220004
889,19,69,0.1479037415615707,0.3821443245405713,0.5573140709554196,0.26447219538075195
890,19,71,0.14811663708692951,0.3821672903917969,0.5561207142220821,0.26498428548666086
891,19,73,0.1477997342038244,0.38221754983872624,0.5559320878630818,0.26358413380374945
892,19,75,0.14739366004327964,0.3822687821188134,0.557040958731276,0.26319235806193675
893,19,77,0.14771905258157547,0.3823295195605098,0.5572315450320712,0.26409504803013456
894,19,79,0.14800855920543934,0.3824726541629553,0.5572315450320712,0.26386100715593747
895,19,81,0.14837350445031033,0.3826120873178023,0.5580200374035179,0.26393785834259686
896,19,83,0.148162624322355,0.3827223600396702,0.5576962387193481,0.2638125571373284
897,19,85,0.1482033446055658,0.38282659453485435,0.5572301258046276,0.2636229192259273
898,19,87,0.1483368110678628,0.38294471821671844,0.5570387522468393,0.26386842963746454
899,19,89,0.14817374485348495,0.3830100644120818,0.5574556094100647,0.2641293874062695
