,iteration,median_filter_window_dart_bite,category_count_score,f1_per_timestamp,f1_per_annotation,f1_per_prediction
0,0,1,0.12479738570559762,0.3771114380404237,0.5525081178868406,0.2506467169882641
1,0,3,0.13274370407519373,0.3773171086174117,0.5524595553351633,0.25182991107979064
2,0,5,0.13515196948822442,0.377342593335548,0.5529695869749295,0.25238092113396393
3,0,7,0.13701945737511992,0.377574017844406,0.5528427067294884,0.25296401666785495
4,0,9,0.13832595737698652,0.3776645961765592,0.5510134126015116,0.2529298913074183
5,0,11,0.1387353984076146,0.37779110170629976,0.5504371368697109,0.25276463315004316
6,0,13,0.13995265046177424,0.37793864650524245,0.5510134126015116,0.2532329698056504
7,0,15,0.14000867084419572,0.377859914421323,0.5510898476329872,0.2538479844017124
8,0,17,0.1418974464072144,0.3780140889885802,0.5514194776417797,0.25346957448920726
9,0,19,0.14153684013186724,0.37814189999206144,0.5508431376755375,0.25307166713340695
10,0,21,0.1402285458650981,0.37840503469671927,0.5507186505299602,0.25521134194450923
11,0,23,0.1406450072981941,0.37864363268668644,0.5501400660151508,0.254938871618648
12,0,25,0.14060632572200182,0.37892916490735906,0.550291051523839,0.2554402417397635
13,0,27,0.1410598337458832,0.37921210645681896,0.550049489584866,0.2552479558756839
14,0,29,0.14173881578346179,0.379391601370677,0.5506317300385878,0.2559712387566814
15,0,31,0.1424686266005085,0.3795346113564188,0.5508954790132278,0.2558467595207478
16,0,33,0.14263256724879267,0.37970384137675933,0.5520946423816234,0.25617222732574757
17,0,35,0.14299749674937862,0.3800265048458182,0.552516921998027,0.2565413175985289
18,0,37,0.14308559107280625,0.38013430361463474,0.5526438977713517,0.2558376309597749
19,0,39,0.1441261430460221,0.3802882551629346,0.5525355433500697,0.2565077762782045
20,0,41,0.144929274655421,0.38052235091449554,0.5524087302592346,0.2569212498417514
21,0,43,0.1448765612541929,0.38067712863315056,0.5524087302592346,0.2582877252315739
22,0,45,0.14553421836086658,0.3809323426431467,0.5524087302592346,0.25865371183655456
23,0,47,0.14613275642308565,0.38108721369347637,0.5531036710203676,0.259375503238234
24,0,49,0.1460196330585651,0.38119477728260664,0.5542561552446588,0.26032404173791485
25,0,51,0.1464656050149124,0.3811572611160167,0.5537572031630305,0.25988081204814223
26,0,53,0.14671063192172534,0.38122206601543995,0.5531690047028093,0.259246625832254
27,0,55,0.1470982071330965,0.3812076154302994,0.553242323499886,0.2600902399272429
28,0,57,0.1469184590723238,0.3811404736865237,0.552905299936055,0.25967859104209695
29,0,59,0.14744503535348,0.3812253304168159,0.552385955075384,0.2593800273168359
30,0,61,0.14763228510433613,0.3811985625051884,0.5511320913258977,0.2603196765739319
31,0,63,0.14762583173317867,0.3811899587016653,0.5505727884896687,0.26034129990557536
32,0,65,0.14805142782194247,0.3811177462112741,0.5507199426801235,0.2602568348283539
33,0,67,0.14824960940090962,0.3811094274331342,0.5519142635924114,0.2598400035864898
34,0,69,0.14833400157226068,0.38112788399873093,0.5510667408216883,0.2601779161063734
35,0,71,0.14977584358521004,0.38103832171549806,0.5510667408216883,0.2597893739200561
36,0,73,0.1497033718949366,0.38106412199530404,0.5497653715163143,0.2601327859053732
37,0,75,0.15058589266557698,0.38098829918064686,0.5486098670695005,0.26040854370963146
38,0,77,0.15132158886338146,0.38096780975555655,0.5479955392030134,0.2608778700496743
39,0,79,0.1509805477772229,0.38093782828167516,0.5474573990756739,0.26088010394459377
40,0,81,0.15121739321497074,0.3809902198696137,0.5472723448595137,0.2608972475805582
41,0,83,0.15147158926951448,0.3811209180545602,0.5472723448595137,0.2606879565524858
42,0,85,0.15128325241082136,0.38118135086429383,0.5463170202902937,0.26059959003429295
43,0,87,0.1516481837570098,0.3810260746313832,0.5463170202902937,0.2606085153482226
44,0,89,0.15247048508566424,0.38111538657993765,0.5456038611335192,0.26145549604485574
45,1,1,0.127884102780224,0.38669585360588005,0.5743840012685325,0.25670521981171207
46,1,3,0.13695184108008182,0.3868735407838947,0.5748576032737204,0.25828040440717165
47,1,5,0.14083328884287052,0.38696316486289906,0.575674755100169,0.2584950138047358
48,1,7,0.14222152635068402,0.3873039354128432,0.5761814063667823,0.2589050938260815
49,1,9,0.14345382838863424,0.38759385272163616,0.5765213752794754,0.25903918072348947
50,1,11,0.14414575701414173,0.38795787878862736,0.5771352001166543,0.26104146561015934
51,1,13,0.14527366794943516,0.38815597399362106,0.577428368945185,0.2607839733681883
52,1,15,0.14562458862674763,0.3882916395055802,0.5773149922396243,0.26133240190062434
53,1,17,0.1464193999912484,0.3884032612810963,0.5772017486192034,0.260580799438693
54,1,19,0.14709162184781774,0.38851768632523875,0.5780398486660833,0.26142820902851055
55,1,21,0.147063091444498,0.3886928637008455,0.5768414327112631,0.2625779853659096
56,1,23,0.14711868316336832,0.3888829547500508,0.5773164486155069,0.2624847180049951
57,1,25,0.14761429738583962,0.38905562942967614,0.5774154361692186,0.26295656997173517
58,1,27,0.14745225557043865,0.3893379072389204,0.5766302603765522,0.26356100223969536
59,1,29,0.14800466099312448,0.3895853517794126,0.5766302603765522,0.26371326867332395
60,1,31,0.14865343635106934,0.38962094715737594,0.5766302603765522,0.26288808099964706
61,1,33,0.14931634252847426,0.38980341771794097,0.5751683501829684,0.2633284849039369
62,1,35,0.14907291397902864,0.3899434617391355,0.5751683501829684,0.263534534335106
63,1,37,0.1491568672287197,0.390017670051694,0.5758059648230625,0.26417273290974047
64,1,39,0.14965446858332956,0.3900209120702075,0.5760364579461469,0.26379920892854636
65,1,41,0.14941082399192604,0.3902176395794293,0.5752350051424638,0.26362049593920894
66,1,43,0.1497201035858322,0.39036536665440974,0.5747216818810178,0.2639847088501029
67,1,45,0.14906310797786676,0.39049537578494153,0.5748201195158075,0.264263497202099
68,1,47,0.14931195681886428,0.39073579310589235,0.5749792141220442,0.26478440897806416
69,1,49,0.14938243956878752,0.390793068009303,0.5755339903883411,0.2653496280228346
70,1,51,0.14998870869185227,0.3909509953531118,0.5749232629564164,0.26564416079675995
71,1,53,0.15023194437237877,0.3911336676664097,0.5747665481785049,0.26679198182300595
72,1,55,0.15182807617338226,0.391296422359939,0.574868085194405,0.26686776060076733
73,1,57,0.15141562923570945,0.39150011357709114,0.5755466833905677,0.2678509911178894
74,1,59,0.15168286067492237,0.3915043606686238,0.5743721980478884,0.2681967416306735
75,1,61,0.15199842926869683,0.391526620273236,0.5743721980478884,0.26814310195799745
76,1,63,0.15206436071369095,0.3915218871715632,0.5746665889199143,0.26842049755313224
77,1,65,0.15278427195307537,0.3917062610535803,0.573841183741564,0.2681006797413657
78,1,67,0.1531578422257982,0.3918342918355511,0.5745261360659215,0.2689392882631101
79,1,69,0.1530837622003282,0.3918458506296843,0.5739876009078924,0.2691871731245242
80,1,71,0.1533341586800774,0.3918288797004763,0.5739876009078924,0.268553085651445
81,1,73,0.15385489235238392,0.39173076706195814,0.5739876009078924,0.2680155612971264
82,1,75,0.153729142809537,0.39190879932047923,0.5733946197649222,0.2686926546422261
83,1,77,0.1531812412192266,0.391882139988017,0.5720711802341881,0.267460479615868
84,1,79,0.15279188683037745,0.39176663191971484,0.5707600190157713,0.2677311074089669
85,1,81,0.15228494546005056,0.39163798383147264,0.5716433188586052,0.26739050780972407
86,1,83,0.1520335476279147,0.3916625644577171,0.5730293652081119,0.2685839571055023
87,1,85,0.15324791791710268,0.391847541558946,0.5724737050490525,0.2685866359539192
88,1,87,0.15210369064098625,0.39190528684987563,0.5724737050490525,0.26869193382349876
89,1,89,0.1520715612472124,0.3921229434015638,0.5724737050490525,0.2684504737694909
90,2,1,0.12749435496457615,0.38523297393772954,0.5644794507579282,0.27164641952839175
91,2,3,0.1352912535767399,0.38558823815835774,0.5641668096279026,0.2723824771117754
92,2,5,0.1385684639972685,0.3856707431799123,0.5656583319582652,0.27305642006500047
93,2,7,0.14052024506594551,0.38582410082588553,0.5652566002553023,0.2735584074287633
94,2,9,0.14178644363715495,0.3858972830410267,0.5648166329002952,0.2737796821673663
95,2,11,0.14244026291036913,0.38616955296539013,0.5642459007273589,0.27326985106905993
96,2,13,0.14231013711070023,0.3865469554074248,0.5648166329002952,0.2746842924580025
97,2,15,0.14228261166238224,0.38679518798442797,0.5655364783402715,0.27475782570779905
98,2,17,0.1431999103615448,0.3870270261445734,0.5655364783402715,0.27459270360315785
99,2,19,0.14351186155904733,0.3872579803191774,0.5655364783402715,0.2743783099165788
100,2,21,0.14397571410482984,0.3873667959550638,0.5655364783402715,0.27478549136616
101,2,23,0.14422102397545147,0.38756914685317895,0.5655364783402715,0.2744309578682477
102,2,25,0.1453471559221778,0.3876947794743098,0.5655364783402715,0.2751482988319271
103,2,27,0.14578801161942787,0.3877473593728905,0.5653733597214161,0.2747320583770172
104,2,29,0.14585905603658228,0.38802144721428344,0.5656554252130643,0.2754105181852045
105,2,31,0.14640832809285104,0.38818906383428203,0.566002417014503,0.27537338173402287
106,2,33,0.14671759048539781,0.3883781780741677,0.5656542734086923,0.27620681204906516
107,2,35,0.14697148976668922,0.3885151881289512,0.5658378666849907,0.27630954625354043
108,2,37,0.14672959161630808,0.3885751327395379,0.5657285413932558,0.27528949105847195
109,2,39,0.1466188076202098,0.38870012187436176,0.5657285413932558,0.27562671629780267
110,2,41,0.14643513118689677,0.38900052383368544,0.5651555753681325,0.2759794221639499
111,2,43,0.14685743777475918,0.389194924597797,0.565368162680104,0.2761421844221535
112,2,45,0.14657154006469433,0.3893982461960343,0.565060659013365,0.27571686956583163
113,2,47,0.1472633141006862,0.3896854360387625,0.5662161132067586,0.27532129299555996
114,2,49,0.1476687593793762,0.38984705834952293,0.5644806176968921,0.27547085726752535
115,2,51,0.14879271997377871,0.3899666498471422,0.5638933563488827,0.27635764264894264
116,2,53,0.14890864927070827,0.3901315371261375,0.5640234262377242,0.27703425068181065
117,2,55,0.14852116522780817,0.3901920160437292,0.5643203487992455,0.2768410701369376
118,2,57,0.14871903397843036,0.3902230127227094,0.5648471758647953,0.27722737800510616
119,2,59,0.14822190231068438,0.39037009528048955,0.5657414402897243,0.2760179614651429
120,2,61,0.1479923723021517,0.39047154288466535,0.5657414402897243,0.27584205958430796
121,2,63,0.14819127689224976,0.3905498040215016,0.5641806703470499,0.27601179592978214
122,2,65,0.14798866642994096,0.3906353711460341,0.5637908068291747,0.2760647787663729
123,2,67,0.1482235051818715,0.39079241830252665,0.5630765481128609,0.2757152363680522
124,2,69,0.14889482446217833,0.3910805754376617,0.5630765481128609,0.2761571675044935
125,2,71,0.14794373411052789,0.3911896839444693,0.5632161816389213,0.2762882077349426
126,2,73,0.1481191828143789,0.3912528383341293,0.5632161816389213,0.27520298488559164
127,2,75,0.148252741837569,0.39140434066144614,0.5630352424633788,0.2757901200443326
128,2,77,0.14818811855738948,0.391486394880889,0.5630652722446896,0.276588581944021
129,2,79,0.1492725521301279,0.3915729778903225,0.5627209023730485,0.2783725117015991
130,2,81,0.1489487220597578,0.39164324420333557,0.562662813039561,0.2776391543559132
131,2,83,0.14916778516175985,0.3917350018699001,0.5628259805481115,0.2778775848080678
132,2,85,0.15028195603896766,0.39167078050842724,0.5631712301227082,0.2784000498826485
133,2,87,0.15053551072924806,0.39167775473718114,0.5631712301227082,0.27924258162671867
134,2,89,0.15074864696687926,0.3916706637043883,0.5617289738586807,0.27865692590395236
135,3,1,0.12795409528129784,0.3892474730530943,0.5806199731733045,0.25966406340017795
136,3,3,0.13650960749967903,0.38952395979394666,0.5812414439734347,0.2611707146351902
137,3,5,0.13905808360947708,0.389799329608089,0.5803714760780397,0.2622241961403396
138,3,7,0.14112925436668614,0.38998337963421636,0.5806025316225891,0.26222629508437495
139,3,9,0.1423768647165671,0.3902290159343404,0.5801005870785071,0.26288383247869535
140,3,11,0.14338842612662916,0.3902439272537416,0.5804375131640462,0.26339836824740176
141,3,13,0.144580348549935,0.3903339227905314,0.5798205579571182,0.2638887616333014
142,3,15,0.1452734843055826,0.3906959509049476,0.5801044034059665,0.2643095250033332
143,3,17,0.14633871790300848,0.3908555783172048,0.5795460705400822,0.26437834405661836
144,3,19,0.14720710627387318,0.39113294448784075,0.5801044034059665,0.26382127868805727
145,3,21,0.1474467037548735,0.39140136342030185,0.5802713768615941,0.2639754152079573
146,3,23,0.14798637182398994,0.39145647021316615,0.5807673135816376,0.26364957976117015
147,3,25,0.1485021714046935,0.3916412561031718,0.5809061851759132,0.26392595160798765
148,3,27,0.14910491783916877,0.39185526439200685,0.5820071344148092,0.2641037358117225
149,3,29,0.14898156269253263,0.39203064140354293,0.5827988473140691,0.26359657077834175
150,3,31,0.14958977835097986,0.3923153612790262,0.5819255740287993,0.26466166245677836
151,3,33,0.14935279763404766,0.39249784826502265,0.5817033010773024,0.26515778198290635
152,3,35,0.14964159731572543,0.39279564882243884,0.5812058085006777,0.2656239374428463
153,3,37,0.14982208419540338,0.3929146825605083,0.5803311167065165,0.26666178662449547
154,3,39,0.1496403225128329,0.3930429614319496,0.5785838380067715,0.2676673123530526
155,3,41,0.14950844596775234,0.3930470449296931,0.5785838380067715,0.267180160835013
156,3,43,0.14959279061413713,0.39316485046664457,0.5791005159789646,0.266452972646351
157,3,45,0.14921160995214025,0.3931212973909113,0.578157129037349,0.26690575317667264
158,3,47,0.14948804212154163,0.3931655219180044,0.5776957962827404,0.26722266514559334
159,3,49,0.14913162110030398,0.3933299371265276,0.5785678078192567,0.267313298595887
160,3,51,0.15032330212286554,0.3934430044822128,0.5772647488473571,0.267235547389966
161,3,53,0.15037839071195672,0.3936228771326678,0.578370182869553,0.267438926007789
162,3,55,0.15078112644762767,0.3937218788928374,0.578370182869553,0.26807792527669083
163,3,57,0.15167734033143596,0.39378323059791753,0.578370182869553,0.2686886888458339
164,3,59,0.15169315989680623,0.39399048469097414,0.5784154658203684,0.26821631165370446
165,3,61,0.15162021548844967,0.394169917579491,0.5772649924371819,0.2680048602427233
166,3,63,0.15220137060978906,0.3943941104521636,0.5789176375677975,0.26792038452141526
167,3,65,0.15290423677438217,0.394369223900385,0.5774565699031229,0.26795187724607145
168,3,67,0.15305186858037345,0.39452984885804804,0.5775612223871043,0.2676232213551856
169,3,69,0.15245460083950063,0.3946490260672058,0.5760138779195708,0.2667171670349791
170,3,71,0.1517867114136,0.39476664554867824,0.5772186886849368,0.2669740450535842
171,3,73,0.15247553000277042,0.3948389579732231,0.5765617911730041,0.2674091917037796
172,3,75,0.15259534766699528,0.3950659041409434,0.5765617911730041,0.26774708814763454
173,3,77,0.15270915005000946,0.3951382251743366,0.5769039782276251,0.2672456148430176
174,3,79,0.15325680626157062,0.3950577979334447,0.5770107228491438,0.26715408863162715
175,3,81,0.15429010914095384,0.39510679760898976,0.5770107228491438,0.2674312888366216
176,3,83,0.15471257526884305,0.39513034457149704,0.5773544826462355,0.2682079325789043
177,3,85,0.15549307728946607,0.3952187210971512,0.5751338173811096,0.26870421505521164
178,3,87,0.15559038803213351,0.3952898577158566,0.5744131973435539,0.26841008941499483
179,3,89,0.1560683474182791,0.39522193162691616,0.5750500191747687,0.2695250253880024
180,4,1,0.1282747712429982,0.39001501396561833,0.5968102372713219,0.2657448132032167
181,4,3,0.13750498139664225,0.39018841501318,0.5989204265223947,0.2648943398043614
182,4,5,0.1398029782583489,0.3904384056835993,0.5984338653655551,0.2671794253876531
183,4,7,0.14083911163677323,0.39065613736598775,0.5989818624551627,0.2683154892480269
184,4,9,0.1429281835177957,0.39087181059718257,0.5995683047212933,0.26852570148037197
185,4,11,0.1430264284936187,0.3911676074291031,0.5987865806936286,0.2698157475122603
186,4,13,0.14360612224279615,0.39133471186213475,0.5989759304494795,0.27125032032630575
187,4,15,0.14470089128242222,0.39155329416943113,0.5983878694516882,0.2724435841401763
188,4,17,0.14534573466493694,0.3917757530631381,0.5984887420757047,0.27234718878477426
189,4,19,0.14618411397693212,0.39188065823833446,0.5984275983309139,0.27228796522893817
190,4,21,0.1467539490925518,0.3919846140575407,0.5984275983309139,0.27287871600048574
191,4,23,0.14670705312195728,0.3921674630248745,0.5975154989014714,0.272590010850948
192,4,25,0.14679909525670884,0.39242180080476036,0.5984275983309139,0.2728051524469625
193,4,27,0.14777723494554948,0.39262499709099485,0.5979965014966975,0.2731756208363684
194,4,29,0.14755512260196585,0.39273264325844687,0.5975960876901523,0.2724617082036788
195,4,31,0.14711880034518138,0.3928907629706976,0.5975960876901523,0.27279989342917477
196,4,33,0.14738391911990262,0.3928902710024067,0.5973637002962481,0.2729670731722182
197,4,35,0.14798808068640384,0.3931048985979996,0.5973637002962481,0.27275568087134383
198,4,37,0.14878551184811126,0.39315332628190663,0.5969006277262118,0.27406569896606653
199,4,39,0.1486103112451622,0.3933096998454852,0.5980729689303297,0.27403009883816
200,4,41,0.14836347519974283,0.39342755246968303,0.5982392904088815,0.2736612027997557
201,4,43,0.14838379971482893,0.39347616718884243,0.597805677136785,0.27422588745749726
202,4,45,0.14805522015152775,0.3934287682551905,0.5972609764438997,0.27381352042070267
203,4,47,0.1478677952341223,0.3935929494769588,0.5965199828384267,0.27361155584203783
204,4,49,0.14800033516982583,0.3936840862653415,0.5966240228763298,0.27412627639938714
205,4,51,0.14798839557327742,0.3937700812736104,0.5959588501544408,0.2745713615831112
206,4,53,0.14834526953855495,0.3939164314494919,0.5956121989057668,0.27435541686958836
207,4,55,0.14834339703035906,0.39400019775013295,0.5953693778236421,0.2746448491195247
208,4,57,0.14911279468331132,0.3940401219313962,0.5953350612173776,0.2743065528272215
209,4,59,0.1486903016217594,0.3939643571306231,0.5939495390615722,0.27469267021672233
210,4,61,0.14853848570274283,0.3940752141143558,0.593232677172274,0.27444705066954905
211,4,63,0.14914136065036085,0.3939989433668188,0.593232677172274,0.27447280929260526
212,4,65,0.1498179462617483,0.39399319656833687,0.5927658148889595,0.273985595498154
213,4,67,0.15018669586425532,0.39403557176344295,0.5928145050229822,0.27358653829224117
214,4,69,0.1505535960455387,0.3939584801116357,0.5925429489888393,0.27291625176097317
215,4,71,0.15024072847508238,0.3939961678396073,0.5925429489888393,0.27254881344781484
216,4,73,0.15036397609599478,0.39402153854297034,0.5911829249829881,0.2721146965725426
217,4,75,0.15079663471328433,0.3939131113345993,0.5903937493982071,0.27284718372786976
218,4,77,0.15186853927870628,0.3939384083237556,0.590736740530007,0.2738614293040583
219,4,79,0.15151257593728204,0.3940246724184654,0.5902446554635573,0.2750237025811205
220,4,81,0.15194693141821,0.3938239557638606,0.5896364974833318,0.2742976981756568
221,4,83,0.15292486052270052,0.3936719232449152,0.5896364974833318,0.2741726487737536
222,4,85,0.15292225070165846,0.3936839042973445,0.5897985295101169,0.2744452267714587
223,4,87,0.1537503375684148,0.39364728749210076,0.5901918430265282,0.2736527374234623
224,4,89,0.15433528079451705,0.39364282013000235,0.589119726592808,0.2738488706886014
225,5,1,0.1282767965655172,0.3922435719888024,0.5759259077580732,0.26410466117672204
226,5,3,0.13698067867712063,0.3923435717715479,0.5760763989750117,0.26852577119817334
227,5,5,0.13946425285076708,0.3927335455948286,0.5777369487862561,0.268653646248084
228,5,7,0.1419051691486551,0.3929117298120434,0.5750751930209033,0.2680373795899474
229,5,9,0.14379030613177718,0.39318213284667103,0.5744875999869087,0.2696192621813064
230,5,11,0.1450000088280458,0.3932259875076324,0.5754791570912473,0.2706953507756688
231,5,13,0.145907186054426,0.39346266129096036,0.574917293553595,0.270279322920069
232,5,15,0.14652446365705704,0.3936243716560478,0.5750224424876499,0.2708127585160848
233,5,17,0.14666349430285533,0.3938139708007879,0.5744579182335309,0.27144074730679296
234,5,19,0.14735841915072037,0.3939962524297698,0.5746368493927686,0.27174395227048503
235,5,21,0.14684525397637854,0.3942071372707622,0.5752638620269588,0.27142758923189353
236,5,23,0.1464745734812821,0.39441255728303665,0.5754795895259035,0.2716542358559689
237,5,25,0.146975128018642,0.39450446109781073,0.5754795895259035,0.2719648214633354
238,5,27,0.14649501329074027,0.3947647788430662,0.5753310489179901,0.271795402173449
239,5,29,0.14728557287130456,0.3949119147959638,0.5761431248315928,0.2714111428706088
240,5,31,0.14778390356367654,0.39500123747222693,0.5762512414939536,0.2713972578736184
241,5,33,0.1488171572827182,0.39509444324933923,0.5760183610264208,0.2722749061004081
242,5,35,0.14923125020656783,0.39516423294109837,0.5752644672780111,0.272586760340452
243,5,37,0.14901700904581192,0.3953012565071186,0.5756095194189459,0.27277876717000177
244,5,39,0.1487190153212262,0.3954889120003813,0.5749854942193042,0.2730638164809374
245,5,41,0.14911461175783206,0.3955730585538378,0.5745453139637385,0.27271908222863017
246,5,43,0.14889295871287903,0.39571216672463233,0.5752143470602945,0.2727777140106202
247,5,45,0.14919600520800783,0.3957581004686083,0.5752143470602945,0.27231363674358433
248,5,47,0.14880747734681068,0.3958608752699523,0.5745765373211835,0.2714466497216838
249,5,49,0.14837330709175656,0.3958892018440531,0.5745301533208395,0.27146225452317124
250,5,51,0.14849112058383618,0.39609147787813503,0.5745301533208395,0.2719733462597816
251,5,53,0.14993189187248798,0.3961283094085562,0.5748081427505045,0.27269948268630156
252,5,55,0.14955083583198062,0.39615416173055124,0.5735157919655913,0.27353948899518693
253,5,57,0.15090784790766573,0.3962919811883784,0.5735157919655913,0.27396784152851233
254,5,59,0.1510801464366172,0.39633575592764597,0.5734291557531493,0.2743004910202875
255,5,61,0.1513874270560652,0.3964281864841728,0.5732699557241145,0.274688795714622
256,5,63,0.15191878803805786,0.39650622344341097,0.5737550702464576,0.2753053057952196
257,5,65,0.15199402252264752,0.3967007722423472,0.5731614181627107,0.2758821059861893
258,5,67,0.15150276242677305,0.3966443901905052,0.5723139814256476,0.2749457727254198
259,5,69,0.1515950256587833,0.3966210916724851,0.5716868087038295,0.2746513003363742
260,5,71,0.15185193484915868,0.3967208128444753,0.5716868087038295,0.27499503560204086
261,5,73,0.15150664854663956,0.39677555977564316,0.5714379784109287,0.27416215796593224
262,5,75,0.15217027584450207,0.39677790340385727,0.5714379784109287,0.2742459631340879
263,5,77,0.15217452458226394,0.39661000286303566,0.5690203089177157,0.2749367495215699
264,5,79,0.15220607492697483,0.3965933572669245,0.5693615148075835,0.275417756721173
265,5,81,0.1517716972463714,0.3967325874644651,0.5694701767404011,0.274983899240653
266,5,83,0.1521145591959486,0.3967996137673544,0.5698056030496628,0.2745237567223661
267,5,85,0.15280600137645947,0.39685892106934134,0.5701503225098639,0.2750835291230734
268,5,87,0.15319263336912,0.39686555976348303,0.5693497460782012,0.2742403049457198
269,5,89,0.15399630344983142,0.3970098992360995,0.5680432137217571,0.27451634123990354
270,6,1,0.12713370670184582,0.385981019503736,0.5802945655703889,0.2562758378478362
271,6,3,0.13590851914492647,0.3861060783453292,0.5813617750572156,0.25629697351505565
272,6,5,0.13843303372412263,0.38641550348841847,0.5823962933127501,0.25688395163840394
273,6,7,0.13993103573919646,0.38657511361291536,0.582616021291741,0.25814246010364755
274,6,9,0.14133828701301954,0.38675307639119544,0.5814948604675289,0.2595774225904058
275,6,11,0.1419221864808515,0.38706859217529194,0.5818339394807513,0.25989721691584505
276,6,13,0.14281028217524916,0.3871728682235431,0.5818339394807513,0.26049895909857695
277,6,15,0.1436595326051129,0.3873404123891381,0.5820783486216533,0.26148540058625364
278,6,17,0.1442632255538653,0.387379672465992,0.5821385030415307,0.2611916204268699
279,6,19,0.14518450486576254,0.38749631450457167,0.5812355567989594,0.26169086662465096
280,6,21,0.14546744429488614,0.3875797302200259,0.5812355567989594,0.2624645922500369
281,6,23,0.1462715726999298,0.38771960445112075,0.5817995681932944,0.2629865691688397
282,6,25,0.14675229597738665,0.38793274793272514,0.5805216263527857,0.26309437302195693
283,6,27,0.14654594549162195,0.3881294139315597,0.5805457928490899,0.2633134165281034
284,6,29,0.1462651014413301,0.3884176899800113,0.5805457928490899,0.2639467113112552
285,6,31,0.14715831469236781,0.3884631486241766,0.5797377113718697,0.26441893038759534
286,6,33,0.1468388705959887,0.3885233492076273,0.5800743001080282,0.2634362911904924
287,6,35,0.14712715526136835,0.3886360686019068,0.5793340074965572,0.2630168783355126
288,6,37,0.1472736340347167,0.38864804638365685,0.5791899140232334,0.2626145984090463
289,6,39,0.14751319206367403,0.3887020522601888,0.5789059520594452,0.26342363379691847
290,6,41,0.1472514054983715,0.38873909043321525,0.5787651963730152,0.26265467447338947
291,6,43,0.14779844100500972,0.3888340942629411,0.5771483086840101,0.2634345310416428
292,6,45,0.14753714630583123,0.3889238930305319,0.5765680582286661,0.26275061775886277
293,6,47,0.14751720520274922,0.3889458416180029,0.5762316306355453,0.26291349039775785
294,6,49,0.14830567075145581,0.3889358631467048,0.5759872214946433,0.26329354338924393
295,6,51,0.1493553191253309,0.38884151215418494,0.5757634072941563,0.26299486848416304
296,6,53,0.14961414295249664,0.3889754533826209,0.575384625290276,0.2629438541052223
297,6,55,0.15002008829117425,0.3889614229876953,0.5731101000417995,0.2632752696806308
298,6,57,0.1504565335552852,0.3889194538161473,0.5720463136564267,0.26487786193552704
299,6,59,0.15094713016794575,0.3888935498633673,0.5715258579748912,0.264227399459255
300,6,61,0.15110487678217568,0.38895959887127507,0.5724503303279349,0.2644928720508026
301,6,63,0.1501367938503952,0.3889737488143638,0.5715660370963416,0.26407208115766695
302,6,65,0.1505046592012178,0.3891327878818442,0.5715660370963416,0.2649963045396862
303,6,67,0.1508007979618555,0.38930907775636187,0.5716613489761909,0.26629032156106375
304,6,69,0.1513351013896147,0.38934654973225546,0.5711298234881736,0.2668907813504472
305,6,71,0.15144420707140455,0.3895307975024049,0.5711298234881736,0.2668374901195104
306,6,73,0.15233172234337353,0.38963386743983,0.5711298234881736,0.26653063087009177
307,6,75,0.1523549883111834,0.38965182650527125,0.5714622226837603,0.2660035388276416
308,6,77,0.15235584850313644,0.3899048115460988,0.5725383138933787,0.2663972688855049
309,6,79,0.15271976933670345,0.3898748254134854,0.5727918580800699,0.2667262478852833
310,6,81,0.15331134957039377,0.3898234688468162,0.5721118130879914,0.2672772051623112
311,6,83,0.15283863236285342,0.3898175916363859,0.5729551702090833,0.266001447452431
312,6,85,0.1524087225289519,0.38990516190877333,0.5740534356646555,0.2656095940962528
313,6,87,0.1525473442601221,0.38981365597166107,0.572732832904219,0.2651607024966896
314,6,89,0.15264478023015,0.38986815376114725,0.5725197146693441,0.2655926793113873
315,7,1,0.1264783752684485,0.38713309406121965,0.576076986174993,0.25749738369614905
316,7,3,0.1350548427739922,0.38718652840827616,0.5739063322483844,0.2595186180363097
317,7,5,0.1379506425908795,0.38744179486250124,0.5734603520040867,0.25976394561459054
318,7,7,0.13907646075389815,0.387868526750671,0.5731511147696173,0.25975200814460647
319,7,9,0.14041951801921185,0.3879390883637851,0.5726240184701717,0.26036554463367306
320,7,11,0.1413622639399336,0.3883249995675725,0.5729681326163101,0.26111161379872033
321,7,13,0.14218824053069115,0.38864918765512374,0.5734354405113091,0.2612318550591562
322,7,15,0.14274267216536107,0.3889664333960906,0.5738154635501627,0.2611047023390475
323,7,17,0.14299474836343684,0.3891859286436546,0.573916919103672,0.26210128731615645
324,7,19,0.1434775208578971,0.38941019073168676,0.5740998923385517,0.261431543771292
325,7,21,0.1438817466565226,0.38955102964537025,0.5741957777734703,0.26104997949734016
326,7,23,0.14435574074709975,0.3897580839733382,0.5743608152644376,0.26130271043180664
327,7,25,0.1441587969385086,0.38996287423155185,0.5741957777734703,0.2608092986639441
328,7,27,0.1444373323725466,0.3899952089306288,0.5753194268053868,0.2616058830048399
329,7,29,0.1446770793917811,0.39012060162523143,0.5736308227024861,0.2615635175470646
330,7,31,0.1451287351630383,0.39024569249131297,0.5737344499503514,0.2618108027696775
331,7,33,0.14477137158667824,0.3904759502217812,0.5737344499503514,0.2624240318164062
332,7,35,0.1450515743527598,0.3907125852738277,0.5737344499503514,0.2629717745057635
333,7,37,0.14512955432346777,0.39087298945884114,0.5736588933085225,0.26280262337196103
334,7,39,0.14532067462491485,0.39098030737737693,0.5733108033834539,0.2618130864390253
335,7,41,0.1460163590025865,0.39111492501747547,0.5727432561848486,0.2624026203038547
336,7,43,0.14528832047965737,0.3912901322604589,0.5727432561848486,0.26198503122591704
337,7,45,0.1448116147327251,0.3914114960332136,0.5730905907948474,0.26229890055987454
338,7,47,0.14445149181774103,0.39153006549870206,0.5730905907948474,0.2619643995146766
339,7,49,0.1440558069291673,0.3916791981825835,0.5730905907948474,0.26199649704524536
340,7,51,0.14481952357129405,0.3918420068668504,0.5724070666185183,0.2623097386830687
341,7,53,0.14516316744633326,0.39194911809893057,0.5717164503636056,0.26185114207683735
342,7,55,0.1450695774770741,0.39192893397837547,0.5712314697418428,0.2618494877837663
343,7,57,0.14559270398585486,0.39186593505289524,0.5705482983280307,0.262349784200621
344,7,59,0.1457657485790599,0.39189735023074174,0.5711508225997324,0.26165273712661535
345,7,61,0.14682538929371644,0.3918435346558214,0.5711307824967129,0.2606996209640266
346,7,63,0.1472806212515986,0.3917260483042679,0.5697080765524216,0.25983200981785676
347,7,65,0.1484701992808127,0.39181026801373,0.5704796700014428,0.25987986705216826
348,7,67,0.14873565742764797,0.391781860864222,0.5705739010029196,0.261135232739398
349,7,69,0.14851033095709054,0.39199200904214554,0.569965746031065,0.2618213309437566
350,7,71,0.1483255614440584,0.39203515227333197,0.5702048343215627,0.2627823028059074
351,7,73,0.14855249244673632,0.3921050734888995,0.5705879346503877,0.2628345201895442
352,7,75,0.14802946786850746,0.39208407752438484,0.569500470489594,0.2629297456109451
353,7,77,0.14828037076020678,0.3922465882251095,0.5694413675139002,0.26333653689442843
354,7,79,0.14867183881075602,0.3922555857047248,0.5692615789463547,0.26365670479998665
355,7,81,0.14870792661755838,0.392358636541719,0.5682527174262636,0.26513269384418525
356,7,83,0.1488745127197669,0.3922991305053055,0.5682527174262636,0.2648262614507489
357,7,85,0.1489622098299601,0.3922048762990772,0.5676408968796859,0.26545559169605115
358,7,87,0.14866209532580363,0.39222088222812024,0.5657677908691022,0.2663434524439859
359,7,89,0.14967347048653995,0.3921588730355783,0.5653283313550638,0.26606833371061606
360,8,1,0.12681360450506882,0.38864831993252796,0.5756508423543326,0.25396143891021616
361,8,3,0.13607330853093308,0.389065477949559,0.5768182809327561,0.2561862029262664
362,8,5,0.13842655298577128,0.38914854477611244,0.5775077077271387,0.25715054659519143
363,8,7,0.13974962756805695,0.3894927204955275,0.5771361493092774,0.25662993283283664
364,8,9,0.14056166090493832,0.38960839354116855,0.5779735051084575,0.25625439957256774
365,8,11,0.14163603511051195,0.38974480654135607,0.578385968032902,0.2567821982796367
366,8,13,0.14214338458366146,0.38990960749230025,0.5790609247990807,0.25688331512787715
367,8,15,0.14184644541829583,0.39019567604151834,0.5797535250647341,0.25615363878426656
368,8,17,0.14164387540062826,0.390340531191843,0.5794801296418634,0.25795054129743455
369,8,19,0.1420929508129781,0.3906453652231515,0.5798651089105872,0.25729724797484355
370,8,21,0.14290485754210674,0.3908472189959386,0.5798034136229697,0.2581520030140773
371,8,23,0.14284528945174654,0.3909422395761838,0.5804352008262291,0.258338279495441
372,8,25,0.14289183798903426,0.3910370455782167,0.5803084275916717,0.2579644170014295
373,8,27,0.14340136417464588,0.39105614794668303,0.5799136238798267,0.25798532347278996
374,8,29,0.14335079708373505,0.3911743765622833,0.5797903147018079,0.2582333387234149
375,8,31,0.14345237795834967,0.3913080801554882,0.579547153607583,0.25882273065343986
376,8,33,0.14379267436498036,0.39135104458014563,0.5802530603697742,0.25793419540627066
377,8,35,0.14392608121546652,0.39146699239382926,0.5800283255427825,0.25790955901195334
378,8,37,0.14382432818987181,0.3916490315452366,0.5800283255427825,0.25789494625583304
379,8,39,0.14417801009455003,0.3918654804259634,0.5802670117047023,0.2581569442584042
380,8,41,0.14375781518804498,0.3918566538869543,0.5796982339606388,0.25867066359426094
381,8,43,0.1442398727277084,0.39195200117784534,0.5792933530961183,0.2572537198079611
382,8,45,0.14448484314488394,0.3922038140929445,0.5801196590026706,0.25664868032977173
383,8,47,0.1448574949934244,0.3922506696615948,0.5803446657480708,0.25740649319571623
384,8,49,0.14495063634927943,0.392392294333341,0.5796085691512894,0.25767082367556854
385,8,51,0.14472345492773633,0.39256806213452144,0.5799614345151233,0.2575266298767353
386,8,53,0.14518916473117968,0.3927897222340877,0.580088324018558,0.2581106957416613
387,8,55,0.1458997176435594,0.39296974031708615,0.5802582938804968,0.25747203618077397
388,8,57,0.1462561584876608,0.3931500756192716,0.5796781434907728,0.25696155005367255
389,8,59,0.14687753720498878,0.39325783371164863,0.5801975532303763,0.25693202197580195
390,8,61,0.14689131084941662,0.39331511853916545,0.5812254078746893,0.2569842912322778
391,8,63,0.14672736919750173,0.39334947363787515,0.5799919478533643,0.25817099337209826
392,8,65,0.14690958868982026,0.3934807968410845,0.5795098885622262,0.25745433435492493
393,8,67,0.1475900292854664,0.39354416980962187,0.5792730533657905,0.25816365818822573
394,8,69,0.14800257047810253,0.3936889276483016,0.579810149184061,0.2582691875386528
395,8,71,0.1490171073920592,0.3938754486333729,0.5792140771504665,0.2576151913739446
396,8,73,0.15026056269199267,0.3940202464778078,0.5799355778719671,0.2590080308340873
397,8,75,0.15041839704255247,0.3941641967776372,0.5805854754980793,0.2581756061741741
398,8,77,0.1509926612625819,0.3942440254535174,0.5805854754980793,0.25864841453458143
399,8,79,0.15157429365006245,0.3944525435394604,0.5799786643186763,0.2593011421917563
400,8,81,0.1514350530533118,0.39464490397388735,0.58045627251328,0.26172646967838853
401,8,83,0.15070206867181288,0.3947364394202239,0.579406148151125,0.2629482555613349
402,8,85,0.15099072867881821,0.3948105810024584,0.5800231245424631,0.2640261410995777
403,8,87,0.15214825466373486,0.39475496610185135,0.5781919700861856,0.26424647204699697
404,8,89,0.1518300184119683,0.3947068787533194,0.5776268042847345,0.2645970891366587
405,9,1,0.12914458311222005,0.38670154728677847,0.5689258024275494,0.25792531948142466
406,9,3,0.1373636375060204,0.3868325192402165,0.5689087393735929,0.2584773213419161
407,9,5,0.14007788427576087,0.3870885367779901,0.5703548048058026,0.25784452892723153
408,9,7,0.14199035420272865,0.3872293641998085,0.5695424382747734,0.25916557520919586
409,9,9,0.1431044103846771,0.38741936770354996,0.5691283264640556,0.25974447817951857
410,9,11,0.14411583331148273,0.38765262155785474,0.5704172660339164,0.25901453899717114
411,9,13,0.14476568742346393,0.3878618524414391,0.5699646997934836,0.25960221191799476
412,9,15,0.14487392658515136,0.38803092131844513,0.5706964660080225,0.2604524291781269
413,9,17,0.14506823139567038,0.3882217314711861,0.5701508132584158,0.26066006629427146
414,9,19,0.14561457988415238,0.3883589577299856,0.5701508132584158,0.26073878486261887
415,9,21,0.14657800584188713,0.38837693395712,0.5704184189231516,0.26118794418535013
416,9,23,0.14685006474940918,0.38849819530493096,0.570203635355844,0.26227261838010446
417,9,25,0.14795557519779365,0.3885928451116075,0.569650155641624,0.2629529217773897
418,9,27,0.14850228451911093,0.3886808878822519,0.5705445951692233,0.2628150067728978
419,9,29,0.14793313414978057,0.38876564022435606,0.5695599402293643,0.2631421901446659
420,9,31,0.14824745500928885,0.38897038313819804,0.5701127075714891,0.2632416532376684
421,9,33,0.1486576652030482,0.3890380370806422,0.5687758067668404,0.26325006143445656
422,9,35,0.1489358826703629,0.3891888529307149,0.5687758067668404,0.2633880718836451
423,9,37,0.14904916491856743,0.38936130670881086,0.5679392929140954,0.26363919469028874
424,9,39,0.14932864439066873,0.38951310771437064,0.5681066777138757,0.2632833906786592
425,9,41,0.149839928928938,0.3896439044073016,0.5674969997743837,0.263725981948422
426,9,43,0.1502071108410051,0.3897476361722951,0.5678988678551472,0.2638272558946801
427,9,45,0.1507760933435672,0.38983129160677876,0.567821318569819,0.2640408571568088
428,9,47,0.15042725858185513,0.3900014246132443,0.5663881859164624,0.2641412669410516
429,9,49,0.15113297266007156,0.38998048425593196,0.5663881859164624,0.2639923940882926
430,9,51,0.151015858480267,0.38996367190388376,0.5655968131584143,0.26430150996442026
431,9,53,0.15110161337336156,0.39018053244833656,0.5664727821664174,0.2650568902104455
432,9,55,0.15114164359732468,0.39013327139862886,0.5667729041080577,0.2650019405767063
433,9,57,0.15216070037640445,0.3901652468023591,0.5671043193289654,0.2647110006007411
434,9,59,0.15237799591453416,0.39016611822765995,0.5671043193289654,0.264259580901576
435,9,61,0.15223420299013604,0.3902918463447809,0.5672864498156087,0.26517060508579876
436,9,63,0.15369797467793114,0.39041416652066363,0.5666375396090835,0.2660026864301348
437,9,65,0.15402717936584126,0.39048243900684093,0.5666900750373998,0.2665495612672837
438,9,67,0.15390882586523444,0.3903123195829667,0.5659097461825081,0.26753577867211326
439,9,69,0.1540147578299052,0.3905067420788174,0.5659097461825081,0.26749767752017556
440,9,71,0.1541583126310182,0.39045529003780743,0.5645576403853558,0.26752276747401155
441,9,73,0.15408878504968396,0.3905634555110877,0.5644681678204424,0.26672032394325834
442,9,75,0.1544548957683442,0.3907960295520853,0.5652931192464327,0.26560852286363595
443,9,77,0.1546297692001392,0.39094577089433474,0.5628688630563281,0.2659375617800583
444,9,79,0.15420044399303137,0.39086048906645143,0.5617574243341464,0.26682338370500863
445,9,81,0.1549926146759514,0.39108179167919344,0.5623477464265628,0.2668131448572237
446,9,83,0.15489221626272245,0.3912080368861392,0.5637518816737506,0.26735912385130456
447,9,85,0.15496490244159,0.3912954211179688,0.5634723908190528,0.2675166454557048
448,9,87,0.1565687953151158,0.3914872819111543,0.5630130387441031,0.26817205326322374
449,9,89,0.15657281821273764,0.3914620340110769,0.5624563248588413,0.2679020430777536
450,10,1,0.12546545789964397,0.38528394604996014,0.5623340436079872,0.25575470555923346
451,10,3,0.13364003904740746,0.3855945937600246,0.5617179752884627,0.25602829000068117
452,10,5,0.137048188375715,0.38590478547370755,0.5620547719333763,0.2561634362111622
453,10,7,0.13840015748058468,0.38605767990798817,0.5638029771224425,0.25627944110732814
454,10,9,0.13981514441404347,0.38623169166001237,0.5633650990271517,0.2580390111064962
455,10,11,0.14077746211482353,0.3863118799618382,0.5620382482566263,0.25839153574059825
456,10,13,0.14242589794868857,0.3864163933299995,0.5633920072244443,0.2584477317696269
457,10,15,0.14270484532674557,0.38653462276556916,0.5630569122108611,0.2583325965009842
458,10,17,0.1428285084919999,0.3866467539351915,0.5629758773885334,0.2594386278284558
459,10,19,0.14303160453630323,0.3868219065373501,0.5636092664017576,0.2611689166422886
460,10,21,0.1443621353227559,0.38705096215346557,0.5636092664017576,0.261278898675885
461,10,23,0.14444956084603372,0.3871057835176251,0.5630473056983629,0.2609216330136027
462,10,25,0.14548212467633997,0.3871978409343462,0.5633848374720338,0.26115786631525356
463,10,27,0.14584809871630133,0.38738376582361156,0.5636895489295007,0.26200351660347365
464,10,29,0.1459972086440747,0.38740022379353206,0.5638652643367558,0.26123346596269703
465,10,31,0.14603308169453308,0.38756174746483196,0.5633478943871457,0.2617042101158546
466,10,33,0.1462117495030702,0.38772959881410135,0.5639395010348549,0.2612251017868678
467,10,35,0.14626116109112935,0.38775182260131935,0.5647607753397804,0.261642924820908
468,10,37,0.14672357650986464,0.3878390654903171,0.5652717706465656,0.26129077417185126
469,10,39,0.14661364975705826,0.387863349585296,0.5652717706465656,0.2608784136250713
470,10,41,0.14660427362287592,0.3880281846310077,0.565612868182008,0.2606748326804777
471,10,43,0.14706149774095043,0.3880920138153507,0.5650321745160926,0.26069659354537494
472,10,45,0.14741870065998494,0.38813315659955583,0.5650321745160926,0.26156652684657705
473,10,47,0.14777857247423984,0.3882597295258957,0.5646070474439199,0.26040598872429593
474,10,49,0.14748034597136433,0.38854408515845107,0.5657594996256886,0.26002143262521643
475,10,51,0.1482421541629952,0.3887671984042232,0.5666289268904183,0.25856626371373476
476,10,53,0.14838827730350349,0.38888102884097125,0.5674944796215382,0.25857621030072264
477,10,55,0.14861505321055382,0.3890164973846023,0.5679191186552576,0.25859769148908535
478,10,57,0.14916704141275905,0.3891412270036038,0.568891314627265,0.2576394143203028
479,10,59,0.14985450190975366,0.3892397442187972,0.568080342504171,0.2583461865522688
480,10,61,0.14977977831651224,0.38938736601969726,0.5674944796215382,0.2595208166932776
481,10,63,0.14997213033508086,0.389471244580912,0.5667674709545297,0.25904078379136913
482,10,65,0.1500293510896035,0.38942378560808005,0.5648656731813376,0.2595220573205444
483,10,67,0.1499193328250152,0.389554391424785,0.5652068602250726,0.25929421549203674
484,10,69,0.1502314218110998,0.3896852998883796,0.5637329289791213,0.2605858674124375
485,10,71,0.15122042185472392,0.389750596683936,0.563400361711046,0.2605309379563846
486,10,73,0.15080471238905022,0.3899452012283023,0.563400361711046,0.2603890756423519
487,10,75,0.15160144539928927,0.38997109330311314,0.563617963216331,0.26019163860956235
488,10,77,0.15197513603236062,0.39022608668726083,0.5641327915821728,0.26027649083890714
489,10,79,0.15198504853046432,0.39032718480856543,0.5639444931171781,0.26072975080245453
490,10,81,0.15144222755689177,0.39046417883823226,0.5630003918454095,0.2609667813731594
491,10,83,0.15137488911256008,0.3905140321218,0.5624428866618082,0.2618314961522862
492,10,85,0.152247055800829,0.390510056634833,0.5615965334115679,0.26251511772549596
493,10,87,0.15183976534887175,0.39056702630749696,0.5622041920332439,0.2635237897555182
494,10,89,0.15347590061887456,0.39052184767881754,0.5622444172434448,0.2633456952333937
495,11,1,0.12536230815223112,0.38936621842703906,0.5699082930947388,0.2581394318760004
496,11,3,0.13377403813216346,0.3896654412756328,0.5710993677611937,0.2612345357179308
497,11,5,0.1361822376968291,0.38970657590710606,0.5717656068683926,0.2611933137072695
498,11,7,0.13804734063620847,0.38998744478689046,0.5714530717565599,0.26211471820938254
499,11,9,0.1390032271320009,0.39005737668614504,0.5712953108256195,0.26327191736993183
500,11,11,0.13938423751042833,0.3903267303634876,0.5718822485794816,0.262809305051166
501,11,13,0.14033634849242912,0.3906395425373053,0.5722530889850038,0.2630373000213938
502,11,15,0.14062578515463225,0.39087845350021405,0.5709690845010965,0.2633365593089292
503,11,17,0.1417862469514794,0.39109049270974794,0.5718392860626851,0.2637719076497556
504,11,19,0.14243852554858574,0.3913758062361915,0.5734621217386952,0.2628277495301357
505,11,21,0.14243985064727846,0.39155105053281325,0.5737873663214872,0.26235036517265437
506,11,23,0.14256706779503667,0.3917562656776075,0.5737873663214872,0.2625356816149546
507,11,25,0.14204457453844502,0.39196901682706675,0.5737873663214872,0.2625932586522313
508,11,27,0.14221943603393128,0.3920996945702343,0.5737918308160281,0.26270643901910834
509,11,29,0.14266443456966818,0.3922667131164405,0.5732002255372332,0.2636028778061966
510,11,31,0.14296222308865017,0.39251915353396,0.5730966622376478,0.2637359600093668
511,11,33,0.14354548192190156,0.3929377462268579,0.5736876241845409,0.26411436452447284
512,11,35,0.14391547072495547,0.39305708716223997,0.5736876241845409,0.26404995010154936
513,11,37,0.1440759655523045,0.39327724209236953,0.5736876241845409,0.2650035903448101
514,11,39,0.14428404550125146,0.3935286281947942,0.5740303235419999,0.2648869081356087
515,11,41,0.14455038085137104,0.39378484805237657,0.574135383465007,0.26497698568745043
516,11,43,0.1450360539124467,0.3938824535696778,0.574135383465007,0.26607081032729185
517,11,45,0.14571452507705426,0.39404254496663377,0.5739451173565401,0.2660069935413706
518,11,47,0.14615300642446763,0.39417882447677066,0.5739451173565401,0.266733070603031
519,11,49,0.14672286373888732,0.39439360159107245,0.5739451173565401,0.26741644613667176
520,11,51,0.14658753599751395,0.39447910283869486,0.5743962853732333,0.26805696073755725
521,11,53,0.1465970590732669,0.3947682897706818,0.5743962853732333,0.2681029114178689
522,11,55,0.14706707110381392,0.3949875056224556,0.5743962853732333,0.2672024850092753
523,11,57,0.14830840426321049,0.39515897194736016,0.5729155306656557,0.26839749617731795
524,11,59,0.14819964958641266,0.39547043324499265,0.5727365253928706,0.26779117822998966
525,11,61,0.1479873521433796,0.39568651914325276,0.5730817661151669,0.26708380046104546
526,11,63,0.1481074584272181,0.39580748888544415,0.5738258430279465,0.26698175885213965
527,11,65,0.14926279681646823,0.3960385440847671,0.5757987860095664,0.2675579831156759
528,11,67,0.1495935967845103,0.3960451316175089,0.5764504649260954,0.26781259494447446
529,11,69,0.14915410241897634,0.39618891311405235,0.5727685169328834,0.2685456696756344
530,11,71,0.14952740400698136,0.39627620514992806,0.5706740312104858,0.26782351707934626
531,11,73,0.15006437573036588,0.3962635416168177,0.5706079012560635,0.2681670406489524
532,11,75,0.15066386734836273,0.39640956331473054,0.5706079012560635,0.2680131653786
533,11,77,0.1507440935885582,0.3965255906725926,0.5699936534357747,0.26738783732771354
534,11,79,0.15056164819789317,0.3965826624271455,0.5699936534357747,0.2674618040065998
535,11,81,0.15161512248921286,0.3967302745055357,0.5693768446305707,0.2681979293086159
536,11,83,0.1514638277557452,0.39682386172014067,0.5703991849106427,0.2680838838772273
537,11,85,0.15249474912687228,0.3967607986574436,0.569156536198545,0.2692557048029595
538,11,87,0.15240212057687266,0.39675023385564323,0.5689242586213482,0.26958140930743474
539,11,89,0.15168552163187377,0.3968489656461544,0.5689242586213482,0.27078748897022054
540,12,1,0.12491096663237199,0.3912327896081034,0.5845698317970424,0.25507101075099187
541,12,3,0.13315578628990926,0.39137690891042204,0.583023841901533,0.25579139746680685
542,12,5,0.1355765278336113,0.3915302065125767,0.5821184745358752,0.2560316976454159
543,12,7,0.13757122086767148,0.39169386397496825,0.5825071283673768,0.2578549841969079
544,12,9,0.13815040739053125,0.39179014684146657,0.5829101222963208,0.25722323447158907
545,12,11,0.1397670658260863,0.3919425960338181,0.5814561789344285,0.2565196010476928
546,12,13,0.14077978101710564,0.3922139887112711,0.5817263238828237,0.2566155766265639
547,12,15,0.14172809491664237,0.39269285901564405,0.5819966245706149,0.2572874420191572
548,12,17,0.14287897718244416,0.3929138719913536,0.5824795918913173,0.2570753975753875
549,12,19,0.14371745411587902,0.3931606327852335,0.5828284437249053,0.2575978435955647
550,12,21,0.14436038545105984,0.3934203787277366,0.5824469021844626,0.26013172579761856
551,12,23,0.14492733494746637,0.39360122226904887,0.5818928522773621,0.2599136295122276
552,12,25,0.14594015725639936,0.3937642711844199,0.5825685595955504,0.2603908723550546
553,12,27,0.14535478730389978,0.39396456435106203,0.582384951924186,0.26229076085498576
554,12,29,0.14482216994486286,0.39420689914397494,0.5809315792662536,0.2631742018748799
555,12,31,0.14499018341322975,0.3943379872961795,0.5809315792662536,0.26379875300192795
556,12,33,0.14536976974249144,0.3944314517692966,0.5801124009200918,0.26456673903193534
557,12,35,0.14604862448609918,0.39466280849436985,0.5801124009200918,0.26369489583954026
558,12,37,0.1452332136397403,0.39488734296449574,0.5791975868567515,0.2653982483252785
559,12,39,0.14576859717451615,0.39504272531432527,0.5797634108933145,0.2648910220991316
560,12,41,0.14577956181297855,0.39509115407864087,0.5795921941003924,0.2648176692378258
561,12,43,0.1462062454380049,0.39518964065298073,0.5788050677296771,0.26591809522838633
562,12,45,0.14642773684553387,0.3953478760844128,0.5787687477783904,0.26548349811573374
563,12,47,0.14681849193721322,0.39533683463212865,0.5790647921061467,0.26506363509057934
564,12,49,0.14654281440388228,0.39534169285255727,0.5790647921061467,0.26501233211440056
565,12,51,0.14790272367246438,0.3952938796475252,0.5776838403786327,0.26564514297874536
566,12,53,0.14867364184293536,0.3954383445758454,0.5775564096747009,0.2660010297078389
567,12,55,0.14854406680744398,0.39553875489399626,0.5766922665280472,0.2661306666975081
568,12,57,0.14992684033307765,0.39558673886800727,0.5763285203935398,0.26423477727206673
569,12,59,0.15022459201146568,0.395639539270855,0.5764353846479763,0.2649862679141076
570,12,61,0.1512288838271017,0.3956327435500152,0.5762680970800877,0.265770944692174
571,12,63,0.15135662888066867,0.3955687687064082,0.5749449891312847,0.2659927215787384
572,12,65,0.1511899429995065,0.39565925495941606,0.574310693278285,0.26530205881397034
573,12,67,0.15164503545063604,0.39553011889069734,0.5738262161579378,0.26604589611351176
574,12,69,0.1518544367167621,0.39543998671177105,0.5718292323079206,0.26545474768285215
575,12,71,0.15179163075970484,0.3954647609257436,0.5719607959475351,0.26447182545952214
576,12,73,0.15191197055195077,0.39555217793302966,0.5707184966938758,0.26408065899625044
577,12,75,0.15220548963621555,0.3957250134545693,0.5701152947049775,0.26547162197075547
578,12,77,0.15258806031918498,0.3956263051564884,0.5681164610077131,0.2639653695512004
579,12,79,0.1529391939384723,0.39556948238997214,0.5683855462980428,0.2651907692014967
580,12,81,0.15299612486731373,0.3955588122562097,0.5677712131500947,0.2647335998539556
581,12,83,0.15422392723140574,0.3956619486123392,0.5683374700335636,0.2642221459116733
582,12,85,0.15467075316270498,0.39575260190749123,0.5684375011678348,0.2637793459342849
583,12,87,0.15418878286796697,0.39580484311420394,0.5677410423999085,0.26376926718038685
584,12,89,0.15486825208441535,0.3960217546522313,0.5677410423999085,0.26445277769471903
585,13,1,0.12896250016238256,0.3848010977485408,0.5663278834891512,0.25950657950114986
586,13,3,0.13745394353520843,0.38501964912005787,0.5660577130553758,0.2599102996411731
587,13,5,0.13985289059112677,0.3852190782427608,0.5670737981007388,0.25960444055399556
588,13,7,0.14167261220278266,0.38529258036306746,0.5669205104351616,0.25974371993897033
589,13,9,0.14310332250154315,0.3856901807736791,0.5668255096370826,0.26067493774300443
590,13,11,0.1447277250484569,0.3859971948579322,0.5673974711505558,0.26007918069563585
591,13,13,0.1452227117898573,0.38630609182874337,0.5672104608365383,0.2605422113673111
592,13,15,0.1455471397845994,0.38666179383509014,0.5677808662736891,0.2607335023346029
593,13,17,0.14545632293704142,0.38693532874185504,0.5677808662736891,0.26171127274237266
594,13,19,0.14543773748424524,0.3872140104437964,0.5677808662736891,0.26094915006039865
595,13,21,0.14645032923910947,0.38746219045505914,0.5677808662736891,0.2609160892134751
596,13,23,0.14679397253002477,0.38769685379698554,0.5680058852403247,0.26162709444452675
597,13,25,0.14728820263191172,0.3879724749688337,0.5691588545781111,0.2626478626603067
598,13,27,0.14748673190066658,0.38805376940871633,0.5691588545781111,0.26176265225275264
599,13,29,0.14832126223426625,0.38833244806818945,0.5668195972023596,0.26075030988813835
600,13,31,0.14876740695059087,0.3884739733148369,0.5666922821686189,0.26111770575094
601,13,33,0.14928858796335326,0.38864087035562245,0.567493974797762,0.26151558486859694
602,13,35,0.14857631766408216,0.388769448375951,0.5660386034917401,0.26194992649145027
603,13,37,0.14813475516670965,0.3888304614235573,0.5651668804319285,0.2623282886593108
604,13,39,0.14864956011749206,0.3889931848812042,0.5651668804319285,0.2630624179487679
605,13,41,0.14917008297217582,0.3890331301149792,0.5647911108439686,0.2639513591720525
606,13,43,0.1489420077316891,0.3890556315405903,0.5652187999176762,0.263028528528883
607,13,45,0.14853712170864836,0.38925202258832403,0.5652187999176762,0.2630545661154108
608,13,47,0.14834545844314892,0.3893011241734479,0.5653139105777353,0.26405787155043126
609,13,49,0.14804245629311888,0.38943695408906737,0.5647297292083309,0.2642186742300331
610,13,51,0.1487663393354761,0.3895476596622824,0.5644226798599005,0.26461765012773497
611,13,53,0.14925411155350288,0.3896587544130118,0.5641432864800475,0.26441709630654714
612,13,55,0.14943491042386342,0.3898713361651947,0.5655181593673743,0.2647302412073332
613,13,57,0.1500727382496783,0.38997806471939905,0.5653033137429423,0.2661942051310736
614,13,59,0.15027498639190656,0.3901789651466877,0.5649868046797359,0.2667415624449302
615,13,61,0.15021878709066833,0.39032372641598123,0.5653249764498017,0.2670515915223285
616,13,63,0.15037935019103976,0.39026525400271256,0.5655994136413727,0.26648749410895645
617,13,65,0.1509264916679307,0.39040867748346525,0.5656865757235566,0.2667946873078706
618,13,67,0.1511523719083139,0.39031340094291006,0.5642923611420048,0.2671165309413722
619,13,69,0.15119671271513876,0.39034621668687475,0.5651408817279774,0.26632909935898474
620,13,71,0.15160130455558468,0.3907009776851281,0.5658017537199577,0.2659280080078424
621,13,73,0.1518444194805182,0.39075916086010914,0.5654947166119194,0.2659139665031796
622,13,75,0.1516267957484903,0.3910441555281241,0.5657349984585419,0.2666698641244342
623,13,77,0.1522712438005648,0.3910303288200218,0.5649066017389257,0.26700547730878493
624,13,79,0.15296112821364644,0.39115377732297635,0.5655886029036133,0.26731786395650764
625,13,81,0.15311925153288436,0.39116610371477295,0.5672104197558692,0.26802465281169696
626,13,83,0.1535547128990983,0.3912484344584431,0.5673163956068507,0.2673488851228304
627,13,85,0.15409433131005934,0.3914251091761237,0.5677731702284803,0.26773925429798406
628,13,87,0.15474834313049396,0.3915625698901645,0.5671237937954363,0.2681661805250301
629,13,89,0.1548966002155186,0.3915413415754935,0.5652438261528016,0.26837296920464226
630,14,1,0.12849633487349474,0.3798074501198638,0.5580819226095581,0.257360618594016
631,14,3,0.13778868955934928,0.3800645287995579,0.5580884593464523,0.2624387351100096
632,14,5,0.14037589139119047,0.38035185295975504,0.5576286170946471,0.26320549975480995
633,14,7,0.14180983651479387,0.38045911960100814,0.5570753254901529,0.2636122241868006
634,14,9,0.14354823156936422,0.3805963498974898,0.5585232689356547,0.26357680067331873
635,14,11,0.14414142483048692,0.3808425521004334,0.5571703345881848,0.2640669027024084
636,14,13,0.14513905361909857,0.3811335776216752,0.5584178100916871,0.26527437282825045
637,14,15,0.1452174169458004,0.3813659818974918,0.5584178100916871,0.26472576499467343
638,14,17,0.14529519832492985,0.38184079855503716,0.5591843698773705,0.2646255017773574
639,14,19,0.1457928546061842,0.38206354423911515,0.5591197780328234,0.26475162891986354
640,14,21,0.14605812572260254,0.38218418389882475,0.5591197780328234,0.2650854191713289
641,14,23,0.14594025025453036,0.38247179202923415,0.5567395887544017,0.2645394857519613
642,14,25,0.145674811626437,0.3826929124467165,0.5569231736421005,0.2646052783261064
643,14,27,0.1467835048727613,0.3828421263063705,0.5576054327722119,0.26494854762932846
644,14,29,0.1467364575718613,0.3830483152524584,0.5570492380722534,0.2651307657671163
645,14,31,0.1473803447569082,0.38322749387883875,0.5570492380722534,0.26568570100870476
646,14,33,0.1474430685059628,0.38346838205156125,0.5567901953218235,0.2663108677479861
647,14,35,0.14789399515152551,0.3836531655334282,0.5558209808660435,0.2657316417129624
648,14,37,0.1477043367686918,0.3837381275551918,0.5561620588582586,0.2656703690861394
649,14,39,0.1479995054609075,0.3839492149226626,0.5560032222689228,0.26562513946847266
650,14,41,0.1483535086216289,0.3841210517039379,0.5571072010016611,0.2657673045366354
651,14,43,0.14840714066789107,0.38416404992992836,0.5571072010016611,0.2651080818518007
652,14,45,0.1480113612270412,0.38434902045814806,0.5553017314866635,0.2663947881426454
653,14,47,0.14790347725821554,0.38455309785365654,0.5556097947353973,0.2671551415348511
654,14,49,0.14761090188834292,0.3846529964502963,0.5564292819456552,0.2663971487641673
655,14,51,0.14781312293812118,0.3847520639449037,0.5565885465832242,0.26629032861253005
656,14,53,0.1489453854711033,0.38487847525690266,0.5585145531525829,0.2662075981067963
657,14,55,0.15035034274603504,0.38498264276703636,0.5590143207999497,0.26660430349336944
658,14,57,0.15011290116460693,0.3852150148849143,0.5584872925793215,0.26648096002417637
659,14,59,0.15000835726887915,0.38533506938693945,0.5587942392268286,0.2667494919780362
660,14,61,0.15069391157026765,0.38547017574496323,0.5586580340456346,0.26687775200332925
661,14,63,0.15151361518772502,0.3857097831608522,0.5588395915768131,0.2670984079250216
662,14,65,0.151344087648291,0.38590247734946487,0.5588395915768131,0.26792156818339297
663,14,67,0.15255325268801795,0.3859822000491012,0.5580667843039167,0.2686490761972369
664,14,69,0.1527047769452279,0.3862190609449602,0.5580667843039167,0.2692751911502225
665,14,71,0.15242789466937054,0.38613686983148215,0.5574205196896208,0.26861981784337924
666,14,73,0.15213021685572908,0.3860600322547203,0.5559695864295467,0.26819035647956857
667,14,75,0.15213395308726513,0.38607246534771883,0.5556430177097791,0.26843100310624857
668,14,77,0.15265473377506078,0.3860122323022228,0.5552361658578487,0.26861086198729606
669,14,79,0.15212612855255678,0.3860141030987256,0.5555794070185138,0.2686610363885613
670,14,81,0.1515437859617354,0.38603953833576155,0.5552436342586099,0.2681513331444028
671,14,83,0.15261070058652534,0.3859518764623599,0.5579120589921083,0.26812054057920615
672,14,85,0.15300500981044474,0.385960535709844,0.5578523606599775,0.2676547516206766
673,14,87,0.15361365361104656,0.38577300962487404,0.5571921193148716,0.26724329015967985
674,14,89,0.15367067013623623,0.38587982065639137,0.5571921193148716,0.2675269110492765
675,15,1,0.12833856774938748,0.38928544943367843,0.5600791323364048,0.2594492362086078
676,15,3,0.13582336246679813,0.38942153638201554,0.5596282696075415,0.2580914951660386
677,15,5,0.13879508771515928,0.3897073587818561,0.5596282696075415,0.2590219936064925
678,15,7,0.14083103263104024,0.3899369123654947,0.559645069807325,0.2594858755116701
679,15,9,0.14277380346022378,0.39014485908187047,0.5593065026311609,0.2592153338515017
680,15,11,0.14335889116351444,0.39044219017394033,0.559645069807325,0.2596725686605068
681,15,13,0.14346428786250584,0.3906615567140383,0.5612032422028244,0.26130565415975676
682,15,15,0.1438393192962874,0.390833572066231,0.5611371336680383,0.2623875847892637
683,15,17,0.14393770976069567,0.3909673967071847,0.5613196547111124,0.26301246630915665
684,15,19,0.14491831859943408,0.39116062904896814,0.5605214286381611,0.26370274797868737
685,15,21,0.14538729568463027,0.3912193484406209,0.5600178088311083,0.2637654736445529
686,15,23,0.14562425669805087,0.39140784120870775,0.5592393234648834,0.2644666585593011
687,15,25,0.1457149230424662,0.39156891992520804,0.5586891935916629,0.2649541245692542
688,15,27,0.14581219550052493,0.39164565155934383,0.5586891935916629,0.2656218084058594
689,15,29,0.14651152013629093,0.3918391252965966,0.5574419079506996,0.26529161717755967
690,15,31,0.14650145148949184,0.3919650123222297,0.5572063699357945,0.2649934237128379
691,15,33,0.1468137196080118,0.39219419126282673,0.5577816118885456,0.2662781418427334
692,15,35,0.14711056422005273,0.3923645312163879,0.5573059824912401,0.2667802077631581
693,15,37,0.14765134183168566,0.39252141133321683,0.5585709856522503,0.267080961715227
694,15,39,0.1474340063743747,0.39266369653776867,0.5587309137031076,0.2669407796265721
695,15,41,0.1476671530329395,0.39277578605243896,0.5590726322309284,0.26834446694123876
696,15,43,0.14768631017302564,0.3928424315751064,0.5594801823454035,0.2692618089426022
697,15,45,0.1479019759999041,0.3928230024553329,0.5594801823454035,0.2687465636046248
698,15,47,0.14848619776620606,0.3928720063039924,0.560173485703039,0.26841249769280967
699,15,49,0.14871673286692996,0.3929102720558091,0.5590222685595946,0.2672312695788062
700,15,51,0.14898271855105125,0.39298560220117873,0.5598994958928314,0.2663591232184302
701,15,53,0.1492070985919769,0.39309255442708163,0.5598994958928314,0.2664414142661137
702,15,55,0.14875007598894943,0.39325650893105873,0.5612797262847303,0.2670291368884537
703,15,57,0.14871771637860617,0.39320489959168353,0.5605021302621845,0.26810401983422616
704,15,59,0.14909425031974494,0.39316493994672747,0.5591263803204116,0.2677657986811633
705,15,61,0.1498394595904706,0.3929274640490446,0.5591263803204116,0.2676283466902064
706,15,63,0.14968833213080937,0.3928859514752215,0.5571515814432003,0.2673661294774209
707,15,65,0.14981107059631785,0.3927357940754283,0.5571515814432003,0.2679330996201676
708,15,67,0.15058624070101542,0.3927815164705829,0.5577554102766609,0.26884074653859075
709,15,69,0.15085980553934988,0.39287387161961446,0.5565347965445414,0.2686654901081892
710,15,71,0.15066811506004907,0.3929121019197388,0.5565347965445414,0.26874443334822407
711,15,73,0.15045355075340913,0.3928598237722753,0.5568739575604319,0.2690164011892314
712,15,75,0.15068443067929235,0.39292716662158406,0.5569139294585443,0.2682023541601605
713,15,77,0.15080418425483938,0.39309749413433115,0.5577845293031035,0.2687490200692689
714,15,79,0.15092830902283919,0.39319293454568605,0.557673430342475,0.26829297180697165
715,15,81,0.15066044631374687,0.3932603770866026,0.5570157483103813,0.26809341610309073
716,15,83,0.1509310858675757,0.39346192129418667,0.556400718389826,0.2680073194690519
717,15,85,0.15154963768990454,0.39353584884726,0.5560611454732484,0.26773927259883135
718,15,87,0.1521994793089479,0.3935670003458513,0.5565756267416556,0.2683662323534897
719,15,89,0.15305949661997847,0.3936172938874773,0.5569170833594741,0.2687882778831045
720,16,1,0.1256836733014122,0.38239343442501894,0.5693572256170701,0.25866316090488156
721,16,3,0.13320707352748254,0.3826676396211989,0.5696273340950319,0.2593476540399244
722,16,5,0.13590957154345093,0.3830006519377501,0.5709674247209968,0.26114617030575904
723,16,7,0.13877353254547176,0.383173387238268,0.571968483796982,0.26262648083704276
724,16,9,0.14066881474475626,0.3833358531812419,0.5717224478189882,0.26435757686081063
725,16,11,0.14140208114649608,0.3835081201512966,0.5709149416805892,0.26466977477822234
726,16,13,0.1414180547253411,0.38363122303175407,0.5705975885298245,0.2646173060614512
727,16,15,0.14255052568449836,0.383713829724844,0.5708411904542474,0.26373969202583575
728,16,17,0.14208245045669035,0.3838659058011761,0.5708411904542474,0.263982853827076
729,16,19,0.14260191994545704,0.38416132868688885,0.5710022248488836,0.26495335111094864
730,16,21,0.1439687246542474,0.3842931039100845,0.5713090397838604,0.26393934171401384
731,16,23,0.14451167410462187,0.384289236529413,0.5711488666593747,0.2629568053641114
732,16,25,0.14440308616897998,0.38451520146732704,0.5703877695632149,0.26266437772560397
733,16,27,0.14439189580929276,0.3848129127063547,0.5718061916396248,0.26277129947053884
734,16,29,0.14485496318609353,0.38505674565202114,0.5718061916396248,0.2630087234473414
735,16,31,0.14580316162064388,0.3851953699700374,0.5709974521427619,0.2634692107609063
736,16,33,0.14646647601334473,0.38541498661643125,0.5707861511083088,0.264141684309091
737,16,35,0.14677070580464702,0.38559903402630147,0.5713492579205003,0.2639395629339897
738,16,37,0.14676595972796472,0.38580097192260066,0.5714506029355514,0.2638357521735169
739,16,39,0.1474215768495408,0.38592057415879,0.5714506029355514,0.263390574479107
740,16,41,0.14826326990140265,0.3859894492699526,0.5711196960478446,0.2640040870419245
741,16,43,0.14798541415195804,0.38618966996344256,0.5703623646414169,0.26427456647853675
742,16,45,0.14827042456348147,0.3864044750994727,0.5699107255980242,0.26393328423426793
743,16,47,0.14880032224624967,0.3866500338517584,0.5693411200592271,0.26442738618415274
744,16,49,0.1486548222666105,0.3868027680426688,0.5689284316123165,0.26476132074395925
745,16,51,0.14859369734125452,0.3867934688676119,0.568087042726101,0.26516079577250795
746,16,53,0.1490262664045125,0.3869137092100404,0.5677664821525841,0.265687570443198
747,16,55,0.14920073605461615,0.3869362776263916,0.5685296257928917,0.26538676841168696
748,16,57,0.14877821952352396,0.3868899783900681,0.5675235409226402,0.2649703409976831
749,16,59,0.1487173450862332,0.3870339201048195,0.5681337675268825,0.2646854195389488
750,16,61,0.14909563129988138,0.3870330846409012,0.5670066326617574,0.2641847032983319
751,16,63,0.14889228362332532,0.38701121503678804,0.5673472611977882,0.26426551060795384
752,16,65,0.14930625027341932,0.3867220156526778,0.5671699070297984,0.2632627713031947
753,16,67,0.1490696356716247,0.38677516578318016,0.568101971968293,0.26394874440922084
754,16,69,0.14859890207377519,0.38669689450624123,0.568101971968293,0.26285809595123405
755,16,71,0.14928208641280477,0.3867788262097279,0.5672579635550804,0.2634271047737304
756,16,73,0.15088956699710862,0.3867607376100551,0.5672579635550804,0.2626251742118368
757,16,75,0.1512218944450896,0.3866279353237684,0.5646523334886131,0.26303693346199697
758,16,77,0.15184709773660418,0.38660648197226843,0.564175596257329,0.26315695451365145
759,16,79,0.1526770086746403,0.3865835678580657,0.5641576527710874,0.26349210609240326
760,16,81,0.15336890029200148,0.3865588841509095,0.563779988471668,0.26362005278035666
761,16,83,0.15352743870133928,0.386724147290838,0.5649464616507865,0.2642200409951061
762,16,85,0.15365075576560017,0.3866636692616002,0.5644519290419225,0.26388866091670765
763,16,87,0.1547759872582216,0.38668573624678465,0.563429050350101,0.26459867608670246
764,16,89,0.15485683902503533,0.386778769855883,0.5606950714124924,0.2644092633770131
765,17,1,0.12833218036064492,0.384907439561551,0.5639897753315914,0.2603412220685208
766,17,3,0.13664969444935784,0.3850724048721708,0.5623563209877945,0.2615036084546128
767,17,5,0.1394278359279128,0.3852548710848526,0.5639475774021899,0.26231448967367854
768,17,7,0.14086584395037574,0.3854709524549772,0.5625732274493999,0.262363075807046
769,17,9,0.14217042553054923,0.3857210136586757,0.5625464540022121,0.26220903556398695
770,17,11,0.14215631263985595,0.3858378065856874,0.5631262211389297,0.26133349916994003
771,17,13,0.14306925441304313,0.3860852058593135,0.5634737042611234,0.2626062126423435
772,17,15,0.14345198455290703,0.38622271257150287,0.5629172798985935,0.2634785378129761
773,17,17,0.14392628788264022,0.3863905727496185,0.5624063591071057,0.2638626344918204
774,17,19,0.14388568737763352,0.3867716783024725,0.5632716628309379,0.26482793412119277
775,17,21,0.14448586031952454,0.387126006304066,0.5644780478202038,0.26386389871024024
776,17,23,0.1441713334814036,0.3872495424397033,0.5652855786750641,0.2648890837554606
777,17,25,0.1443831202920039,0.38753902158522086,0.5668277231747997,0.2649838218980439
778,17,27,0.14479758972061552,0.38769010997637476,0.5670746672419684,0.2658137431970575
779,17,29,0.14549270465940242,0.38785676302713845,0.5670330808880354,0.265894269852308
780,17,31,0.14615760175346246,0.387911540901576,0.5675457614493562,0.2664504502462233
781,17,33,0.14645857334418863,0.38808596214378266,0.5669659994863537,0.26757023319870493
782,17,35,0.14628676677961513,0.3881579294974963,0.5669659994863537,0.2674084336394255
783,17,37,0.1455463110960685,0.38832189075929696,0.5666128549931939,0.2678611875961772
784,17,39,0.14513415331563148,0.38863843585181285,0.5666737299912171,0.2672863533872611
785,17,41,0.14559515708326412,0.388672727767453,0.5658590279732619,0.2675025190379157
786,17,43,0.14569992656387978,0.3888857480636351,0.5660262843783302,0.2669154012083815
787,17,45,0.14635273605623214,0.38919297494823096,0.5663796194358743,0.26725549536518917
788,17,47,0.14639576517616765,0.3894043771233155,0.567616424702342,0.26705988593474256
789,17,49,0.14684856219275777,0.3895976421384369,0.566282807565311,0.26727347054329587
790,17,51,0.14704579078639204,0.3895798601593829,0.5656929049366055,0.2671643814473052
791,17,53,0.14807811594941292,0.3897442190603123,0.5660923581366284,0.26728897209805774
792,17,55,0.14824745699592665,0.3897807885424938,0.5660923581366284,0.2676166687168614
793,17,57,0.14827485040606897,0.38990319332730333,0.5653735191692174,0.26773162196880324
794,17,59,0.1481817102076671,0.389942601166043,0.5653735191692174,0.2669003427785191
795,17,61,0.14834798052861853,0.39002092289198964,0.5664695567588842,0.26676370757608964
796,17,63,0.14871829473230744,0.3902655800701596,0.5667481001389543,0.26689941066242634
797,17,65,0.14861542190460905,0.39028150540595,0.5666276453952908,0.26638729171705444
798,17,67,0.14838597062450157,0.3904099367118979,0.5670956750397935,0.2662118603961002
799,17,69,0.14918175946695486,0.39042957907312076,0.5673924740717532,0.26692917321948134
800,17,71,0.14958677812024415,0.39057101570568836,0.5667876859449349,0.26748775582120227
801,17,73,0.14926851693949375,0.3904779392394806,0.5673195762593182,0.26614022110681795
802,17,75,0.1501966511317246,0.3906220873648408,0.5673195762593182,0.2659061912719765
803,17,77,0.1508246385434631,0.39054496162653096,0.5654894065937686,0.26596342332694706
804,17,79,0.15125329444075986,0.39065783846989227,0.5658463544215134,0.2660476196146689
805,17,81,0.15120615329268258,0.39076112042343497,0.5643174244818364,0.2661644625810325
806,17,83,0.1512476741113739,0.39085628073869855,0.5643174244818364,0.2672161651711626
807,17,85,0.1522876323012002,0.3909566533847485,0.5643174244818364,0.267250160359038
808,17,87,0.15268899874453182,0.39097158930322207,0.5637403217691418,0.2667942031799121
809,17,89,0.15324513825235356,0.3910281734026139,0.5631217547025098,0.2675503859762243
810,18,1,0.12910154599137819,0.3892513905951415,0.5717222458294833,0.2610983175768806
811,18,3,0.13770037474323749,0.3895968976622163,0.5740268444832993,0.26400179259150686
812,18,5,0.14157982447452122,0.39001825738816426,0.575855576833371,0.2642789517996856
813,18,7,0.14333401980885618,0.3901061671267147,0.5755684240365676,0.266238333116153
814,18,9,0.14425129776498866,0.390378487371982,0.5752373039943658,0.26628577180879526
815,18,11,0.1454434692013339,0.3906207018194716,0.5761360602631449,0.26596131994505673
816,18,13,0.1456340705693924,0.3907856750645067,0.575790465853585,0.2654942167776027
817,18,15,0.14630286980163695,0.39101292230733126,0.5751113507880209,0.26634642608766235
818,18,17,0.14678675704538519,0.39107248392408506,0.5754846789838829,0.2666234648723232
819,18,19,0.14699186750014012,0.3912071216354177,0.5764582899226938,0.2676489963920962
820,18,21,0.14749980095537568,0.3911586858477739,0.5761721791722031,0.26788900151077616
821,18,23,0.14827774652817957,0.39134842735124026,0.5763700404554644,0.26755045125608345
822,18,25,0.14832104111757682,0.39144983789036747,0.5771679573414449,0.26790988142212535
823,18,27,0.14826582282804726,0.3916660132408855,0.5764930466658039,0.2681261585016285
824,18,29,0.1485863882713245,0.39179942817304314,0.5769421465812574,0.26848181090406414
825,18,31,0.14873326236746637,0.3919679478777357,0.5769421465812574,0.2686459408022559
826,18,33,0.14955406186602982,0.39216249114883234,0.5769421465812574,0.26886815116686524
827,18,35,0.14929157159118933,0.3923791361087762,0.5769421465812574,0.2705026945978584
828,18,37,0.14981115677330728,0.39258204845542116,0.5764957415270561,0.2701115337116929
829,18,39,0.15048353106385154,0.39273793909633375,0.5764367774878603,0.26927924932083086
830,18,41,0.1510528572388197,0.39279655718376966,0.576900085439904,0.2689444407213507
831,18,43,0.15073739407200956,0.39293261787996897,0.5769572049677453,0.2687064127747937
832,18,45,0.15051795790794034,0.39294318423390123,0.5768518317424977,0.2689134640253286
833,18,47,0.1503053950326221,0.3928709095622852,0.5767956444028586,0.2693351383556652
834,18,49,0.1507284950811592,0.3929248215971447,0.5763970038848344,0.2692525863433422
835,18,51,0.15044599275106624,0.3930305022896,0.5758812672649025,0.26885336805719157
836,18,53,0.15046725614357617,0.3930617173405064,0.5747275811748995,0.26934760270352526
837,18,55,0.15105641582884546,0.3930628791919098,0.5735648017760556,0.2697970098969163
838,18,57,0.15128488603468632,0.3930742776509654,0.5735648017760556,0.2696241557707931
839,18,59,0.1519039068917247,0.3932156600583679,0.5722782492754304,0.270370057326827
840,18,61,0.15165955458658328,0.39325862453875154,0.5722782492754304,0.26994463940111363
841,18,63,0.15151733720624463,0.39328411080568104,0.5726934203562966,0.27069710307189965
842,18,65,0.15211272013620908,0.3934138417115681,0.5711697451734518,0.270889561141959
843,18,67,0.15252162827281637,0.39348743458522584,0.571735699186106,0.27051170049756607
844,18,69,0.15267843068394274,0.3933535642167541,0.5713064579761927,0.2707255969262062
845,18,71,0.15323491794043248,0.3933151246888461,0.5707939901035345,0.27043975315643115
846,18,73,0.15368791162967235,0.393347873871314,0.5701866024105439,0.2707057591937923
847,18,75,0.15405488264452408,0.39332940475032746,0.5696335780306964,0.27060731161303014
848,18,77,0.15399026770122895,0.393147071845819,0.5690778848183398,0.27095427758436413
849,18,79,0.15421927692308018,0.3930892027586998,0.5681917616071179,0.27098263042525966
850,18,81,0.154435474123717,0.39308660769192144,0.5663091924589245,0.2709993305302781
851,18,83,0.15550331336320772,0.3930678569723369,0.5663091924589245,0.2703461929166228
852,18,85,0.15437560383508123,0.39316306481012825,0.5651844183399994,0.2693915446202523
853,18,87,0.15359050942769428,0.39322952795940963,0.5645519970952474,0.26949792622942764
854,18,89,0.1544993331537728,0.39328410448153256,0.5644374965094181,0.26981412098004803
855,19,1,0.1280778082657306,0.37789818442564277,0.5592285869404469,0.25862187078772725
856,19,3,0.13663162198789444,0.377954717303247,0.5583027158842304,0.25917433746181334
857,19,5,0.1397678679183878,0.37812824561753894,0.5566392396999384,0.259608799155498
858,19,7,0.141697594622146,0.37828317476149037,0.5577129653142492,0.26145491166147383
859,19,9,0.14314605503597702,0.37850525715394295,0.5592149527848489,0.2608762329509151
860,19,11,0.1438987136061126,0.3787190712383823,0.5598872216924119,0.26042781335872456
861,19,13,0.14478121953185447,0.3788012508328652,0.5595840099761389,0.26131163264660356
862,19,15,0.14510103100413235,0.37901261363289096,0.5584812343366132,0.2604300986577222
863,19,17,0.14609593509436933,0.379167843316098,0.5583585826092166,0.2602055319857171
864,19,19,0.14594341629183583,0.3793776762738652,0.558229960939613,0.26088833432768227
865,19,21,0.14657390935474182,0.37951691349670635,0.5577906543489412,0.2609353099503914
866,19,23,0.1472876038010644,0.3797295420621739,0.5581092401539803,0.260357106648977
867,19,25,0.14764138528897877,0.3799541863979182,0.5580259329853047,0.25997971055219066
868,19,27,0.14760202825016364,0.3801648411773457,0.5584302260533754,0.26042667305466544
869,19,29,0.1478214536639954,0.3802541647922627,0.5584302260533754,0.26112018169245454
870,19,31,0.14789517328074106,0.38044651998582557,0.5584003982308341,0.26224337387340674
871,19,33,0.1486692017253453,0.38066764647195406,0.5578123058692137,0.2628360725718487
872,19,35,0.14898582421226353,0.3808155299012564,0.5571975986942389,0.2618840346251218
873,19,37,0.1491122621828949,0.3808733234964263,0.5580819855767062,0.2632179499741186
874,19,39,0.14995117831895843,0.381219800603498,0.5584162021575148,0.2640922705817164
875,19,41,0.15063738194800597,0.38139749605978285,0.5585143038835589,0.26342890112063005
876,19,43,0.1502772504953667,0.3813845660292868,0.5578654914075043,0.2634190240394863
877,19,45,0.1497013927446925,0.38137510591547014,0.5571140379725633,0.26379414133803947
878,19,47,0.150311038450683,0.3811818924392368,0.5574772583111766,0.26404193266479264
879,19,49,0.1502854049346419,0.3811811935249892,0.5568254477219431,0.26377701725810543
880,19,51,0.1503578523049374,0.3812061778315612,0.5568254477219431,0.2639105355348708
881,19,53,0.15133019767940079,0.38135481287787165,0.5567262921125302,0.26247096278105847
882,19,55,0.1514286930927998,0.38151046788297177,0.557153424128747,0.26185003035861754
883,19,57,0.15114858754734342,0.3816653413632988,0.5568188251777941,0.261737360592477
884,19,59,0.1510919721285056,0.3818163449859742,0.5568188251777941,0.2610774631697174
885,19,61,0.15105498116279673,0.3820262907208915,0.5569727843421091,0.26128672837075445
886,19,63,0.15153067739876858,0.3821021911640444,0.5569727843421091,0.26108531076536107
887,19,65,0.15076865865234862,0.38213887098973826,0.5557576863401031,0.26154614138187127
888,19,67,0.15085902636845455,0.38237182964571176,0.5557576863401031,0.26106258313548436
889,19,69,0.15131077614655147,0.3825702961267338,0.5561898132899565,0.2603990397756867
890,19,71,0.15258374695764562,0.38256590127252244,0.5560419135272204,0.26150346493389887
891,19,73,0.15274512525214115,0.3825262162069945,0.5562060688902117,0.25955769729354394
892,19,75,0.15299478800183694,0.38256943009650596,0.5562616326462497,0.2605565865308758
893,19,77,0.1520661630761096,0.38248623493876893,0.5567687619779071,0.2632286882638363
894,19,79,0.1526260389633349,0.38242146881981476,0.5549583683326376,0.26360776051659457
895,19,81,0.15301276376663878,0.3824366378086104,0.5539337128205267,0.264964924245141
896,19,83,0.15420771397598268,0.38244889428245793,0.5540132004603116,0.26566662974000443
897,19,85,0.15427811425588328,0.38232808528650075,0.5527864026152052,0.2663461793690253
898,19,87,0.15384991782175492,0.382323557393155,0.5529363628977915,0.26625132443045796
899,19,89,0.15424226309143177,0.3823594755324427,0.553525243942669,0.26620374916468015
