,iteration,median_filter_window_chase,category_count_score,f1_per_timestamp,f1_per_annotation,f1_per_prediction
0,0,1,0.12479738570559762,0.3771114380404237,0.5525081178868406,0.2506467169882641
1,0,3,0.13493958013478308,0.3771932566362159,0.5518576304912602,0.25238930925848224
2,0,5,0.13798577264730214,0.3771873657289495,0.550504857445202,0.2532417466128636
3,0,7,0.1397202267831281,0.3771730401916211,0.5497091737724061,0.25284758363737514
4,0,9,0.14161768069003725,0.37726512076643653,0.5497091737724061,0.2525881096105442
5,0,11,0.14339098131897016,0.3775334838852646,0.5497091737724061,0.25223302100858136
6,0,13,0.1453007876657216,0.3775503648968343,0.5497091737724061,0.25300581026952146
7,0,15,0.1464098880471778,0.37758210655344115,0.5497091737724061,0.2534869657055287
8,0,17,0.1471289808597565,0.37761529522310705,0.5497091737724061,0.2526438029707476
9,0,19,0.1478177252636465,0.3777615186881108,0.5498357373381427,0.253502870721815
10,0,21,0.14782400253767905,0.3777682871372018,0.5498357373381427,0.2553841743696139
11,0,23,0.14794821728990243,0.37789455917365566,0.5506361995795965,0.25652634558756066
12,0,25,0.14793855489299892,0.3780078537454436,0.5504185289690191,0.25603600800226495
13,0,27,0.14698636117594063,0.3780335280745643,0.5504185289690191,0.25628092596857655
14,0,29,0.14667414246353042,0.3781817529522734,0.5506361995795965,0.2560955494924652
15,0,31,0.14773214664840542,0.37836847521497846,0.5514347512651524,0.25652557373921914
16,0,33,0.14803728024884125,0.37848395201621216,0.5521008203020156,0.2567044883426635
17,0,35,0.14833650463379486,0.37864490980786114,0.5521008203020156,0.25694583120302894
18,0,37,0.14751999243226938,0.3786968205811787,0.5521008203020156,0.25640377185375407
19,0,39,0.14799313583584578,0.3788583477345596,0.5520810109491089,0.2573582157431185
20,0,41,0.14908373725366605,0.3789136488674328,0.5511929582830162,0.2577004907061356
21,0,43,0.15005691154868941,0.37894970404003947,0.5511929582830162,0.25862045043321275
22,0,45,0.15033159431542828,0.3788669564876921,0.5510981128607909,0.25819530693880444
23,0,47,0.15227241460710525,0.3789720985709549,0.5510981128607909,0.25878192415081075
24,0,49,0.15421278263422145,0.3790889764602568,0.5515663770815669,0.25752897557532706
25,0,51,0.15379997471748136,0.37919130171602417,0.5515663770815669,0.2580853447264892
26,0,53,0.1549852076435919,0.3793163307174239,0.5515663770815669,0.25859026440028954
27,0,55,0.15537674555925746,0.37951507152586167,0.5515663770815669,0.25884133329858333
28,0,57,0.157482053428452,0.3796870857346905,0.5512362673666249,0.25939640412107673
29,0,59,0.1555482979809901,0.37977140006318233,0.5515261590376003,0.25923733498830337
30,0,61,0.15566819726340778,0.37984089719547126,0.5515261590376003,0.25966132493407457
31,0,63,0.1560731597219102,0.3799170876650388,0.5515261590376003,0.2583661207627016
32,0,65,0.15604407545848953,0.38004496352650424,0.5515261590376003,0.2593922737697874
33,0,67,0.15603447636395154,0.3801083215802154,0.5507028625026245,0.2583844478658047
34,0,69,0.15662439754377327,0.3801268352460245,0.5507028625026245,0.25862433544726815
35,0,71,0.15884654050757446,0.38026623687723254,0.5507028625026245,0.2594416944968556
36,0,73,0.15746045820959545,0.3803408740541855,0.5515116487008808,0.259711214061378
37,0,75,0.15767036855539523,0.3804457370329458,0.5515116487008808,0.26014044091408317
38,0,77,0.15788455640058072,0.38059021030709944,0.5518046412106073,0.26069765074254375
39,0,79,0.15715248447499958,0.3804973700812015,0.5514497293061404,0.26120329121114577
40,0,81,0.15670084815770222,0.38051173009173417,0.5514497293061404,0.26141163455489647
41,0,83,0.15583402043068892,0.38053327411126076,0.5519655788390498,0.26209397571586546
42,0,85,0.15468438728126932,0.3804467688804242,0.5519655788390498,0.26042995078222025
43,0,87,0.1533064751126469,0.3804240815325572,0.5519655788390498,0.2594931726048675
44,0,89,0.1531222360471145,0.38051619458705677,0.5524447061155185,0.2597167155307477
45,1,1,0.127884102780224,0.38669585360588005,0.5743840012685325,0.25670521981171207
46,1,3,0.13822892530805986,0.3868638866370064,0.5751997997739791,0.25886499139511776
47,1,5,0.1427011302424115,0.3868725939915641,0.5752760230610738,0.2591054878799838
48,1,7,0.14471349943384942,0.3869888860338224,0.5759897868232112,0.26003502575360166
49,1,9,0.14580590256067225,0.38720057561103616,0.5759897868232112,0.26084838420419226
50,1,11,0.1462186205537539,0.3873601072382837,0.574497074752425,0.2610630802740274
51,1,13,0.14727053242361884,0.38756485551156483,0.574497074752425,0.2608696589252342
52,1,15,0.14749186895321445,0.3876194724915774,0.5749720285762752,0.26283403889788703
53,1,17,0.14904068081209923,0.38768058554973817,0.5749720285762752,0.2629264459325042
54,1,19,0.150125825082465,0.38775438513526955,0.5756920212387228,0.26260814545035077
55,1,21,0.15130834494456574,0.38790682071364707,0.5756920212387228,0.26389176374924694
56,1,23,0.15084314703605353,0.38802569210336163,0.5764975619549925,0.26505789305712596
57,1,25,0.149850301587593,0.3881177863247561,0.5764975619549925,0.2652284659017174
58,1,27,0.15013390469651614,0.38818032766409927,0.5764975619549925,0.2648312996211289
59,1,29,0.14963114139871417,0.38831191586303626,0.5773031353890765,0.26422410676140023
60,1,31,0.15029771095772415,0.38843506793434973,0.5756925664925766,0.2636624750971828
61,1,33,0.1503598610256423,0.388560749944497,0.5756925664925766,0.26380845445643725
62,1,35,0.15066743285324893,0.38875494996077925,0.5756925664925766,0.2652825211736254
63,1,37,0.1506567747700711,0.38879429709940055,0.5756925664925766,0.26581545805989776
64,1,39,0.14932442960748324,0.3889385317541745,0.5756925664925766,0.2646704858106841
65,1,41,0.15029693360500476,0.3890876987913548,0.5756925664925766,0.26545199531190095
66,1,43,0.15065452573461063,0.38929169071533093,0.5756925664925766,0.2633004594514797
67,1,45,0.15252756863035694,0.38951489061162714,0.5756925664925766,0.2648624515177454
68,1,47,0.1538696449196162,0.38983814284260065,0.5758740749817574,0.2654487899124641
69,1,49,0.15400377841055007,0.3898499805910363,0.5758740749817574,0.2663269693563104
70,1,51,0.15399270479005117,0.3899119898220539,0.5758740749817574,0.26673833429742
71,1,53,0.15416324246906904,0.3899259577497333,0.5767619713917356,0.2668961237920871
72,1,55,0.153284624593203,0.38998543017659737,0.5767619713917356,0.2672227912636317
73,1,57,0.15441960948176897,0.39013606511339455,0.5767619713917356,0.268339026095494
74,1,59,0.1545810243344304,0.3902211024420915,0.5767619713917356,0.2679488557832237
75,1,61,0.15471023903682007,0.3902592059004646,0.5767619713917356,0.2680709603580063
76,1,63,0.15391834149901942,0.3904428266130014,0.5760342733009444,0.26831577190699213
77,1,65,0.15425508570979055,0.3907365830413356,0.5760342733009444,0.26827163472045695
78,1,67,0.15443767577599657,0.39082636851343905,0.5760342733009444,0.2679387168645802
79,1,69,0.1562215708720251,0.39097396941560764,0.5763329635917803,0.2684789120088669
80,1,71,0.1568476118250422,0.39102266902996197,0.5746389744440773,0.2688585654575446
81,1,73,0.15519068525706473,0.3911457584457545,0.5746345824066069,0.2680014206392882
82,1,75,0.15438922732507285,0.39126050904352144,0.5745420010271679,0.26802237334648743
83,1,77,0.15642059927718124,0.39130812695633843,0.5733774416342355,0.26797417702458415
84,1,79,0.1553903139720622,0.39143878096143975,0.5736783275066647,0.2679024326634116
85,1,81,0.1551750115383486,0.39145911027150443,0.5736783275066647,0.2680213416122008
86,1,83,0.15575459878256823,0.3915619255659189,0.5731747870590053,0.2678073574383547
87,1,85,0.15698525719973824,0.3916509775076726,0.5731747870590053,0.2681619733543769
88,1,87,0.15823875530364667,0.39171253872956796,0.5736783275066647,0.2695062462212258
89,1,89,0.15867991149818556,0.39178530684215546,0.5736783275066647,0.26970947118149546
90,2,1,0.12749435496457615,0.38523297393772954,0.5644794507579282,0.27164641952839175
91,2,3,0.13662633468602298,0.3854039519704511,0.5644794507579282,0.2723752366754167
92,2,5,0.14041894069921526,0.3854839360355092,0.5652775556769618,0.2745895947232394
93,2,7,0.14322607168465123,0.3856935928982555,0.5652775556769618,0.2753480716117514
94,2,9,0.14565403670568638,0.38576944005569985,0.5650932222093135,0.27439172964697517
95,2,11,0.1487571254356128,0.3859366308180295,0.5650932222093135,0.27322927080859094
96,2,13,0.14983108551137794,0.3861023139266811,0.5650932222093135,0.273551354145298
97,2,15,0.15110606493813908,0.3862288363523322,0.5656129784450357,0.2735543620127027
98,2,17,0.1507767969494234,0.386397400565368,0.5656129784450357,0.2757620871006497
99,2,19,0.15204899264725916,0.3865006162833192,0.5658421195076344,0.2750180272545227
100,2,21,0.15096994824655616,0.3867201232662281,0.5658421195076344,0.27509905468096146
101,2,23,0.1521663294238347,0.38680062232169543,0.5667718430489139,0.27506216173725057
102,2,25,0.15181358109499968,0.3870071741315931,0.5677576024199307,0.27406552589828526
103,2,27,0.1540745623637909,0.3872252012598737,0.5675736077516036,0.2750357555461027
104,2,29,0.15520552911792734,0.387385950561714,0.5675736077516036,0.27475718454114173
105,2,31,0.15532925364341757,0.3874494828240405,0.5675736077516036,0.27384670371563774
106,2,33,0.15468383490913315,0.3875817662264911,0.5685112892917821,0.2741173765888808
107,2,35,0.1558928274226956,0.38770422627582646,0.5678918478213718,0.2749067463053042
108,2,37,0.155706877287043,0.3877589916839592,0.5678918478213718,0.27435077794432544
109,2,39,0.15557052144375663,0.38788737147253205,0.5671642969530517,0.2755500502007161
110,2,41,0.15719428291275758,0.3880308164733555,0.5671642969530517,0.27663713335536894
111,2,43,0.1569777634837187,0.38812226914802317,0.56778237748742,0.2766146748501354
112,2,45,0.1582564024498188,0.3883370664876024,0.5682308466195835,0.2772686382935135
113,2,47,0.15910217844779878,0.3884866098437159,0.5690194909518188,0.2772578814122128
114,2,49,0.15798167621608178,0.38859774287381665,0.5690194909518188,0.27661180337466806
115,2,51,0.15861858271979382,0.3886346730950566,0.5690194909518188,0.2774396893250059
116,2,53,0.15909357476723193,0.38877330673679367,0.5700048749496376,0.2780649449015235
117,2,55,0.15885105845072633,0.3889058315334312,0.5691855038325457,0.27830374381206446
118,2,57,0.15646913080800812,0.38908242326059533,0.5691855038325457,0.27846938608016225
119,2,59,0.15927132287166085,0.389237824202111,0.5691855038325457,0.2797131381822668
120,2,61,0.15971870549623843,0.38932443660325916,0.5694316377990913,0.27880765021001386
121,2,63,0.15877781115901995,0.38931434161711603,0.5689407037244882,0.2779890395701271
122,2,65,0.1599007092652278,0.389430099658763,0.5689407037244882,0.27855157056509405
123,2,67,0.1615272805202716,0.3895212729406966,0.569289139956985,0.2795167370601827
124,2,69,0.16122418774393862,0.3894809075141636,0.5697003582573588,0.2814614901463851
125,2,71,0.16221001440153168,0.38954743804943087,0.5689554578666222,0.2812067154675052
126,2,73,0.16346704451369384,0.3895625878672126,0.5694465144474009,0.2807572937698263
127,2,75,0.16449886877839237,0.3895887184016687,0.5685300100969787,0.2801888358914543
128,2,77,0.16523860245401653,0.38960931809971877,0.5685898769214343,0.28024088049426865
129,2,79,0.1672024591308945,0.3896466589228707,0.5685898769214343,0.28029396829613207
130,2,81,0.16774601623411814,0.389682555955856,0.5669505352357352,0.27985602938425785
131,2,83,0.16635007579101763,0.38957209145688915,0.5670925394436249,0.2806683854551514
132,2,85,0.16778795399845128,0.38957510987200294,0.5670925394436249,0.2816113716717897
133,2,87,0.16957416508536127,0.3895781376973625,0.5672378990705532,0.28117471201018723
134,2,89,0.1692503643962349,0.38952939409293574,0.5672378990705532,0.2817796593849627
135,3,1,0.12795409528129784,0.3892474730530943,0.5806199731733045,0.25966406340017795
136,3,3,0.1370911222955308,0.3893330017160016,0.5796825904861757,0.259872017037689
137,3,5,0.14062975371838043,0.38948607315897416,0.5804507709162887,0.26040229697296746
138,3,7,0.14268313276820058,0.3895779292460016,0.5804507709162887,0.2612207285959389
139,3,9,0.1443935292089221,0.38971214290823397,0.5798956818923464,0.26135141926600586
140,3,11,0.14500073782434736,0.3896848745093577,0.5789001617330632,0.26230125490118533
141,3,13,0.14574748519839412,0.3897636857039905,0.5780267750372567,0.2628093217354663
142,3,15,0.14636641444661108,0.3900534834293826,0.5789001617330632,0.26338113652529105
143,3,17,0.14797365222926478,0.3901460669012496,0.5802393248369715,0.2635226788527483
144,3,19,0.14796878558559773,0.3902937245616462,0.5802393248369715,0.2632409641018931
145,3,21,0.1483802011659572,0.3904946191056092,0.5802393248369715,0.2632053607748958
146,3,23,0.1494125073371959,0.3905761644599816,0.5802393248369715,0.2632519607954527
147,3,25,0.14988972929046418,0.3906444733910126,0.5794712309213139,0.26390574781818865
148,3,27,0.1522478690155971,0.39073639359629364,0.5794712309213139,0.26373800695479693
149,3,29,0.15381800011073102,0.390861830531544,0.5802565047011504,0.26469181650573426
150,3,31,0.15436692628066437,0.3910276575479931,0.5802565047011504,0.2645445753337908
151,3,33,0.15375886125776334,0.39114870567081167,0.5802565047011504,0.26486848446893807
152,3,35,0.15595686629166985,0.3912981503961851,0.5802565047011504,0.26520201089132567
153,3,37,0.15701237856559186,0.39136700373232103,0.5802565047011504,0.2667893007109654
154,3,39,0.15739768731527964,0.39145071467639475,0.5804884955452393,0.26741462774483826
155,3,41,0.15882107874771687,0.39147981477168187,0.5796096706073783,0.26727615161538354
156,3,43,0.1583852848932056,0.39155868526212806,0.5803953015272617,0.26724976539660344
157,3,45,0.15814352282528016,0.3916346872851088,0.5803953015272617,0.2671317351879465
158,3,47,0.15827202227185524,0.39179158371653694,0.5803953015272617,0.26752901371253357
159,3,49,0.15608406270753197,0.3918160637759787,0.5803953015272617,0.26643861114887907
160,3,51,0.15627910267931341,0.3918534987396757,0.5793260093630735,0.2665361129727236
161,3,53,0.156638061549247,0.3920033548040273,0.5801104315863351,0.26672379739166735
162,3,55,0.15782959333380284,0.392080481865687,0.5801104315863351,0.26773113770550183
163,3,57,0.15865499023010599,0.392178173341196,0.5808950218852885,0.2696307435044889
164,3,59,0.15969442874623652,0.39223921039771387,0.5800012404486597,0.2692811929683438
165,3,61,0.15968439250569566,0.39230672337219413,0.57910324350992,0.26901418957121953
166,3,63,0.16033000154134178,0.3924069075821843,0.57910324350992,0.26944877297121694
167,3,65,0.16169034200334326,0.39262724197024984,0.5803625164220334,0.2697561906699501
168,3,67,0.16124032225507687,0.39272839272376314,0.5803625164220334,0.2698404506923203
169,3,69,0.1628664585528263,0.3928671426845236,0.5795793776442186,0.2706100123609636
170,3,71,0.1633466298347063,0.3928985204729954,0.5800575891470919,0.2703723259744485
171,3,73,0.16308362927465953,0.3929589829639072,0.5800575891470919,0.2694996706076339
172,3,75,0.16527270143298353,0.39314686531025583,0.580843090948533,0.2696643576484224
173,3,77,0.16763068693122674,0.39325943314839285,0.580843090948533,0.2701020703942078
174,3,79,0.16720752822500345,0.39333956706416595,0.580843090948533,0.27046105447070995
175,3,81,0.1669299763787579,0.39339967285173294,0.580843090948533,0.26983196519424657
176,3,83,0.16611138819952803,0.3934914140894979,0.580843090948533,0.26987897730171545
177,3,85,0.16554730646570603,0.3935430836154709,0.580843090948533,0.2696355671121085
178,3,87,0.16529349284915398,0.39362240706179275,0.580843090948533,0.270307930399375
179,3,89,0.1657894041049499,0.393668655519804,0.58108590061184,0.2709037553164223
180,4,1,0.1282747712429982,0.39001501396561833,0.5968102372713219,0.2657448132032167
181,4,3,0.13846582321784903,0.39012756332282467,0.5964938593939155,0.2660542178165292
182,4,5,0.14254112671838406,0.3902666237561661,0.5966763439526834,0.26623560012058395
183,4,7,0.14482232002317572,0.39026709166626317,0.5966763439526834,0.26751040822947353
184,4,9,0.14591743542775357,0.3903125326671724,0.5966763439526834,0.2673466177467086
185,4,11,0.1474234088246972,0.3904658320257723,0.5962546025737087,0.2684312303063131
186,4,13,0.14827663937406585,0.3906706948230213,0.5962546025737087,0.26891075867453745
187,4,15,0.14755741857316204,0.3907486742196607,0.5962546025737087,0.2681596917129127
188,4,17,0.1478223293072761,0.3908960764290764,0.5962546025737087,0.2672068487686889
189,4,19,0.14917061959365044,0.39096998197173477,0.597040530311734,0.2684080982730772
190,4,21,0.14912763077957605,0.3910898000907962,0.597040530311734,0.26767022658933465
191,4,23,0.14864985773315784,0.3911981758482074,0.5961322210167123,0.2670108377538449
192,4,25,0.14861263008942083,0.3913212356087099,0.5961322210167123,0.2665369242090965
193,4,27,0.15031300768470143,0.39147685513815883,0.597040530311734,0.2676300326085425
194,4,29,0.15076655293930014,0.3915931732468097,0.597040530311734,0.26856305945160264
195,4,31,0.15160112933356426,0.3917618007347679,0.597040530311734,0.2687587856529455
196,4,33,0.1517069602671945,0.3917818231833744,0.5965642744307502,0.26880266515783113
197,4,35,0.1520145372424324,0.39192666946229027,0.5966888690217624,0.26940304383865393
198,4,37,0.15134144956087353,0.3920504371357337,0.5958759678697797,0.2702604017029316
199,4,39,0.15116415490997318,0.3920858166330295,0.5966629776146531,0.27205322686249817
200,4,41,0.15196362721072743,0.39210132777580686,0.5971446958490185,0.2709178245451333
201,4,43,0.15354953400307642,0.3922097479939379,0.5971446958490185,0.270703681269505
202,4,45,0.15353736898566428,0.3923575519206858,0.5971446958490185,0.270728156834679
203,4,47,0.15352315605912584,0.39247077229375077,0.5971446958490185,0.26998280934207
204,4,49,0.15404533993332,0.3924932867433922,0.5971446958490185,0.2700769528289365
205,4,51,0.15454856304652703,0.39256809646682406,0.5971446958490185,0.26915971746384365
206,4,53,0.1556762771200022,0.3925456739995457,0.5968904097949305,0.2683105688434401
207,4,55,0.15648168987720437,0.39260939357566504,0.5974398343174335,0.2683053554399072
208,4,57,0.15700903070404104,0.3926712506016646,0.5974398343174335,0.26886197455256067
209,4,59,0.15847837175766927,0.39281281836311716,0.5974398343174335,0.2692946761085766
210,4,61,0.15815358445509073,0.39288741182672055,0.5974398343174335,0.268850416932398
211,4,63,0.1564958106469468,0.3929903782993142,0.5975299961794228,0.26934982210108493
212,4,65,0.1562837171393039,0.3930867335156654,0.5978298748024662,0.27015572964534434
213,4,67,0.15624341305514935,0.3930666645020903,0.5978298748024662,0.2705125714180701
214,4,69,0.15642318110956652,0.3930906285223439,0.5960836734558078,0.2708766116149171
215,4,71,0.158055725557237,0.3932222282919802,0.5960836734558078,0.27088881551579375
216,4,73,0.1565454601925437,0.3933556719386975,0.5960836734558078,0.2704626966495261
217,4,75,0.15532317825389613,0.3934986424818419,0.5960836734558078,0.2694810229935807
218,4,77,0.15630358827817784,0.39356309344030427,0.5960836734558078,0.2697053487259317
219,4,79,0.1551146230716959,0.3936849481571429,0.5961322453468433,0.26888445886964246
220,4,81,0.15565446031311297,0.39389433307808386,0.5977991275180191,0.26881449575091226
221,4,83,0.155993857600234,0.39387884711781884,0.598291951833677,0.2693692006152168
222,4,85,0.1549352112082573,0.39407678427553666,0.598291951833677,0.2688498751883552
223,4,87,0.15773908531655736,0.3942457176833845,0.598291951833677,0.26982258799628334
224,4,89,0.1585936261268595,0.39428438171570734,0.5973528688107933,0.26941976353042096
225,5,1,0.1282767965655172,0.3922435719888024,0.5759259077580732,0.26410466117672204
226,5,3,0.13705406660448494,0.39246224734989255,0.5764103221054919,0.2654366000144844
227,5,5,0.1386740138022867,0.3925201887590934,0.5764103221054919,0.2652446222224291
228,5,7,0.14012118089449407,0.39263246643615546,0.5764103221054919,0.26749636794498766
229,5,9,0.1419225183385616,0.3927144172973972,0.5749297513555216,0.2676977206312209
230,5,11,0.1434818840632197,0.3926715757675188,0.5749297513555216,0.2684832934037545
231,5,13,0.14371685865846406,0.39291722936863965,0.5746264547074394,0.26746101371083775
232,5,15,0.1452623624626645,0.3929249863740437,0.5746264547074394,0.26763807632504816
233,5,17,0.1471995823134,0.39314786119166767,0.5746264547074394,0.26812186890802187
234,5,19,0.14745851157652776,0.39328023025385545,0.5746264547074394,0.2681113498274813
235,5,21,0.1483380538218759,0.3934215331126669,0.5751092579270273,0.2684353192812261
236,5,23,0.1492361851942685,0.39349723186879426,0.5751092579270273,0.2695032152424427
237,5,25,0.14904149888910329,0.39347303484517854,0.5743141365745595,0.2700172696146428
238,5,27,0.14967252444175547,0.39342741297145106,0.5743141365745595,0.2690354414411701
239,5,29,0.1501683029602961,0.39348834366213775,0.5751293835679147,0.26923149953175
240,5,31,0.15060303338685918,0.39355339829578223,0.5749673791323874,0.2686352445530618
241,5,33,0.1511927109838563,0.39366278364557594,0.5749673791323874,0.26863906018581496
242,5,35,0.15169088787932888,0.3937858751845983,0.5749673791323874,0.2686267476661288
243,5,37,0.1518534067350718,0.3938578511039352,0.5749673791323874,0.26890486271498554
244,5,39,0.15220136192589814,0.39393493209407043,0.5749673791323874,0.26860182295082996
245,5,41,0.15301714275398276,0.3939941945578122,0.5754532669680253,0.2692851079477205
246,5,43,0.15374801032039828,0.39406720508372256,0.5762703876164095,0.2685895014619431
247,5,45,0.15607494316822199,0.39413377020143603,0.5762703876164095,0.2679864405578363
248,5,47,0.1558862690816995,0.39424849954299457,0.5767609297172994,0.26757913853604764
249,5,49,0.15567350312955733,0.3944450514743199,0.5767609297172994,0.2664548096343973
250,5,51,0.15565397198277003,0.3945513556908912,0.5767609297172994,0.26644543389150155
251,5,53,0.157086178912582,0.39468770791291424,0.5757704681286041,0.2675422655511855
252,5,55,0.15878751517208492,0.39478036053539256,0.5752692327337606,0.2687412336432525
253,5,57,0.15958981356284463,0.39494438974964735,0.5752692327337606,0.2686293724651058
254,5,59,0.15937064738242648,0.39506959542518266,0.5752692327337606,0.2690849480856902
255,5,61,0.15932788216460783,0.39522428483615135,0.5752692327337606,0.26949065734538785
256,5,63,0.15982977625095013,0.3953056411667997,0.5752692327337606,0.26948130250980873
257,5,65,0.1600260066620029,0.3954730429958694,0.5752679309126784,0.2702810876777881
258,5,67,0.16002762812473809,0.3955830166882751,0.5752679309126784,0.2701722216765823
259,5,69,0.15819713346063918,0.3956382795165835,0.5752679309126784,0.27061545762944567
260,5,71,0.15927192253500616,0.3956333393930343,0.5752679309126784,0.2695163144792508
261,5,73,0.16018433930476403,0.39566895771818206,0.5752679309126784,0.2706363966652533
262,5,75,0.16159053199558127,0.3958630273468563,0.5752679309126784,0.27126358049541016
263,5,77,0.1615728517298682,0.3959201395241275,0.5752679309126784,0.27086699537751974
264,5,79,0.16180602026863086,0.3960462120774059,0.5752679309126784,0.2712466711971614
265,5,81,0.16536488596862328,0.39602617676919,0.5757583900685103,0.26991171152966104
266,5,83,0.16617209290779858,0.3960882354634813,0.5755775903671037,0.27009044391636156
267,5,85,0.16505784211886182,0.3961338904469716,0.5755775903671037,0.2705499371734961
268,5,87,0.1655788698073631,0.3962297264703133,0.5755775903671037,0.2703548975858509
269,5,89,0.1647658562190024,0.3962390553659218,0.5755775903671037,0.2700616398585872
270,6,1,0.12713370670184582,0.385981019503736,0.5802945655703889,0.2562758378478362
271,6,3,0.13589662373328606,0.386048083394468,0.5802945655703889,0.25712244289882674
272,6,5,0.13807593107359986,0.38619066539901276,0.5792143256197522,0.2567594740446285
273,6,7,0.1393240974870462,0.3862600728432311,0.5792143256197522,0.2571134491350312
274,6,9,0.1416820417941484,0.3864226228666924,0.5792143256197522,0.25822750617353313
275,6,11,0.1428686247747984,0.38648783392119623,0.5792143256197522,0.2592713030192278
276,6,13,0.14284986921379922,0.38671766345996356,0.5800203913626125,0.2591997274469659
277,6,15,0.14442582064632536,0.3868743295816678,0.5803240824452518,0.25924326675938864
278,6,17,0.1440264362246156,0.3870535486871794,0.5803240824452518,0.26000931614567196
279,6,19,0.14524957692332716,0.38729834890883,0.5803240824452518,0.2607605385430282
280,6,21,0.1462064704837204,0.3873807955463219,0.5803240824452518,0.26198087812133136
281,6,23,0.14685646345773815,0.3873828237374512,0.5803240824452518,0.2627500137320649
282,6,25,0.1476926719057316,0.38749534445606126,0.5794473897927853,0.26328350508675513
283,6,27,0.14752426770246393,0.3876029378814014,0.5794473897927853,0.2639991361063416
284,6,29,0.14767071383793742,0.38769828643962956,0.5803240824452518,0.26291598211251144
285,6,31,0.14753859617886494,0.3878466444344571,0.5803240824452518,0.26225954890279324
286,6,33,0.14723798850021272,0.38806497863451866,0.5795156749286743,0.2625472015635557
287,6,35,0.14793490771453702,0.3882030083468008,0.5786410252213062,0.2618452828319485
288,6,37,0.1483414057603185,0.38824084539962284,0.5786410252213062,0.262074472996715
289,6,39,0.1494426632681476,0.3883714044654448,0.5786410252213062,0.26359394095511324
290,6,41,0.15037727152637093,0.38858209541727795,0.5799151446984736,0.2639748289278318
291,6,43,0.15178384065524717,0.38877126813865986,0.5799151446984736,0.2637811085901024
292,6,45,0.1522540121191061,0.3888357360800672,0.5799151446984736,0.2649722208813715
293,6,47,0.15325416443945095,0.38889210879426395,0.5791028635908483,0.26567760415869135
294,6,49,0.15411049907402719,0.3889745219732223,0.5791028635908483,0.26521613282358675
295,6,51,0.15422459657792853,0.3890595164160208,0.5799731215058755,0.26490627739235967
296,6,53,0.1549433282928869,0.3891991282369754,0.5799731215058755,0.26474189063404213
297,6,55,0.1553004921003918,0.3893458046415797,0.5807874272699542,0.2642061340231745
298,6,57,0.15591365463958234,0.3894764522265534,0.5812096837504371,0.2653737417568669
299,6,59,0.1576669031003922,0.389578453370503,0.5812096837504371,0.26514776365854315
300,6,61,0.15784264971358236,0.38975126674892063,0.5812096837504371,0.26531373147586196
301,6,63,0.1582459660853726,0.3898887295133136,0.5803360837585562,0.265448712346847
302,6,65,0.15915205515889408,0.39024548395379843,0.5803360837585562,0.26569727854584674
303,6,67,0.16025132884186702,0.39029254507260097,0.5803360837585562,0.26610520019238726
304,6,69,0.15927440237914045,0.3904278976521388,0.5803360837585562,0.266061599314966
305,6,71,0.1590138025830334,0.39058579618417516,0.5803360837585562,0.26626908732963933
306,6,73,0.16027423962768564,0.39067439145183996,0.5803360837585562,0.26573958809698645
307,6,75,0.16050497651418658,0.39072240205165704,0.5803360837585562,0.26672350260879296
308,6,77,0.161168051686366,0.3907955163543924,0.5803360837585562,0.26762877296943766
309,6,79,0.16102776195399393,0.39086367057425314,0.5803360837585562,0.2682447068941772
310,6,81,0.16099480939051564,0.3909885563112286,0.5803360837585562,0.26818352827466774
311,6,83,0.1609485340781655,0.39105259319143865,0.5795483048028139,0.26862524197559545
312,6,85,0.16026958699640925,0.3910063821016761,0.5795483048028139,0.27069109651542617
313,6,87,0.16139488746338704,0.391033509795225,0.5787555310922832,0.27064622407880407
314,6,89,0.16427540761808138,0.3911211784688885,0.578696121552437,0.2706065498526774
315,7,1,0.1264783752684485,0.38713309406121965,0.576076986174993,0.25749738369614905
316,7,3,0.13576929120790177,0.3871545124952041,0.5761195620267043,0.2596694215486922
317,7,5,0.1406378020907463,0.38742699660452795,0.5760004562297859,0.26130815810928076
318,7,7,0.14155639960503746,0.3875355679795242,0.5752931834377728,0.2604030982823045
319,7,9,0.14473473538479167,0.3875030371554123,0.5755766793391046,0.25974389046843416
320,7,11,0.1466879051213469,0.38763107699419247,0.5746976317636487,0.2590903353502724
321,7,13,0.14850130225245511,0.38786837300386123,0.5746976317636487,0.2591027558519063
322,7,15,0.14952386994304917,0.38799403750620226,0.5746976317636487,0.26011771801018113
323,7,17,0.1516368193339597,0.3880942857474553,0.5746976317636487,0.2607919678057955
324,7,19,0.15326875206745322,0.3881374149128592,0.5746976317636487,0.2615529456051155
325,7,21,0.15381327245841522,0.3882938172806592,0.5746976317636487,0.26123995541184086
326,7,23,0.15398860376504014,0.3883018292049799,0.5746976317636487,0.26052868304656784
327,7,25,0.15394323447255626,0.3884327653231695,0.5746976317636487,0.26098316789529
328,7,27,0.1543041619286989,0.38867586422081735,0.5746976317636487,0.2601948609808717
329,7,29,0.1554727564418854,0.388734412226683,0.5746976317636487,0.2607100779856008
330,7,31,0.15720898181870807,0.3888491952774511,0.5745811591798213,0.2616090235990424
331,7,33,0.15565846099266403,0.3890020535900422,0.5745811591798213,0.26230922715895766
332,7,35,0.15709887302225273,0.38918788922253844,0.5751395788679226,0.26207448913162484
333,7,37,0.15774269530933877,0.3893273397221982,0.5754883470614454,0.26237631557257174
334,7,39,0.1592984812625439,0.38940409370441026,0.5754883470614454,0.26200726330385227
335,7,41,0.1597299528415193,0.3895020465971192,0.5755490649593263,0.26261129912885833
336,7,43,0.16016162539147594,0.38955544158849503,0.5756751563406651,0.26241668729060097
337,7,45,0.15966708091037393,0.3896795095502954,0.5764672770811555,0.2621543978521184
338,7,47,0.1606656681598882,0.38977446128920645,0.577259465912534,0.26254121063093677
339,7,49,0.16163385612898873,0.3898889521359457,0.577259465912534,0.26252698175579064
340,7,51,0.16208198523017664,0.38993628164436134,0.577259465912534,0.26272322387965735
341,7,53,0.16212718876218404,0.3899759028901822,0.5762236381993292,0.2622248242022268
342,7,55,0.16171264273735453,0.3900303526879568,0.5762236381993292,0.2619736925037018
343,7,57,0.16194052780764098,0.3900514100964317,0.5762165188141638,0.2624545465175842
344,7,59,0.1649888158430149,0.39016241090823117,0.5762165188141638,0.2640927524573185
345,7,61,0.16499395706733835,0.39028403547630136,0.5762165188141638,0.26328248841672236
346,7,63,0.1644569802069977,0.39035753671548373,0.5762165188141638,0.26492123111618165
347,7,65,0.16418594135540301,0.390432815514914,0.5772525040893516,0.2635135570889714
348,7,67,0.16523002997895717,0.39053253180481085,0.5767573322892813,0.26706219978164086
349,7,69,0.16360506810607992,0.3905968927520216,0.576998860767765,0.2661388563649999
350,7,71,0.1646674595501214,0.3907130732111393,0.576998860767765,0.2666605925158036
351,7,73,0.1666240518783537,0.39083723954602734,0.576998860767765,0.2666807057860074
352,7,75,0.16807025870700332,0.39090570797590285,0.5761229146440126,0.2676474171966999
353,7,77,0.16834395599257831,0.3908904863220773,0.5761229146440126,0.26726674485104324
354,7,79,0.1692281888846583,0.3908741026664466,0.5753165837329608,0.2683088893732623
355,7,81,0.16918761592501072,0.3910186424399947,0.5748784169588781,0.2689543409893781
356,7,83,0.1704369956861366,0.391128086696979,0.5753605070681046,0.2686106082508894
357,7,85,0.17141507390844737,0.39115944435857436,0.5753605070681046,0.2685945700113693
358,7,87,0.16945719885038027,0.39125228245079585,0.5753337343709711,0.26768021027901073
359,7,89,0.17002719000379202,0.39131200680413514,0.5753337343709711,0.2689099194185511
360,8,1,0.12681360450506882,0.38864831993252796,0.5756508423543326,0.25396143891021616
361,8,3,0.13762666609496996,0.3888452568187268,0.5764340182956577,0.25725055767196264
362,8,5,0.14043363268129835,0.38902746952567896,0.5764340182956577,0.2575046438758915
363,8,7,0.14152989712393726,0.38912128498992876,0.5759692718518121,0.2566941741099071
364,8,9,0.14442246392624233,0.38933545025953764,0.5759692718518121,0.2593181839370384
365,8,11,0.1461636772061226,0.3894881743318776,0.5759692718518121,0.25991740968281574
366,8,13,0.14763364993099554,0.38961161513560666,0.5776005893223669,0.26113115432238154
367,8,15,0.149104376497087,0.3897657986580915,0.5776005893223669,0.25989384550024014
368,8,17,0.1501823644680666,0.3898863491406565,0.5776005893223669,0.2598969893953069
369,8,19,0.14987297681096526,0.3899293221735252,0.5776005893223669,0.2589809480085042
370,8,21,0.15067034239964514,0.3900130353473211,0.5773721536102044,0.25885281396185406
371,8,23,0.15101711054290995,0.39014679761816184,0.5778433372286661,0.25951938061662305
372,8,25,0.15186472841627927,0.3902897899540645,0.5778433372286661,0.26005911659881803
373,8,27,0.1528682325355542,0.3903879135748122,0.5776617385827418,0.2605213541962922
374,8,29,0.15319009781652332,0.39045090710630376,0.576947605452781,0.2606360727088128
375,8,31,0.15300910219092617,0.390339349694643,0.5778770903675524,0.26063540373860133
376,8,33,0.15337408303248917,0.39048404974281536,0.5774001788921492,0.26077520157925305
377,8,35,0.15467752855661657,0.3907470917984979,0.5785959147594468,0.260698956048124
378,8,37,0.15464960579762213,0.39087886400113353,0.5785959147594468,0.2603332682268089
379,8,39,0.15541422137499275,0.390943034623869,0.5785959147594468,0.26057031326107216
380,8,41,0.15708474618414264,0.3909006370637959,0.577801915911437,0.2613826092970028
381,8,43,0.15705242510196657,0.39102718725012037,0.5782810779506553,0.26067172725526505
382,8,45,0.15728973333743104,0.391104705983554,0.5782810779506553,0.262231076817302
383,8,47,0.15772021603014785,0.3911100979235126,0.5782810779506553,0.2620191799448316
384,8,49,0.15768019741315897,0.3911744513882125,0.5782810779506553,0.2624691648614575
385,8,51,0.15874484921010562,0.39115229691595443,0.5773737807738868,0.2630596628064658
386,8,53,0.15979616296134788,0.39115842981334314,0.5764621689558586,0.26399850347837933
387,8,55,0.15887805618549639,0.39112962339654306,0.5755461787317308,0.2640527562849381
388,8,57,0.15961347462284414,0.39112115277505327,0.5755461787317308,0.2644619998340714
389,8,59,0.16127053700958166,0.3912369861946713,0.5755461787317308,0.26441439156592034
390,8,61,0.1619351490180319,0.39131322302262117,0.5755461787317308,0.2641590418848005
391,8,63,0.16340035068681744,0.3912552585482418,0.5755461787317308,0.26313068449248206
392,8,65,0.16211152629643386,0.39139471147724864,0.5755461787317308,0.2631352036216733
393,8,67,0.1626034039323025,0.3914659073339775,0.575841462378512,0.2631410644699607
394,8,69,0.16462581916760535,0.3916093072633248,0.5766207074129783,0.26339744905286466
395,8,71,0.16404721026279973,0.39154196479758385,0.5767256601156182,0.2655762159127641
396,8,73,0.16430074276032228,0.3916069551058232,0.5759659762183781,0.2658934801329721
397,8,75,0.16503413448980986,0.3916448655284615,0.5762819756589577,0.2652033768064828
398,8,77,0.16447864057326117,0.391754473374573,0.5762819756589577,0.26517944091242074
399,8,79,0.1655559387322905,0.39171986893283345,0.5762819756589577,0.26490648353330737
400,8,81,0.1650251275709437,0.39165120950135884,0.5753483679432934,0.2638088969646524
401,8,83,0.16559590627082812,0.3915909478829619,0.5749939614459268,0.2641132421967403
402,8,85,0.16478455653412638,0.39155649369290746,0.5744870077498934,0.26287734933182805
403,8,87,0.16588040244489827,0.3916650431648812,0.5747279834883331,0.2628269861776175
404,8,89,0.1658608600301619,0.3916528513751126,0.5734480929371992,0.2622236154040914
405,9,1,0.12914458311222005,0.38670154728677847,0.5689258024275494,0.25792531948142466
406,9,3,0.13794621140139043,0.3867961540524666,0.5672966375899472,0.2600348818057664
407,9,5,0.141948319396287,0.3868417287493067,0.5672966375899472,0.25990696922315426
408,9,7,0.14468638155451521,0.38695424528874645,0.5672966375899472,0.2601751257229768
409,9,9,0.14618564185693672,0.38704667278887295,0.5677054490988677,0.26070789492819324
410,9,11,0.1473383012303011,0.38714859810485874,0.5685904586023087,0.2613329234296584
411,9,13,0.1479447119624157,0.38723083633033817,0.5685904586023087,0.26310864332620065
412,9,15,0.14976415960678083,0.3872207139001837,0.5689220555183876,0.2639645019633317
413,9,17,0.14946639250395832,0.38726348578599284,0.5689220555183876,0.26336002943190806
414,9,19,0.14970717476284492,0.38734185043072744,0.5688608469274722,0.2636871992664261
415,9,21,0.14970955880640013,0.38732130040421664,0.5688608469274722,0.26408414088102267
416,9,23,0.1493903241682936,0.3874577643113125,0.5688608469274722,0.26528236795638355
417,9,25,0.1500783179052975,0.38757170024420623,0.5688608469274722,0.2660922608572197
418,9,27,0.15004395668828407,0.3876040713901358,0.5688608469274722,0.2653294091696287
419,9,29,0.15017202709399932,0.38769047584314104,0.568642006727533,0.2656419901661528
420,9,31,0.15108351314419619,0.3877796491588013,0.5685808071137083,0.2662666832441139
421,9,33,0.15190104337864627,0.38778250868128794,0.5685808071137083,0.2661412940688771
422,9,35,0.15202242695752863,0.387915249113171,0.5687096268335725,0.26629644457225315
423,9,37,0.152428492273635,0.3878961079840014,0.5687096268335725,0.2664546525535532
424,9,39,0.15191461461443054,0.38788153663058367,0.5687096268335725,0.26576555599552487
425,9,41,0.15280544281807545,0.38790543469609534,0.5688557922415555,0.26555486091323793
426,9,43,0.15348483978109792,0.3880060552412364,0.5688557922415555,0.2662082684038202
427,9,45,0.15309285745538892,0.3881430626233919,0.5693661938721906,0.2657911356386259
428,9,47,0.15249065437679246,0.3883364288663683,0.569168449162948,0.2669358455287227
429,9,49,0.15308562339011375,0.388428962841248,0.569168449162948,0.2659888905844504
430,9,51,0.15369630414997906,0.3885611866498695,0.569168449162948,0.2634733940886656
431,9,53,0.1550943016091419,0.3886950114600464,0.569168449162948,0.2640747785648114
432,9,55,0.15542166060321136,0.388863629239758,0.568833381538918,0.2644621174659569
433,9,57,0.1561170696017295,0.3889609601751407,0.568833381538918,0.2638981017060877
434,9,59,0.1564766316107229,0.38909272671914,0.568833381538918,0.26467794347467366
435,9,61,0.15702475402380234,0.3890655890215987,0.568833381538918,0.26639862827858474
436,9,63,0.15735766538440024,0.3892427006218599,0.568833381538918,0.2665403783557968
437,9,65,0.15737143525842753,0.3893257460479767,0.568833381538918,0.26674024824673975
438,9,67,0.15712163477789823,0.38935539600039065,0.568833381538918,0.26568937999961945
439,9,69,0.15731875796304765,0.3894482234185485,0.568833381538918,0.26539248134983434
440,9,71,0.1587038712796937,0.38963002402701397,0.568833381538918,0.2655115549681613
441,9,73,0.15951050334465927,0.38973605991234,0.568833381538918,0.26656746114398155
442,9,75,0.1586418006461416,0.38988983874518945,0.5672367919824931,0.26663730017796994
443,9,77,0.1594609600352055,0.39001404197094447,0.5672367919824931,0.2668142399709
444,9,79,0.16032002240499574,0.39012538001004965,0.5674551137971516,0.2667788345067629
445,9,81,0.1603271974157337,0.39025353567560633,0.5674551137971516,0.2668713527302194
446,9,83,0.1621219963862079,0.39041922692122233,0.5674551137971516,0.26729033953915415
447,9,85,0.16165110409013367,0.3904905480977924,0.5674551137971516,0.26723123993735215
448,9,87,0.159650134536765,0.3906002019368268,0.5682212126390873,0.26703834610517885
449,9,89,0.16052313150038097,0.3906870909927639,0.5682212126390873,0.26759572713209306
450,10,1,0.12546545789964397,0.38528394604996014,0.5623340436079872,0.25575470555923346
451,10,3,0.13343455220354164,0.3854069779219756,0.56311726694594,0.259412414090429
452,10,5,0.13755601367970804,0.3855080511764427,0.5624228251656568,0.2594012028530077
453,10,7,0.14050236913368389,0.38561614462325844,0.5627026136359646,0.2593515789631073
454,10,9,0.1414863665869507,0.38559479147321124,0.5620273821196845,0.2597844487084111
455,10,11,0.14297500516104597,0.38576410490221374,0.5613056369768042,0.2611584770538847
456,10,13,0.14460967381112502,0.3858551338026027,0.5628178361319781,0.2611289377939754
457,10,15,0.14546417536518483,0.3858897567573455,0.5628178361319781,0.2612799346417172
458,10,17,0.14611700971657388,0.3860181305577735,0.5628178361319781,0.2625997223533385
459,10,19,0.1462122945405544,0.386082192375582,0.5628178361319781,0.26271126986125676
460,10,21,0.1462093989586675,0.38613221145011073,0.5628178361319781,0.26234666093194775
461,10,23,0.14644618073486879,0.38617029570223743,0.5628178361319781,0.26281892192910206
462,10,25,0.14663682053682517,0.3862551642462749,0.5628178361319781,0.2639095125858357
463,10,27,0.14617580640089703,0.38631343224262743,0.5628178361319781,0.26509879382124474
464,10,29,0.14559882953579903,0.3864044801981618,0.5636081796171688,0.26487769651018916
465,10,31,0.14595022135189697,0.38649275195604843,0.5636081796171688,0.2653272691866655
466,10,33,0.14624612476805018,0.3865586027048554,0.5637355408833613,0.2648005962681442
467,10,35,0.14590414825329442,0.38671059848633105,0.5637355408833613,0.2647659610410525
468,10,37,0.1464269656891462,0.3866611447440351,0.5637355408833613,0.2649548622200342
469,10,39,0.14648408097850332,0.38665892715817446,0.5647596815068568,0.2652247136500615
470,10,41,0.14605009547815864,0.3867618029388904,0.5647596815068568,0.26502153793187866
471,10,43,0.14658664247979827,0.3869436424730131,0.5647596815068568,0.26551583125348144
472,10,45,0.14727630975729653,0.3870586716567897,0.5655536930744465,0.26515624420793066
473,10,47,0.14769155775854584,0.38717070398426545,0.5655536930744465,0.2652280252935245
474,10,49,0.14766005873562152,0.38726809173095517,0.5655536930744465,0.2653404412373607
475,10,51,0.14767667381806787,0.38731412849337266,0.5657374205469,0.2647126978507952
476,10,53,0.148520632789152,0.3874576986545799,0.566214865236994,0.26411812725227446
477,10,55,0.14849355859727473,0.3876293205552787,0.566214865236994,0.2645094866541051
478,10,57,0.1490470335401382,0.387795508175273,0.566214865236994,0.2645970784445307
479,10,59,0.14978591283670914,0.387997888189011,0.5670112275101331,0.2638032145651465
480,10,61,0.15071621508624444,0.38812137647744843,0.5670112275101331,0.2638110660565701
481,10,63,0.15132403644679,0.3882890428376181,0.567440204922326,0.26403117116313457
482,10,65,0.1521808379380065,0.38849109141807187,0.567440204922326,0.2651017583255676
483,10,67,0.15120754327381722,0.3886886308011566,0.567440204922326,0.2643686872679206
484,10,69,0.1524315423603236,0.3888791229137123,0.567440204922326,0.2644914882985389
485,10,71,0.15250947057493042,0.3890482010485668,0.5666487639926602,0.2639994015113466
486,10,73,0.15297247608525777,0.3891810420372055,0.5666487639926602,0.2638422383170308
487,10,75,0.15315220868526458,0.38929805197365575,0.5666487639926602,0.2622841875078342
488,10,77,0.15377144553844665,0.3893878364248762,0.5671311511112456,0.2625776095606175
489,10,79,0.15315714463820215,0.38959298694587347,0.5674330521076346,0.26226606388382073
490,10,81,0.1540673023836446,0.38970376176830523,0.5665318448044582,0.2625044524354568
491,10,83,0.15367879242236282,0.38981500041559813,0.5670172853886378,0.262760786239619
492,10,85,0.1527268609510352,0.3899959608724046,0.5670172853886378,0.262964330252833
493,10,87,0.15416797098988946,0.3901682183943512,0.5670172853886378,0.26218324742552107
494,10,89,0.15552239266988416,0.39034290389737997,0.5677610002293142,0.2620074537173052
495,11,1,0.12536230815223112,0.38936621842703906,0.5699082930947388,0.2581394318760004
496,11,3,0.1352165849764096,0.38953292088428787,0.5699082930947388,0.25967193449479725
497,11,5,0.13934620331508843,0.38955100549763017,0.5706568248040181,0.2615931852242621
498,11,7,0.14129731958230266,0.38959893245009475,0.5706568248040181,0.2609100073271644
499,11,9,0.1438173150541689,0.38969574867860535,0.5706568248040181,0.26355895705530324
500,11,11,0.14543634496750155,0.389785442822618,0.5706568248040181,0.2648925136922417
501,11,13,0.14545226483926316,0.3898188658698226,0.5706568248040181,0.26372278908375674
502,11,15,0.14690166242198055,0.38989705905046124,0.5706568248040181,0.26363857588377054
503,11,17,0.1470587799008752,0.3900046452053437,0.5706568248040181,0.2638190885356586
504,11,19,0.14790777530519048,0.3901142824011163,0.5706568248040181,0.2645021058790979
505,11,21,0.14794406332265228,0.3902671701697917,0.5706568248040181,0.26543165597604085
506,11,23,0.14687976981651424,0.3903663698048431,0.5706568248040181,0.26597621463533133
507,11,25,0.14683521749046988,0.3904411930467916,0.5706568248040181,0.26534345632368445
508,11,27,0.14628545887390806,0.39056107912008703,0.5706568248040181,0.2649875493506261
509,11,29,0.14604717085398597,0.39068196814730827,0.5706568248040181,0.2654478326304968
510,11,31,0.1469164823728532,0.3908194811790016,0.5706568248040181,0.26519148548188587
511,11,33,0.1479892878824247,0.39098291157618,0.5706568248040181,0.2660708595074042
512,11,35,0.14860153060818676,0.39118150407695873,0.5711186031190586,0.26638738390551747
513,11,37,0.14826432943760756,0.39130494814760225,0.5711186031190586,0.2669483729733432
514,11,39,0.1496747844530826,0.39146232007644216,0.5711186031190586,0.2656626724947295
515,11,41,0.14990314247371414,0.3917032502175288,0.5711186031190586,0.2660605097303959
516,11,43,0.1503798112308625,0.39188337136085594,0.5711186031190586,0.26571945793932256
517,11,45,0.15088283388111198,0.39198645278511757,0.5711186031190586,0.26599100866489145
518,11,47,0.1513453244004773,0.3920867137423238,0.571653345807552,0.26761125913655065
519,11,49,0.1532759078486414,0.39219288278789444,0.571653345807552,0.2691308018012491
520,11,51,0.1542187963354113,0.39225334274189194,0.571653345807552,0.2698390671364611
521,11,53,0.1544262573908195,0.3922688877965615,0.571653345807552,0.2694956298721068
522,11,55,0.15535910672161016,0.39241974598785045,0.571653345807552,0.26865386791027973
523,11,57,0.15565522481648128,0.39245811504055883,0.5700501475541685,0.26975826101834705
524,11,59,0.15701449286500171,0.3925111125331471,0.5700501475541685,0.2697423192783978
525,11,61,0.15718690569088964,0.3925541302647869,0.5695411579089211,0.26983670179877833
526,11,63,0.15741731768164402,0.39268217994835863,0.5695411579089211,0.26997141235281485
527,11,65,0.15742667131537985,0.39272889218326323,0.5695411579089211,0.26986588648311177
528,11,67,0.1555976120548395,0.3928009480012093,0.5697672375654494,0.26993164854328283
529,11,69,0.15603084852918422,0.39285101558079155,0.5690585307187943,0.2693731604644209
530,11,71,0.15498883868955224,0.3929769910623841,0.5681897977463715,0.2691974828256574
531,11,73,0.15415035472483327,0.39314893675586526,0.5681897977463715,0.2683539001882222
532,11,75,0.15510924920053862,0.39323244078474956,0.5681897977463715,0.26797680629179377
533,11,77,0.1562261954714129,0.39341929238758416,0.5681897977463715,0.27012327256846064
534,11,79,0.1568107211375688,0.3936093833025217,0.568224990441083,0.27084740237660504
535,11,81,0.15722236159776787,0.39376122859825485,0.5690367160337173,0.2707388141160243
536,11,83,0.15892883483739426,0.39394066663253874,0.5690367160337173,0.2703855131422114
537,11,85,0.157599306740663,0.394102569702362,0.5690367160337173,0.26916572049759263
538,11,87,0.1573347610729973,0.3943511251015854,0.5693239078844922,0.26874141575933197
539,11,89,0.15930216584045623,0.3943715623766791,0.5688262524731528,0.26985394260655216
540,12,1,0.12491096663237199,0.3912327896081034,0.5845698317970424,0.25507101075099187
541,12,3,0.13422517051171967,0.39126240142398927,0.5837945979756836,0.25522398125068996
542,12,5,0.1367173904617231,0.39127432153142,0.5837945979756836,0.2560769004648692
543,12,7,0.1384855495811287,0.39143730718550807,0.5845095540136647,0.2569366921730463
544,12,9,0.1418221971348059,0.39152610792446235,0.5845095540136647,0.25694683818614716
545,12,11,0.14347617288882406,0.39168284895514816,0.5845651797478703,0.25763545589066383
546,12,13,0.14524934532299663,0.3918968833157469,0.5850539889983478,0.2574723347548943
547,12,15,0.1467492942592732,0.39210114102665894,0.584061786066932,0.2582207067213289
548,12,17,0.14708199422142781,0.3923000387077106,0.584061786066932,0.25786633568736966
549,12,19,0.14748512124069826,0.3925087550694544,0.584061786066932,0.25793200038377134
550,12,21,0.14685755688967506,0.3925874822918273,0.583952042241516,0.259708983872613
551,12,23,0.1470970502257806,0.3927245101081865,0.5841704012495696,0.25994800860580397
552,12,25,0.14861827391685875,0.3928045604202328,0.5841704012495696,0.2596851099722109
553,12,27,0.1481413831670723,0.3929260052794638,0.5841704012495696,0.2593911697313456
554,12,29,0.14918912352343602,0.39302657868228025,0.5841704012495696,0.2587407690125098
555,12,31,0.1489864919341846,0.39306140535506995,0.5841704012495696,0.2590393723756755
556,12,33,0.14943413581240944,0.3932844084928595,0.584918348595015,0.25977331096335377
557,12,35,0.1496262367583825,0.3934325341663894,0.5853874307233679,0.2596276094409724
558,12,37,0.15095123518132827,0.39351349561451876,0.5853874307233679,0.2594429345270005
559,12,39,0.1525380943475665,0.3936901856922228,0.5853874307233679,0.2597042495993531
560,12,41,0.1534153091804476,0.3938251175186412,0.5861641389400988,0.2594230966571572
561,12,43,0.15245757966839296,0.39389058717598224,0.5861641389400988,0.25946765549170253
562,12,45,0.15213648795737883,0.39394563178819525,0.5861641389400988,0.2582200001597849
563,12,47,0.15142249335014696,0.39415572476629,0.5866373584424839,0.2586092170041828
564,12,49,0.15208263703204314,0.3942768297780165,0.5866373584424839,0.2596883573002979
565,12,51,0.1529890055149474,0.39436283444604453,0.5874163851141733,0.2587116959127314
566,12,53,0.15508234900944814,0.3945755692422558,0.5881955521860903,0.26055191971591135
567,12,55,0.15521124372513853,0.39463407169306003,0.5876487271098053,0.26083462458826084
568,12,57,0.15533650208911812,0.3946139876095906,0.5876487271098053,0.26015612071890304
569,12,59,0.15660876831522266,0.394791429428523,0.5876487271098053,0.26187811144123574
570,12,61,0.15811709065414972,0.39472413737867146,0.5875882382918753,0.26196905509914237
571,12,63,0.15831621200570398,0.39480899153338783,0.586850260021115,0.26142396222632036
572,12,65,0.15875593036565255,0.39479897223805654,0.5873294907030392,0.26150338041807536
573,12,67,0.15761999036290217,0.39488054127526634,0.5869809162239406,0.2609405924312002
574,12,69,0.15737031159283546,0.39489610594763835,0.587041478491981,0.26127659204197334
575,12,71,0.1582340603906127,0.39502107435710737,0.587041478491981,0.2617563020727868
576,12,73,0.1571895349700745,0.39517939017212356,0.587041478491981,0.26136311116541555
577,12,75,0.15761585624188962,0.3952751478837427,0.5871673956455775,0.2623279589873166
578,12,77,0.15739411332945444,0.3952948250796401,0.5871673956455775,0.26231279072498065
579,12,79,0.15840800749636946,0.39538976428659595,0.5863622173022566,0.26230468708260946
580,12,81,0.15883364648495119,0.39549718306488274,0.5865321103208948,0.26211806570829205
581,12,83,0.15883387400350446,0.39558808483761865,0.5865321103208948,0.26212005474921246
582,12,85,0.15933683558325834,0.3955958535997685,0.5865321103208948,0.2610942704317729
583,12,87,0.15956091019849197,0.3957392045183668,0.5865321103208948,0.26019882001246636
584,12,89,0.16000334484019826,0.39577338931905387,0.5865321103208948,0.26088287763505214
585,13,1,0.12896250016238256,0.3848010977485408,0.5663278834891512,0.25950657950114986
586,13,3,0.13853708702852638,0.3849174830093772,0.5663278834891512,0.2612966260540319
587,13,5,0.14208166747826606,0.38516759426892994,0.5679565536558429,0.2631898112692503
588,13,7,0.14407428404360156,0.3852438696915849,0.5679565536558429,0.2645228627966944
589,13,9,0.14509062343189358,0.38535862169084106,0.5679565536558429,0.2638968911765964
590,13,11,0.14545634622183515,0.3853895786559752,0.5679565536558429,0.2644935832812633
591,13,13,0.1469901568885776,0.3854390968554671,0.5674902219478946,0.2643888653774074
592,13,15,0.14767343965529897,0.3856738019215257,0.5674902219478946,0.2637858095983686
593,13,17,0.14841091291541963,0.3860163052316829,0.5674902219478946,0.26344880913875157
594,13,19,0.1496195243160444,0.38627793809711225,0.5677728543420307,0.2637950656264813
595,13,21,0.1512308395961682,0.3864577163575208,0.5676467894493892,0.2636504580854951
596,13,23,0.15304425233651014,0.3865881475642124,0.5681131211573376,0.26501058514184744
597,13,25,0.1551160677286574,0.38665711328632807,0.5689135856272542,0.26579552958726577
598,13,27,0.15690271194753022,0.38677919235350783,0.5689135856272542,0.26611027906376694
599,13,29,0.15712303502897332,0.3868715354839515,0.5689135856272542,0.26627317506335707
600,13,31,0.15587855062713946,0.3868848200552256,0.5687869756047769,0.265377478679244
601,13,33,0.15625926310601668,0.3869858775823562,0.5687869756047769,0.26557781771796285
602,13,35,0.1560562496016249,0.3871029289367939,0.5687869756047769,0.26649200673011125
603,13,37,0.15832491721413552,0.38715877454174386,0.5687869756047769,0.26475995954787784
604,13,39,0.15850881911720635,0.38722947665051055,0.5683206438968286,0.2649455319240764
605,13,41,0.15957399264878736,0.3873699188273342,0.5687869756047769,0.2654226881314777
606,13,43,0.16000180804259387,0.38747749881919125,0.5687869756047769,0.26532873696820786
607,13,45,0.15998845371273376,0.38761029146357007,0.5689135856272542,0.26583838756412803
608,13,47,0.1612623909924559,0.3876304193668986,0.5692551687583539,0.2668323971113164
609,13,49,0.16078859912542343,0.38773822278655423,0.5692551687583539,0.2669079634210459
610,13,51,0.16032169308954106,0.3876762074733591,0.568546573544937,0.26781470962766785
611,13,53,0.16005555959018417,0.38766354976983086,0.5690622425408847,0.267497095497051
612,13,55,0.16119507897962018,0.38759206707141447,0.5690622425408847,0.2655259299146527
613,13,57,0.16120278967374133,0.38769492195545585,0.569294617975863,0.26453215697343924
614,13,59,0.15956938598872314,0.38792003795881735,0.569294617975863,0.2635643414552121
615,13,61,0.15976704514197654,0.3880729718595754,0.5701009357458464,0.26377358636740034
616,13,63,0.16134531009200193,0.38822264381174854,0.5703954083282349,0.2649469609705705
617,13,65,0.1624962684868074,0.3884137430017654,0.5703954083282349,0.26560698243929165
618,13,67,0.16271689027362776,0.38855012276469447,0.5703954083282349,0.2651105693937451
619,13,69,0.16338306933763028,0.38869649164088543,0.5703954083282349,0.2652309463967483
620,13,71,0.16236045026078566,0.3888606778271949,0.5711336554543951,0.26467573564978064
621,13,73,0.16111904716965217,0.3890869481228821,0.5719601782131006,0.2650783975866293
622,13,75,0.1619607159453098,0.38931939544431254,0.5724516342086262,0.26578214119676663
623,13,77,0.16098498030015093,0.3894513269561307,0.5714343364059147,0.2660545855345922
624,13,79,0.16048576550342203,0.3894752639707983,0.5714343364059147,0.2661661885298579
625,13,81,0.159692746118963,0.3895400484975606,0.5715363913383792,0.26627463839802457
626,13,83,0.16013760126093166,0.3896418686838978,0.5715363913383792,0.26648861880012004
627,13,85,0.15985729791373843,0.38982981199033295,0.5727250108564685,0.2663973160325618
628,13,87,0.16078491785339527,0.3899552736677521,0.5732221883118978,0.26564235369588857
629,13,89,0.16029751626213376,0.3901460195993983,0.5732221883118978,0.26558701406433166
630,14,1,0.12849633487349474,0.3798074501198638,0.5580819226095581,0.257360618594016
631,14,3,0.13879508304392027,0.3800026877722152,0.557303635729626,0.258856888017481
632,14,5,0.14221732570479217,0.3801445447510853,0.5560097993236272,0.25813033971219074
633,14,7,0.1449615296644908,0.380147938422724,0.5568189295779412,0.25938048700573774
634,14,9,0.14684443596921964,0.3802401358593107,0.5568189295779412,0.25927318463312066
635,14,11,0.1476408032624899,0.38030915193188675,0.5568189295779412,0.2600773304921648
636,14,13,0.14876667167031996,0.38049264518145726,0.5568189295779412,0.2602851143211347
637,14,15,0.14984709247214112,0.3807766478069963,0.5568189295779412,0.2605706103614908
638,14,17,0.1501238918278923,0.3808759742638087,0.5568189295779412,0.2612468665377189
639,14,19,0.1522266348316818,0.3810814740948864,0.5568189295779412,0.2611260648136889
640,14,21,0.1517987102238543,0.38124174422590207,0.5568189295779412,0.2609396213552519
641,14,23,0.15300355812319183,0.3812790694514353,0.5568189295779412,0.2615791121256101
642,14,25,0.15331575120874505,0.38127289817873156,0.5568189295779412,0.2610542607670485
643,14,27,0.15295545019883477,0.38145804986023074,0.5568189295779412,0.2615571870530485
644,14,29,0.15418702932470704,0.38156210853972944,0.5568189295779412,0.2617181673053775
645,14,31,0.1532455299899089,0.3816074974312908,0.5568775592776404,0.2629043294329144
646,14,33,0.15218003202087024,0.38173258517020414,0.5568775592776404,0.2629403719673567
647,14,35,0.15199886517965533,0.38181253241739344,0.5581739078133213,0.2621933683375545
648,14,37,0.15353351943033364,0.38193255118272657,0.5573782800886284,0.263348482306378
649,14,39,0.15559918369527867,0.38206811844822836,0.5573782800886284,0.26434528170771837
650,14,41,0.1561480410610549,0.3822417514572659,0.5573782800886284,0.26403242380820136
651,14,43,0.15710413230095788,0.38240733432317653,0.558188603828749,0.26439792511458293
652,14,45,0.15831554644128326,0.3824885550024361,0.558188603828749,0.26484274840473765
653,14,47,0.1584561150932513,0.38257667028195963,0.5590839431318699,0.26524667101668437
654,14,49,0.15928487903767893,0.38278898239090087,0.5590839431318699,0.26581890655899354
655,14,51,0.1599317084228957,0.3828602208537206,0.5590839431318699,0.26528757733707903
656,14,53,0.16014985406993218,0.38303721755647935,0.5599749299672345,0.26542084758466783
657,14,55,0.15994333962210625,0.3831669477498826,0.5599749299672345,0.2657165127799222
658,14,57,0.16015134457135902,0.38322846958929724,0.5599749299672345,0.2669792413413961
659,14,59,0.1599289290307584,0.38334793154185304,0.5599749299672345,0.2668971825393269
660,14,61,0.16060557882907317,0.38342617835728315,0.5600185620331748,0.26711683987113594
661,14,63,0.1608255050687129,0.3834777914687411,0.5600185620331748,0.26720710717016516
662,14,65,0.16105266060581477,0.383615464312582,0.5606665976721553,0.26767733648604725
663,14,67,0.16149064374021296,0.3837456819687559,0.5606665976721553,0.26692994445748947
664,14,69,0.1605778348841964,0.38386153369844517,0.5597745381579171,0.26660485013749186
665,14,71,0.16219661251386225,0.38406043474758117,0.5593139771855856,0.268065979355367
666,14,73,0.16290311254005224,0.3841823793353954,0.5592246505909395,0.26715887228630153
667,14,75,0.16289019941246696,0.3842672177881766,0.5592246505909395,0.2682335241210362
668,14,77,0.1654541831322378,0.3843386606125615,0.5592246505909395,0.2677564429857226
669,14,79,0.16502384434388642,0.384416949126138,0.5597202210663069,0.26734955848071396
670,14,81,0.1652498033186615,0.38429714939975695,0.5597202210663069,0.26704231456456606
671,14,83,0.1655295743157402,0.3843319268964543,0.5608542219412301,0.26709053091893104
672,14,85,0.16527856667265883,0.3844125844441343,0.5608542219412301,0.26568174658803745
673,14,87,0.16421910864762004,0.38454673012146945,0.5594786459399478,0.2651304802629876
674,14,89,0.16493891688855492,0.38451098106704784,0.5597392999917348,0.26358158576084
675,15,1,0.12833856774938748,0.38928544943367843,0.5600791323364048,0.2594492362086078
676,15,3,0.1384473056900108,0.3894673372885939,0.5608540877509902,0.2600116958762339
677,15,5,0.142327902992846,0.3896001497133472,0.561905372149692,0.26013696173588335
678,15,7,0.14544126941573005,0.38975342196299617,0.5624602080133988,0.26066510503008505
679,15,9,0.14843065982359877,0.3898324209830396,0.5628056007516242,0.2614162360466234
680,15,11,0.15104869122945117,0.39006157559597915,0.5643120153716997,0.26123109176243975
681,15,13,0.1513451267906545,0.39016882253172086,0.5646525989143732,0.26162631759119465
682,15,15,0.1524729179684381,0.3901982623024699,0.5638892258058632,0.2619619785441555
683,15,17,0.15263457480155762,0.3902545175278034,0.5638892258058632,0.2618521614412791
684,15,19,0.15303519704434118,0.3903283663068477,0.5638892258058632,0.2622672672238209
685,15,21,0.15300814236345348,0.39043785381828666,0.5634124888135038,0.26121690239529755
686,15,23,0.15350686393509538,0.39052073155612205,0.5634124888135038,0.2624973207963931
687,15,25,0.15364614515971708,0.3906488520370836,0.5634124888135038,0.26241000152349503
688,15,27,0.1540845512167186,0.3906854297113406,0.5642748695645164,0.2629496666360678
689,15,29,0.15465206144796412,0.39076768330127976,0.5634124888135038,0.26306544270343263
690,15,31,0.15524241659561322,0.3907632230359091,0.563707292151317,0.26435099894000885
691,15,33,0.15575873086371633,0.390814838498406,0.563707292151317,0.2659676990047746
692,15,35,0.1564549783805532,0.3908951329437363,0.5633596765610613,0.26616316721930094
693,15,37,0.15619102362332896,0.390918569178892,0.5617218979387318,0.2667367730241716
694,15,39,0.15581478026337645,0.39100837829987356,0.5617218979387318,0.2672554250149716
695,15,41,0.15598788419388637,0.3911746834968549,0.5617218979387318,0.2680799235376727
696,15,43,0.15675726928747372,0.3912240996803527,0.5617218979387318,0.26680527987259733
697,15,45,0.15708958096351963,0.39131962328615455,0.5617218979387318,0.2666849545161856
698,15,47,0.15689779070681387,0.39144401651447897,0.5617218979387318,0.2665434616057961
699,15,49,0.15766562077720297,0.39149047209918203,0.5620141177185601,0.2671695982293096
700,15,51,0.15664191413789144,0.3915697977355556,0.5624904424091018,0.2682512690742544
701,15,53,0.15615824997138078,0.3916160706494957,0.5626294251717577,0.2679707759708817
702,15,55,0.15675925801014662,0.39174701440370246,0.5620880539852748,0.26772176341826925
703,15,57,0.1579684759784358,0.3919322959869204,0.5620880539852748,0.26888029159556
704,15,59,0.16100126364768955,0.3920505489794878,0.5622695244546752,0.2691972704727322
705,15,61,0.16006225447389566,0.3922039375724256,0.5622695244546752,0.2689475661353052
706,15,63,0.15985669456808013,0.392301046839765,0.5622695244546752,0.2682893334992394
707,15,65,0.16071028620087602,0.392296570745537,0.5622695244546752,0.26701755032980456
708,15,67,0.16117619877645478,0.3924459820799765,0.5614830855565053,0.26763768450012015
709,15,69,0.16160677664333314,0.3924050826093955,0.5614830855565053,0.26668608687675677
710,15,71,0.161574513624888,0.3925942188784973,0.5614830855565053,0.2657598905957807
711,15,73,0.1611136274975166,0.3928386453741096,0.5614934054223888,0.26639086308002635
712,15,75,0.16296947820140814,0.39302454045610374,0.5617345630437389,0.2670839882999702
713,15,77,0.16255729729276494,0.3932522111691708,0.5622175137045822,0.2668030164039848
714,15,79,0.1628975750417305,0.3932301717220184,0.5622175137045822,0.26612034008099783
715,15,81,0.16192460404503578,0.39325166363179825,0.5614169269125681,0.2669506126898112
716,15,83,0.16213889485864014,0.39332001376256365,0.5603780419788408,0.26641120879716784
717,15,85,0.16507529780199898,0.39344064412196494,0.5603780419788408,0.26682960068655487
718,15,87,0.16717441879387357,0.39361532624911993,0.5603780419788408,0.2663057252875033
719,15,89,0.1674543835036188,0.3937043208044244,0.5603780419788408,0.26726392809431954
720,16,1,0.1256836733014122,0.38239343442501894,0.5693572256170701,0.25866316090488156
721,16,3,0.13405061381147979,0.3824489447895661,0.569473111414999,0.2599382776236305
722,16,5,0.13825392684739826,0.3825146126405012,0.5699262719212198,0.261420057347431
723,16,7,0.14112220863328734,0.38259651107545445,0.5702413607710389,0.2631410375015752
724,16,9,0.14264190236581412,0.3825731498776919,0.5688746871417146,0.2630854295003518
725,16,11,0.1447630259851284,0.38265920274303067,0.5678576630719595,0.2633186854290676
726,16,13,0.14544397749743973,0.3827275841156029,0.5678576630719595,0.2634685769920551
727,16,15,0.14615269821575533,0.3827368933599006,0.5677194867476488,0.2647139995880741
728,16,17,0.14626283103841323,0.3827988337841242,0.5678576630719595,0.26496926417634953
729,16,19,0.1472647791754116,0.38292131578740385,0.5680396016853927,0.2655364326674722
730,16,21,0.14736003871373451,0.3830774367350074,0.5680396016853927,0.2656591593178686
731,16,23,0.14748352065824635,0.38321117043697966,0.567901425361082,0.26559672238133064
732,16,25,0.148999885396062,0.3832829429266242,0.567901425361082,0.26685173168426934
733,16,27,0.14937209840606158,0.3833047142867495,0.5687583891430561,0.2661438963276804
734,16,29,0.1500319807129557,0.38349604059112347,0.5695645022626884,0.26656407358181833
735,16,31,0.15036132921567916,0.3835823468517318,0.5695645022626884,0.2654485513365339
736,16,33,0.1505160608215079,0.3837861206193825,0.5695645022626884,0.2661004468436521
737,16,35,0.15016474137764857,0.3838779402307133,0.5697046033503944,0.26628464682181147
738,16,37,0.14823087070854335,0.38401564480975814,0.5688345705509602,0.26505139676476963
739,16,39,0.148277736404055,0.38418945699102286,0.5688345705509602,0.26510990934764245
740,16,41,0.14907805260043056,0.38432279665225766,0.5688345705509602,0.2645950240793254
741,16,43,0.14931470111373307,0.3844911534687783,0.5688345705509602,0.2649968441203446
742,16,45,0.14937715867714327,0.38459130206155273,0.5696387439377529,0.26479893061713905
743,16,47,0.1492000580618984,0.3847225748507355,0.5696387439377529,0.2646262110563696
744,16,49,0.14935047299337195,0.38485049262377874,0.5696387439377529,0.26372697495877884
745,16,51,0.1504861956661809,0.384986676536977,0.570442953127285,0.2647978222755151
746,16,53,0.15168132359859035,0.38512649760236517,0.570442953127285,0.26528176114464636
747,16,55,0.15253291129575658,0.3853243324334695,0.570442953127285,0.26420477405739234
748,16,57,0.1527126253391307,0.3854179799043022,0.570442953127285,0.2642768359546719
749,16,59,0.1544021376356075,0.3855550464585043,0.570442953127285,0.2637484171270438
750,16,61,0.15632410563940238,0.3856637489179663,0.570442953127285,0.2635996856298433
751,16,63,0.15778789408432445,0.3857068026696545,0.5715180610003756,0.2641825742531621
752,16,65,0.15822422589289262,0.3858720263872945,0.5714567343322955,0.2642934225086085
753,16,67,0.15980264874274347,0.38598465685719646,0.5717642938767432,0.2649382018412285
754,16,69,0.1584075773182558,0.38599876926761184,0.5708938278094742,0.26504243112040043
755,16,71,0.15954070000635667,0.38610078384599406,0.5708938278094742,0.26598253340316885
756,16,73,0.1597488601238432,0.38612398964354216,0.5693705052176743,0.2661296011569549
757,16,75,0.1590357325163481,0.38605329594852045,0.5685935664645668,0.2665412856629526
758,16,77,0.1621012557920948,0.38605824570927344,0.568102771088901,0.26676115763656333
759,16,79,0.16086869922765304,0.38618753188185917,0.5684098969655544,0.2660795932319096
760,16,81,0.1608806477814718,0.38637467944540976,0.5684098969655544,0.26571470202771474
761,16,83,0.1623240166130285,0.3864312008247843,0.568509897835795,0.2649801030108686
762,16,85,0.16384403208063433,0.3865387673935715,0.567619062135954,0.2654103670287142
763,16,87,0.1643542864624313,0.3865886703290816,0.5683614937427388,0.26537860367667043
764,16,89,0.16402360087101409,0.3866314460517568,0.568304077830524,0.26719227384532196
765,17,1,0.12833218036064492,0.384907439561551,0.5639897753315914,0.2603412220685208
766,17,3,0.13705099278246788,0.38508582396772617,0.5630162544999292,0.2608703711697318
767,17,5,0.14124682514895615,0.3851514211335614,0.5655063388881871,0.26147422658601077
768,17,7,0.14366187207506434,0.38524898150696213,0.5646458825932564,0.26145000238559174
769,17,9,0.144523700493081,0.38535028114770203,0.5646458825932564,0.26186778174293607
770,17,11,0.14438171828622587,0.38536969910442936,0.5637816533915279,0.2648934933866388
771,17,13,0.14600820194751157,0.3853883963447228,0.5637816533915279,0.26564463492784485
772,17,15,0.1468416003181448,0.3854732255717369,0.5646458825932564,0.26435649392567306
773,17,17,0.14664129816692587,0.38562527408277925,0.5646458825932564,0.264697736135042
774,17,19,0.14618603192699323,0.38589833464283496,0.5655063388881871,0.2656852212676459
775,17,21,0.1475105962062845,0.3860789624852085,0.5655063388881871,0.26663117416849974
776,17,23,0.1483343776130408,0.3861605468950072,0.5663630767051269,0.2664514353490375
777,17,25,0.15035226129702264,0.38633748497078757,0.5670495175520743,0.26625011713799607
778,17,27,0.15098424424587406,0.3863909409546764,0.5661973480322194,0.26634787751762035
779,17,29,0.15183667444033172,0.3865320091434796,0.5661973480322194,0.26606213630746384
780,17,31,0.15178446804175744,0.38664017107405313,0.5661973480322194,0.26615752789569797
781,17,33,0.15212443890758945,0.38674765008737666,0.5653415074561429,0.26610799047887634
782,17,35,0.15108174641909758,0.38686782209826953,0.5646458825932564,0.2656310335481605
783,17,37,0.1514240664891848,0.3870068319782208,0.5646458825932564,0.26501484826614985
784,17,39,0.1506452015390926,0.3870847694217417,0.5646458825932564,0.2645560771867939
785,17,41,0.15163595897017235,0.3871075350463789,0.5637816533915279,0.2650447444511859
786,17,43,0.15195667465135937,0.38722063339315327,0.5637816533915279,0.2659534704120153
787,17,45,0.15224638181266886,0.3873690852201022,0.5637816533915279,0.2648246253018987
788,17,47,0.15334401344623058,0.3875081230720781,0.5637816533915279,0.26415429584131667
789,17,49,0.15291892994369038,0.38759710255180685,0.5630162544999292,0.26466702315687807
790,17,51,0.15253874376444032,0.3876262172199925,0.5630162544999292,0.2647548813351957
791,17,53,0.1519992209707313,0.38766239295510146,0.5622673671992182,0.26398046324498375
792,17,55,0.15234320583897132,0.38780871467351247,0.5622673671992182,0.26507021350856935
793,17,57,0.1528505499113062,0.3878844914570269,0.5622673671992182,0.2651699463240434
794,17,59,0.15431219886544786,0.3879569788248186,0.5622673671992182,0.26519059685387547
795,17,61,0.15484624841402048,0.3880691509630569,0.5622673671992182,0.2657517041534448
796,17,63,0.15544819569093132,0.3881913074366152,0.5615465782126942,0.2663078805844171
797,17,65,0.15531504003422986,0.3883119427419407,0.5615465782126942,0.26729816206239326
798,17,67,0.15495515281339642,0.38837919240321606,0.561442929954062,0.26718725533314375
799,17,69,0.15533427982320208,0.3884989429725632,0.561442929954062,0.2673898180762249
800,17,71,0.15555923419905443,0.38858925204188755,0.561442929954062,0.268634232436456
801,17,73,0.15867308274052247,0.3887812617639134,0.5622366058278911,0.26912055976800003
802,17,75,0.15976530052795926,0.38894498384311615,0.5622366058278911,0.2686484200373139
803,17,77,0.16136768516663502,0.38904406095792526,0.5630302452668497,0.2691781477359684
804,17,79,0.16157278544830694,0.38918828661186206,0.5630302452668497,0.2692434178571141
805,17,81,0.16130436239602156,0.38931100015429854,0.5630302452668497,0.26951276315085876
806,17,83,0.16153332363533615,0.3894027242881227,0.5632620271808286,0.26780764368513604
807,17,85,0.16105018199062646,0.38967335111894147,0.5634962183844043,0.2670591143931385
808,17,87,0.16038883045114452,0.3898133237156272,0.5638673525938326,0.2670906728667496
809,17,89,0.1594602595305948,0.389865299231472,0.5638673525938326,0.26670501625446147
810,18,1,0.12910154599137819,0.3892513905951415,0.5717222458294833,0.2610983175768806
811,18,3,0.1386177470211933,0.3895613688347853,0.5724100415904222,0.2623154241046988
812,18,5,0.1418224972205485,0.3896625224431952,0.5727490493738996,0.26447000875277177
813,18,7,0.14410379757089903,0.38965667075498905,0.5727490493738996,0.2666629865859234
814,18,9,0.14688770565262765,0.3898945644714737,0.5727490493738996,0.26684197390041403
815,18,11,0.14729071671280586,0.38994398699767047,0.5715310835163122,0.26711088400965105
816,18,13,0.14806063420288762,0.3899663060458955,0.5704876937113371,0.26751064654817147
817,18,15,0.14850140619551636,0.39002420007396316,0.5704876937113371,0.26843535405387126
818,18,17,0.15077264122219416,0.3900448549185393,0.5704876937113371,0.2676704451236046
819,18,19,0.1512416908846444,0.3901321616479974,0.5709529846160526,0.26819622755623823
820,18,21,0.15172786179021766,0.3902282605103183,0.5709529846160526,0.2683420913247588
821,18,23,0.15316571695507003,0.3903887418802912,0.5703726342040415,0.26863635281079673
822,18,25,0.15396833726368359,0.3905970369428219,0.5703726342040415,0.26876662552426883
823,18,27,0.1546913292287675,0.39072953220724943,0.5703726342040415,0.2682604058532772
824,18,29,0.1550399111630207,0.39083723638811846,0.5703726342040415,0.2684577858062148
825,18,31,0.1549977131862906,0.3909657591733408,0.5703726342040415,0.26844401686611036
826,18,33,0.15496918660184766,0.3910819926713135,0.5703726342040415,0.2705322323935659
827,18,35,0.15610459243056574,0.39116748686583785,0.5703726342040415,0.270518175063378
828,18,37,0.15647787269052688,0.39127491844452356,0.5703726342040415,0.2706370616145302
829,18,39,0.15765722957333958,0.39133238746527665,0.5696759353458056,0.27150216023452567
830,18,41,0.15704939756322364,0.3913657119372253,0.5696759353458056,0.27195339288185977
831,18,43,0.15860190558107792,0.3915382694597714,0.5695660901544396,0.2733397079132463
832,18,45,0.15757148948130753,0.3916682462818336,0.5695660901544396,0.2731636530116523
833,18,47,0.15795031289808942,0.39181468693371785,0.5702134567678845,0.2733070572302952
834,18,49,0.15752309911611292,0.39188122844208256,0.5702134567678845,0.2720303346275211
835,18,51,0.15876229708959347,0.3921099675392841,0.56991991882424,0.27143675683793217
836,18,53,0.1581131823126493,0.3920791184259378,0.5690493838703446,0.2716549450523555
837,18,55,0.15842832897169545,0.39218055075881625,0.5690493838703446,0.27126406427466965
838,18,57,0.15944459245406753,0.39230465012554305,0.5690493838703446,0.27186601147262063
839,18,59,0.15858734906262478,0.3923171099211066,0.5690493838703446,0.2711501399843034
840,18,61,0.15848198391850993,0.39246110366384473,0.5690493838703446,0.2721978626900003
841,18,63,0.15788072878149564,0.3926182046052924,0.5695159923715323,0.27134485892723187
842,18,65,0.1582523356940973,0.3926140566002591,0.5699845139494514,0.2695461066236423
843,18,67,0.15948919099815623,0.3927276542972383,0.5704549722195476,0.2702327218956762
844,18,69,0.15946379087542845,0.39280360694387645,0.5704549722195476,0.26986562591093444
845,18,71,0.1600407991135578,0.393081201389192,0.5704549722195476,0.2705772682927327
846,18,73,0.16152236090688948,0.3932418956985044,0.5697375594560291,0.27013181396413616
847,18,75,0.16151307768799608,0.39328845477234553,0.5697375594560291,0.2701163305407115
848,18,77,0.16224079291200072,0.3933871139685904,0.5687058265971382,0.2704991746242302
849,18,79,0.16238602710077693,0.39352743894066194,0.5687058265971382,0.2715063346878865
850,18,81,0.16333310186289848,0.393650912390632,0.5687058265971382,0.2718735526892583
851,18,83,0.16162245332084954,0.39382301641354356,0.5687058265971382,0.271297844477844
852,18,85,0.16275641581123823,0.3939551650568462,0.5696477712549076,0.27142436081340915
853,18,87,0.16348378885584583,0.39402867425405036,0.5696477712549076,0.27194721998998
854,18,89,0.16546033340586033,0.3941515731234824,0.5697296822669626,0.27144584287552315
855,19,1,0.1280778082657306,0.37789818442564277,0.5592285869404469,0.25862187078772725
856,19,3,0.1375644409631464,0.37795860893057337,0.557680146010779,0.2597444540249958
857,19,5,0.14157606859156766,0.37809779458290593,0.558668517204317,0.2607082533200773
858,19,7,0.14385905267466606,0.37820291724671007,0.5583284405614106,0.26224802212462234
859,19,9,0.14461757482404458,0.37827471943301655,0.5583284405614106,0.26140749940390634
860,19,11,0.14533927558557375,0.37843828249532047,0.5576025434861022,0.2607669229935826
861,19,13,0.14688999132518937,0.37841455451271605,0.5576025434861022,0.26028153118989983
862,19,15,0.14745244382968464,0.3786215347944779,0.5567229842049054,0.2600690024728724
863,19,17,0.14855921252892568,0.37881701923175326,0.5567229842049054,0.25953617042468363
864,19,19,0.14941361938861894,0.3790047335775259,0.5575281511169746,0.2611065473395006
865,19,21,0.15051155668730704,0.37906928445238913,0.5570602548241915,0.26103560207060944
866,19,23,0.15062944429563305,0.3792223172414645,0.5570602548241915,0.2599405138321519
867,19,25,0.1515846326026728,0.37936039391658527,0.5570602548241915,0.261136618708604
868,19,27,0.15046056697601204,0.37946032070090874,0.5579412305877834,0.2610590330367252
869,19,29,0.15156199605207088,0.37952345806911775,0.5571261779943895,0.2616627499883751
870,19,31,0.15154724802966654,0.37961668870341014,0.5571261779943895,0.2618538401362769
871,19,33,0.15274397848345414,0.3795533854284608,0.5571261779943895,0.26238518720534587
872,19,35,0.15241562835346315,0.37945288861356613,0.5578815162047868,0.2621938395388522
873,19,37,0.1527443758393346,0.37948820076529266,0.5578815162047868,0.2614871515963586
874,19,39,0.15278743640995654,0.37958828878629486,0.5578815162047868,0.26123525827922106
875,19,41,0.15326946154843304,0.37964885788050046,0.5586941812250367,0.2605982833224852
876,19,43,0.1539708156691262,0.3797111094659463,0.558716874334233,0.26071291021542536
877,19,45,0.15411122574751315,0.37987358818735284,0.5591869434725731,0.2603406057128498
878,19,47,0.1544017316369596,0.37986466160623966,0.5584541988383481,0.26068433500269766
879,19,49,0.15421685683877895,0.3798906836167969,0.5584541988383481,0.2594753498344247
880,19,51,0.1538671171672942,0.3799219144995867,0.5584541988383481,0.25966865625394436
881,19,53,0.1532792845280941,0.3799857062366603,0.5584541988383481,0.2595444993577921
882,19,55,0.15413953438601843,0.38016821002176215,0.5584541988383481,0.2605001606806324
883,19,57,0.1539574536052062,0.3802606862004098,0.5581116701489333,0.2600176571404585
884,19,59,0.15467616040340312,0.38044360943778593,0.5581116701489333,0.2596524795429653
885,19,61,0.15431990826796346,0.3806409522380841,0.5584014061026286,0.25945334056205943
886,19,63,0.1563339099705228,0.3808407432280688,0.5585432022498293,0.26103962314167084
887,19,65,0.15732227915669292,0.3809644329960431,0.5593588161015646,0.2619675326419458
888,19,67,0.15653182070864685,0.38111253638037484,0.5597864657522654,0.2624288959117647
889,19,69,0.15647335337933516,0.3812686777058641,0.5597864657522654,0.26293726321181615
890,19,71,0.1566506235986631,0.38139343311866963,0.5602636223337699,0.2627186284471173
891,19,73,0.15448147977990656,0.38167638148793026,0.561303404679634,0.26213181678598063
892,19,75,0.1542161624459324,0.3818269650721131,0.5603987049873224,0.2628793045060446
893,19,77,0.1563097992370059,0.38200869997251113,0.5603987049873224,0.2635225311985821
894,19,79,0.15403947514774452,0.38225026667399226,0.5617008849345692,0.2626650338394227
895,19,81,0.15436903523287257,0.3824484590790318,0.5617008849345692,0.2624865989553586
896,19,83,0.15443714053980195,0.3827337961740311,0.5617008849345692,0.26298777849701355
897,19,85,0.1545228940624981,0.3828511906569914,0.5617008849345692,0.26411873525423263
898,19,87,0.15645912323148067,0.38307949521377244,0.5625230309013012,0.2647743826405531
899,19,89,0.156456073252687,0.3832678011642607,0.5625230309013012,0.26543737069084494
